x0,x1,x2,x3,x4,x5,x6,x7,x8,x9,x10,x11,x12,x13,x14,x15,x16,x17,x18,x19,x20,y0,y1,y2,y3,y4,y5,y6,y7,y8,y9,y10,y11,y12,y13,y14,y15,y16,y17,y18,y19,y20,z0,z1,z2,z3,z4,z5,z6,z7,z8,z9,z10,z11,z12,z13,z14,z15,z16,z17,z18,z19,z20,etiqueta
0.5281136,0.53115404,1.185297e-09,0.46023044,0.5278432,-0.044769853,0.3979409,0.45046628,-0.055393822,0.37786818,0.36325297,-0.061831474,0.3822952,0.30377382,-0.06274159,0.42589512,0.3676397,0.00028106812,0.41792446,0.3168999,-0.013602986,0.42927903,0.3805546,-0.01401407,0.43750888,0.40314773,-0.014404906,0.4706369,0.36275047,0.007348902,0.46080172,0.32079408,-0.025244098,0.4683925,0.4096222,-0.03777089,0.4728892,0.42089185,-0.034807697,0.509961,0.3657285,0.006876296,0.50537413,0.3318337,-0.02978956,0.50438863,0.4123752,-0.0392623,0.5068991,0.42406029,-0.03300355,0.55025107,0.3681158,0.0021501835,0.54436606,0.34690022,-0.01951769,0.5408629,0.40481,-0.02555028,0.54212135,0.41772813,-0.02258175,A
0.3828274,0.6472793,-1.4257272e-09,0.31794706,0.6369239,-0.03553674,0.25961939,0.56152517,-0.04680107,0.23999049,0.4822635,-0.05626868,0.24340262,0.4253716,-0.059886307,0.28654402,0.4823718,-0.00011511362,0.2692222,0.43675634,-0.01612528,0.2841586,0.49984902,-0.017230634,0.29627976,0.5185506,-0.017758593,0.3271991,0.47346562,0.00084435823,0.3066875,0.43724576,-0.03298891,0.32166508,0.5226215,-0.043645337,0.33264738,0.5279328,-0.039743904,0.3641313,0.47288588,-0.004902235,0.34884328,0.44360593,-0.039974205,0.3549496,0.52173114,-0.044434343,0.36556804,0.5287954,-0.035919312,0.40308893,0.47143114,-0.014521914,0.38671675,0.4511162,-0.032235086,0.38751844,0.5063311,-0.033847142,0.39658177,0.51521736,-0.028908037,A
0.3154883,0.39598954,-2.0597914e-09,0.2568483,0.4115078,-0.034312848,0.19098453,0.35238373,-0.043307588,0.16566122,0.2764727,-0.05018711,0.16891989,0.22621483,-0.05244689,0.20836373,0.27565938,0.00027202984,0.19343495,0.22667766,-0.011313415,0.2106455,0.27671796,-0.009451046,0.22314861,0.3021535,-0.007715958,0.24643447,0.25933927,0.0035662127,0.23071843,0.21760625,-0.023349663,0.2487945,0.29135218,-0.03126882,0.25894746,0.30748302,-0.026287839,0.28222483,0.25134462,0.0008103601,0.27034637,0.21586818,-0.028436812,0.28144377,0.28625956,-0.032581516,0.291003,0.30347535,-0.024581056,0.32156485,0.24375163,-0.005653798,0.30896834,0.21637188,-0.021506967,0.3146687,0.26619837,-0.023295786,0.32260272,0.28225273,-0.018218378,A
0.49037027,0.36333644,2.1829419e-10,0.42739186,0.35805947,-0.031866223,0.37112147,0.28334165,-0.043131392,0.3557094,0.20246166,-0.053430974,0.36179608,0.14903107,-0.059705053,0.40061677,0.21539553,-0.0026974054,0.39667675,0.1590668,-0.017353294,0.4064609,0.21454732,-0.018110227,0.41274545,0.24713358,-0.018157437,0.44154185,0.2085438,-0.0020390109,0.43734983,0.15705366,-0.032265294,0.44352588,0.23343332,-0.043436747,0.44784042,0.25866178,-0.0414265,0.47914585,0.21049368,-0.0067680115,0.4761837,0.16965196,-0.037708554,0.47653022,0.24185613,-0.04325855,0.47932017,0.26732388,-0.036906607,0.51791036,0.21576415,-0.015014826,0.51074064,0.18467438,-0.031818114,0.5078875,0.23471588,-0.0341755,0.51017845,0.25637138,-0.03023335,A
0.68964946,0.35411727,1.1816512e-09,0.63223475,0.33383274,-0.02638045,0.59087265,0.25327745,-0.03551198,0.5870969,0.17606762,-0.044646572,0.6002427,0.12846783,-0.050877344,0.6239429,0.19997898,0.0030003143,0.631052,0.1433984,-0.008788582,0.6342087,0.19098994,-0.010181498,0.63276905,0.2255605,-0.01093472,0.6626513,0.20317872,0.0029498811,0.6675359,0.15407488,-0.022902552,0.66408527,0.22101115,-0.034971964,0.6611889,0.25117102,-0.034900133,0.6975119,0.21362773,-0.001607465,0.70268846,0.17570025,-0.02846983,0.6942132,0.23935588,-0.035972543,0.68935645,0.2706636,-0.032375038,0.7318428,0.2279446,-0.009202188,0.73458827,0.1993397,-0.024080742,0.7246517,0.24444136,-0.027285334,0.7187232,0.27083984,-0.024806762,A
0.5112429,0.6745091,-2.6638258e-10,0.45913514,0.66742295,-0.03446373,0.4079268,0.60051537,-0.043855306,0.38987407,0.53065526,-0.0505845,0.39203173,0.48392102,-0.05325142,0.43046486,0.5360231,-0.0018545744,0.42511696,0.49256936,-0.013337386,0.433988,0.5400098,-0.013839234,0.44069272,0.56308573,-0.014132419,0.4657621,0.5326829,0.0030964273,0.4591892,0.49999714,-0.021577906,0.46581045,0.5678861,-0.03129807,0.47040856,0.57902026,-0.02952541,0.497861,0.53543824,0.00249706,0.4950124,0.5092553,-0.0240179,0.49418998,0.572421,-0.030050041,0.49599493,0.58471394,-0.025201809,0.53136176,0.53856444,-0.0017568521,0.52678704,0.51994085,-0.016070036,0.52399486,0.56535083,-0.018950388,0.5251517,0.5776325,-0.015947552,A
0.42427084,0.60629475,-4.926647e-10,0.36475578,0.6000838,-0.034936942,0.30910727,0.5265603,-0.045997575,0.2928158,0.44869968,-0.054587387,0.2998385,0.39699498,-0.058586705,0.33593833,0.45824397,-0.0071845655,0.32489273,0.41187313,-0.021284247,0.33409104,0.4688825,-0.021425415,0.34250972,0.49195462,-0.021517158,0.37566286,0.45383266,-0.004646329,0.3650214,0.417422,-0.03426414,0.3714477,0.49322215,-0.043250553,0.3776038,0.5049216,-0.03990241,0.41181093,0.45833647,-0.007707605,0.40514618,0.4285066,-0.038600087,0.40345526,0.4974814,-0.042824004,0.40786687,0.51031107,-0.035661604,0.44923428,0.46368644,-0.014342231,0.4413657,0.44327343,-0.031467963,0.43636185,0.49241567,-0.033585083,0.4388098,0.5047337,-0.029394062,A
0.43747184,0.46974796,-3.6955694e-10,0.37788802,0.47028232,-0.029792499,0.31688938,0.40779155,-0.042013198,0.29479843,0.33352852,-0.05389137,0.29978415,0.27767107,-0.062142182,0.33531815,0.3398108,-0.00659191,0.32427126,0.2886461,-0.021878403,0.33775848,0.3379689,-0.022915868,0.347617,0.36907202,-0.023468189,0.3737643,0.3282438,-0.0073010437,0.3650897,0.28857356,-0.036835052,0.37709463,0.35802048,-0.04702615,0.38289833,0.37824172,-0.04535292,0.4107944,0.32572287,-0.012835172,0.40605703,0.29696745,-0.042909797,0.4111224,0.36298624,-0.0478629,0.4143999,0.38244966,-0.04228371,0.44985494,0.32702702,-0.021697706,0.4429822,0.30993646,-0.038342595,0.44378906,0.35765725,-0.040457442,0.4464045,0.37374687,-0.036890928,A
0.52038515,0.37420982,1.5154289e-09,0.4618556,0.37081537,-0.02392602,0.4071018,0.30477425,-0.032893747,0.3889769,0.2315969,-0.04314896,0.39362746,0.18110792,-0.050524205,0.431265,0.249582,0.009521018,0.4248391,0.19170295,-0.0006837502,0.43494752,0.23079294,-0.0021659974,0.44167358,0.26431987,-0.0034075736,0.46568984,0.23987523,0.008190732,0.4593106,0.19306102,-0.014010807,0.46756384,0.2525967,-0.027034935,0.4725253,0.2788072,-0.02884022,0.49846718,0.23730184,0.002332765,0.4938552,0.20151787,-0.020794084,0.49624643,0.26205298,-0.029458657,0.49764648,0.28920496,-0.028040288,0.5318203,0.24041554,-0.0065946644,0.5243966,0.21583746,-0.018178154,0.5236972,0.26002556,-0.021194983,0.5256452,0.28305864,-0.01965858,A
0.61847645,0.50939035,-6.2463323e-10,0.56647515,0.4847693,-0.028211912,0.52549493,0.41268188,-0.036097392,0.5146889,0.34510428,-0.042489998,0.5193609,0.30341455,-0.044854082,0.5591348,0.35038155,0.005351133,0.5613102,0.30397686,-0.0035977948,0.56182474,0.34922826,-0.0033097663,0.56323665,0.3763727,-0.00297708,0.5933088,0.35676086,0.008069653,0.59035754,0.31521088,-0.013033646,0.58553326,0.37803945,-0.02246069,0.5870895,0.3951132,-0.021320518,0.6237127,0.36866352,0.0058733155,0.6217645,0.33312008,-0.016838731,0.6110616,0.39139953,-0.0222071,0.6096306,0.409592,-0.017991383,0.65393084,0.38249227,0.0004225064,0.64894146,0.35681105,-0.010670824,0.6382608,0.39896202,-0.012009292,0.63656247,0.4176897,-0.008804398,A
0.62519515,0.44546488,1.5410575e-09,0.5175874,0.4174739,-0.05191522,0.43007576,0.27409312,-0.07088777,0.4149413,0.13126212,-0.08961937,0.43784186,0.040300235,-0.10153102,0.48002997,0.1624023,0.00096975564,0.4763894,0.07213518,-0.025499262,0.4879364,0.17931442,-0.028770208,0.49326766,0.2303446,-0.031105295,0.55058295,0.15807615,-0.0014999923,0.5443276,0.08084646,-0.05603839,0.5457798,0.2203624,-0.07738092,0.5476044,0.25542027,-0.07563837,0.6164882,0.16999058,-0.013440719,0.6137756,0.11225539,-0.06903742,0.6059866,0.244164,-0.07988421,0.60700303,0.28054392,-0.069975905,0.6860771,0.18603589,-0.031283632,0.6802359,0.14596534,-0.060716607,0.6677857,0.24026346,-0.065231144,0.66563714,0.27054578,-0.05924315,A
0.58851844,0.7978691,-5.6338934e-10,0.49735695,0.745048,-0.053050183,0.41398054,0.6174276,-0.07926132,0.38766152,0.5003453,-0.10323259,0.40044576,0.41917083,-0.11998095,0.49087468,0.46950042,-0.028984671,0.4711938,0.4256627,-0.06125711,0.47243804,0.52978486,-0.067708254,0.48200402,0.5729899,-0.07138837,0.5583948,0.46949667,-0.030864373,0.5379007,0.45750043,-0.087716386,0.5341904,0.5882141,-0.102798976,0.54020154,0.6037197,-0.099745445,0.62247694,0.48974258,-0.04037947,0.6049793,0.4873293,-0.09364745,0.5930471,0.6032003,-0.096268885,0.5959188,0.6159439,-0.08501993,0.6882279,0.5200935,-0.056186162,0.67088485,0.51180273,-0.083709165,0.6535728,0.5941437,-0.08465701,0.6517709,0.6067106,-0.07845781,A
0.73542905,0.465913,-5.57947e-09,0.6213785,0.4207809,-0.037058074,0.5210222,0.28281242,-0.06366419,0.49312812,0.15070687,-0.09479663,0.5195138,0.06259893,-0.12051746,0.58413136,0.14283371,-0.019977883,0.5722102,0.039299667,-0.054787368,0.57514954,0.13674262,-0.05938859,0.5822855,0.21338907,-0.06090467,0.6563487,0.13986321,-0.03517946,0.6475918,0.05266513,-0.09869482,0.64174855,0.1890527,-0.11682192,0.64394116,0.25177193,-0.11317644,0.7288778,0.15472507,-0.055954408,0.72883767,0.09433444,-0.11073872,0.713567,0.22740105,-0.11021759,0.70807946,0.28760344,-0.095832,0.803977,0.18321796,-0.08282502,0.80023384,0.13544708,-0.10952781,0.7780261,0.23226126,-0.10547652,0.7664463,0.28274724,-0.09525875,A
0.58398026,0.49910617,-2.0023072e-09,0.47370273,0.50278586,-0.064980514,0.36453927,0.36525574,-0.08409092,0.3315122,0.21295531,-0.098953515,0.34106606,0.11381534,-0.104813404,0.41114086,0.23025276,-0.0062255827,0.38758197,0.1326019,-0.033645578,0.40728512,0.24633336,-0.032399688,0.42365503,0.29854375,-0.03075999,0.4839204,0.21445802,-0.0026274067,0.45532662,0.13304868,-0.06136963,0.4710071,0.28232798,-0.07865415,0.48490447,0.3106161,-0.07060077,0.5514493,0.2150416,-0.01027115,0.53247315,0.15132318,-0.072124995,0.5374055,0.29221013,-0.07983117,0.5501276,0.32145593,-0.063790254,0.6257263,0.21497676,-0.024706304,0.6062381,0.1686785,-0.058960598,0.60457516,0.26840383,-0.0624648,0.6141139,0.29505768,-0.05255988,A
0.46863326,0.54191285,-1.7199836e-09,0.34942815,0.5467773,-0.047529947,0.23564391,0.42686713,-0.06513541,0.19810027,0.2860713,-0.083895005,0.1984455,0.18642291,-0.09506568,0.26625144,0.30106533,0.0053510987,0.23541327,0.21716166,-0.018055135,0.26046267,0.31773582,-0.01763123,0.2793522,0.37211794,-0.017588546,0.33702022,0.2717544,-4.4520417e-05,0.3033058,0.20616165,-0.05262606,0.32616678,0.33862898,-0.07058435,0.3434392,0.37232625,-0.0664768,0.40699664,0.26046148,-0.014138435,0.38119605,0.21348022,-0.06677582,0.3944729,0.34362385,-0.07189176,0.40911868,0.3758342,-0.058588635,0.48432285,0.25443846,-0.034253776,0.45423806,0.22430691,-0.059527054,0.4593005,0.3146949,-0.058859948,0.47345585,0.33897045,-0.049415078,A
0.39375374,0.77642375,-3.5432624e-09,0.28915054,0.7575564,-0.04776067,0.18585178,0.63593125,-0.06743267,0.14928885,0.509894,-0.086165495,0.15294416,0.41577893,-0.0959729,0.23778148,0.49616286,-0.011543915,0.19207692,0.43073252,-0.03279142,0.21975014,0.54372776,-0.02864825,0.24597304,0.58799917,-0.026239293,0.303111,0.47437957,-0.013922052,0.2576856,0.44087344,-0.06326243,0.2876414,0.57439107,-0.0749791,0.3115631,0.5896134,-0.06780316,0.36661738,0.47039658,-0.023745907,0.32794088,0.45042866,-0.07206947,0.34616125,0.5729437,-0.07396224,0.3664212,0.5874732,-0.060315426,0.43569437,0.46859163,-0.03878877,0.39523315,0.45497704,-0.060060706,0.4028942,0.54119503,-0.058404934,0.42073524,0.5534094,-0.049653474,A
0.5964028,0.80407184,-7.701862e-09,0.4893598,0.75908303,-0.027757796,0.39652798,0.66143876,-0.047900222,0.35940123,0.5596362,-0.0714089,0.35142934,0.48744917,-0.08813517,0.44641736,0.5210078,-0.013725788,0.39686313,0.4580729,-0.03767821,0.40128952,0.5475697,-0.036787678,0.41694093,0.6070239,-0.03516352,0.50947124,0.5091052,-0.026202984,0.46727723,0.48168197,-0.07229993,0.4819736,0.5972119,-0.08130699,0.5027443,0.62567544,-0.07451254,0.5719737,0.5147324,-0.043366797,0.5340625,0.49473584,-0.08415945,0.54080266,0.6006759,-0.07854194,0.5572564,0.6255663,-0.063700415,0.6387487,0.5292619,-0.06503205,0.60176504,0.500399,-0.081268094,0.6010871,0.5737876,-0.07357655,0.61427575,0.5949024,-0.062374152,A
0.71942604,0.576724,1.1398927e-09,0.6258098,0.51922125,-0.055938452,0.5604565,0.40218213,-0.075471304,0.54103124,0.2738928,-0.0953952,0.5382585,0.17898855,-0.10976476,0.58904034,0.28054446,0.02046951,0.593695,0.17186394,-0.0027381035,0.6131143,0.2416449,-0.0135916555,0.6233016,0.29689083,-0.02064607,0.65102607,0.2643203,0.022897022,0.66225404,0.14689878,-0.030456046,0.6730456,0.25291833,-0.06891012,0.67379093,0.31232163,-0.07936098,0.70724946,0.2626231,0.01449429,0.71988916,0.15062937,-0.04237709,0.71901155,0.24882574,-0.07512175,0.71625066,0.31528273,-0.08059436,0.7646771,0.2730353,0.00034139128,0.7714692,0.18721063,-0.032649398,0.76681876,0.25018448,-0.051734824,0.7620786,0.30323178,-0.05757205,A
0.7529044,0.7377395,4.3038978e-10,0.66725963,0.65592027,-0.037674896,0.6083338,0.55486643,-0.05292624,0.58926666,0.42881894,-0.07189129,0.6001149,0.34707615,-0.084572695,0.65170115,0.43162966,0.028614074,0.66047126,0.3211113,0.005108214,0.66887873,0.3992728,-0.0015583418,0.6698049,0.45666164,-0.0052923555,0.71019727,0.41835928,0.021339204,0.7218315,0.30610126,-0.037149876,0.72179353,0.42918873,-0.068447836,0.71720064,0.48203844,-0.07153114,0.7634049,0.42077607,0.004562523,0.7765441,0.30782682,-0.06004524,0.766099,0.41711253,-0.087231055,0.7566476,0.48016152,-0.085379794,0.8189373,0.437895,-0.015554554,0.82902724,0.34779972,-0.050443873,0.81650853,0.41384053,-0.06640822,0.80486965,0.46802184,-0.06908707,A
0.6813562,0.7082871,8.657045e-11,0.5961553,0.64651895,-0.030873599,0.5300937,0.52950555,-0.041353837,0.5076064,0.4237217,-0.05599083,0.50779927,0.34696704,-0.06687621,0.5731711,0.4279329,0.028776547,0.5633348,0.33084852,0.020689119,0.5694581,0.36993325,0.017895427,0.57698834,0.4204121,0.016007658,0.6292436,0.4029648,0.025731176,0.6210091,0.30604354,0.0036153623,0.6258612,0.3759199,-0.019230545,0.6367271,0.43418416,-0.026535673,0.6836783,0.3932058,0.015452459,0.6824488,0.30791283,-0.005898046,0.6792227,0.36902875,-0.025387026,0.6846608,0.4208882,-0.032441538,0.7431251,0.3996502,0.00022049478,0.7427097,0.3344162,-0.008272417,0.73383296,0.37340155,-0.017417856,0.73310316,0.41261703,-0.021604676,A
0.434912,0.79146075,-5.6451115e-09,0.35320073,0.736148,-0.015177317,0.29970306,0.62158495,-0.02600063,0.28377533,0.51455015,-0.042380575,0.27907622,0.43408072,-0.054045916,0.33836773,0.5167948,0.014897906,0.3243697,0.42358923,8.220309e-05,0.32143718,0.49709058,0.0023267723,0.3346512,0.55179834,0.0051775225,0.387344,0.5060526,0.00085857377,0.37652946,0.40926772,-0.040583055,0.37066805,0.50661576,-0.054904208,0.38260713,0.5613926,-0.050280947,0.43667275,0.50768954,-0.016883986,0.43029296,0.40609813,-0.053768612,0.41373008,0.49129835,-0.055270296,0.41951016,0.5503272,-0.04440855,0.49221918,0.5212146,-0.0377525,0.48608062,0.4321042,-0.05386919,0.46629086,0.48278558,-0.050286524,0.46425557,0.5302703,-0.041863803,A
0.33616346,0.4907136,-4.4252784e-09,0.2467549,0.46254385,-0.022576924,0.17096737,0.36394003,-0.036609307,0.13385041,0.26081157,-0.056270532,0.12584701,0.17415339,-0.071223795,0.18568751,0.25132808,0.015722593,0.15436038,0.15018323,-0.0041992683,0.16783658,0.21946426,-0.005661081,0.19135877,0.27208072,-0.0045071794,0.23424846,0.22127813,0.003615752,0.20794329,0.110765085,-0.044620704,0.2231318,0.21176903,-0.06480994,0.24492382,0.27070767,-0.062346302,0.28517142,0.20363691,-0.0136388615,0.26396433,0.09139609,-0.05659033,0.26695326,0.18825388,-0.06273323,0.28535,0.2551218,-0.05301732,0.34474987,0.19571558,-0.034864843,0.32449543,0.10694444,-0.054584507,0.31780732,0.16706762,-0.05416028,0.32679302,0.21930014,-0.04694506,A
0.3254874,0.7594844,-6.426191e-09,0.2435134,0.7324766,-0.018640779,0.17256765,0.63148224,-0.031911947,0.14257164,0.5294148,-0.049998354,0.13917269,0.4464581,-0.063376844,0.19117016,0.5223997,0.0045072534,0.16152185,0.43753195,-0.0143209575,0.17560104,0.52027184,-0.012635878,0.1993153,0.5716271,-0.009726703,0.2383005,0.49863753,-0.008319928,0.2097609,0.40981948,-0.05586904,0.22311541,0.5180439,-0.06945148,0.2463879,0.568654,-0.06299561,0.2880428,0.4860975,-0.024729723,0.2628336,0.3912531,-0.065979585,0.26432705,0.4914826,-0.06422119,0.28391403,0.54920006,-0.050065752,0.3452236,0.48283362,-0.044530332,0.32101858,0.40162575,-0.06258343,0.31226844,0.46672255,-0.057107717,0.32240707,0.5143642,-0.046768054,A
0.5463534,0.74519897,-2.394049e-09,0.4729882,0.707539,-0.05359256,0.40609848,0.60648006,-0.075479314,0.37435585,0.49782568,-0.09416626,0.37813914,0.41417164,-0.10603329,0.4259199,0.49154374,-0.014259683,0.41604382,0.40567172,-0.037483104,0.43371102,0.48009497,-0.040437005,0.44607475,0.51956326,-0.041167293,0.47817978,0.47414777,-0.0077640247,0.47005203,0.39368856,-0.055985227,0.4846318,0.5063729,-0.07312529,0.49070573,0.5357525,-0.06925224,0.5291848,0.46545935,-0.008945939,0.52802926,0.3825366,-0.05565471,0.5291117,0.48370028,-0.06417334,0.53052557,0.52318984,-0.054891817,0.5833611,0.4669226,-0.015503921,0.5827774,0.39050347,-0.038600545,0.57561964,0.45403463,-0.042755514,0.5726461,0.49212277,-0.038108326,A
0.6460918,0.5927274,5.9699323e-10,0.57487136,0.55073595,-0.043998543,0.51351005,0.45423067,-0.056933235,0.49044433,0.34827176,-0.068636015,0.5051702,0.27171156,-0.073433,0.54002416,0.34518322,0.015266203,0.5378244,0.26379818,0.0030819024,0.55230945,0.33893037,0.0044922545,0.55860007,0.378036,0.005550868,0.58788836,0.33129722,0.019777047,0.58883524,0.24971393,-0.015030003,0.5986744,0.3541131,-0.031065045,0.5975949,0.3773882,-0.028317245,0.634969,0.32429644,0.01572707,0.6415354,0.24315,-0.022009509,0.6415487,0.3343548,-0.03473774,0.63788915,0.36658815,-0.029356854,0.6850688,0.32468835,0.007168367,0.6907555,0.25465283,-0.011142794,0.68436587,0.31404808,-0.017870963,0.677417,0.34755066,-0.01579935,A
0.7286598,0.7876344,1.2350081e-09,0.6580473,0.73535,-0.05096404,0.60747904,0.64438736,-0.06816923,0.59811103,0.5340741,-0.08171397,0.613531,0.4634035,-0.08730207,0.65717643,0.535051,0.0024184647,0.67136633,0.45240206,-0.013471535,0.67575735,0.5348633,-0.012423448,0.67303765,0.5757799,-0.011258625,0.7044103,0.5276236,0.009558578,0.71700746,0.4499438,-0.031041743,0.7165503,0.55977046,-0.047158867,0.71055675,0.5775919,-0.043435436,0.7488102,0.5277794,0.007954689,0.7646014,0.44735834,-0.037358277,0.7580009,0.54137295,-0.05178005,0.748564,0.57142156,-0.04530452,0.7930628,0.53807026,0.0022584794,0.81041735,0.46577168,-0.020556225,0.8006979,0.52233917,-0.02928331,0.78891003,0.5547626,-0.027777223,A
0.7025496,0.524526,-2.005442e-09,0.6028421,0.44530645,-0.04288413,0.53699744,0.3130196,-0.058354795,0.522086,0.17053205,-0.07929553,0.5407254,0.06737107,-0.094381034,0.5859945,0.18765971,0.043529227,0.59001845,0.06542125,0.022301592,0.5942331,0.1485942,0.013158597,0.60219693,0.2200453,0.008035663,0.65149724,0.17242065,0.037294604,0.66241825,0.043565825,-0.020540271,0.6602092,0.15822023,-0.06443011,0.66115767,0.23034784,-0.07562262,0.7129145,0.1726242,0.020628108,0.72555196,0.04544075,-0.04091341,0.7142655,0.14591499,-0.07886052,0.7135538,0.22637147,-0.08513622,0.77918655,0.18689045,-0.00052093924,0.7884624,0.08077115,-0.034668017,0.7758653,0.13807744,-0.055084337,0.7706862,0.20194748,-0.061091326,A
0.48645923,0.65514255,-2.7521478e-09,0.401423,0.59575796,-0.025713561,0.34060362,0.48119217,-0.04209059,0.3210356,0.36765462,-0.06341977,0.33096772,0.2797442,-0.079093866,0.37743673,0.3794163,0.012210733,0.36279544,0.27413595,-0.0057019964,0.36886257,0.35137805,-0.0055536884,0.3816814,0.4078935,-0.0038262238,0.43290898,0.36347795,0.0026595474,0.42214394,0.261042,-0.04086705,0.42412403,0.36584872,-0.05885691,0.43415007,0.4206252,-0.05595872,0.48801857,0.35831088,-0.012095922,0.47890002,0.25952956,-0.051589802,0.4695282,0.3550412,-0.057580117,0.47600034,0.41427228,-0.048493017,0.54926884,0.36470607,-0.030645434,0.53861755,0.2734924,-0.04738662,0.52254,0.33410674,-0.04588384,0.5220049,0.3860399,-0.038497273,A
0.38240623,0.49335283,-6.1749508e-09,0.30425623,0.45141453,-0.020128448,0.24383497,0.34344915,-0.02825113,0.22294472,0.24462065,-0.04107076,0.21626772,0.16864394,-0.050017364,0.27265322,0.24524131,0.02440637,0.2625291,0.15593521,0.009337492,0.26721972,0.21445504,0.006506473,0.27683306,0.27055177,0.006210107,0.32153395,0.22749192,0.015091874,0.31209114,0.13264298,-0.023880394,0.31449652,0.20900404,-0.04638254,0.32270777,0.2670465,-0.04857714,0.3699277,0.22501898,0.00028641347,0.36493105,0.12186171,-0.036329016,0.35809487,0.18828227,-0.050541453,0.36023104,0.2503544,-0.04842937,0.42308015,0.23471248,-0.017846895,0.4252265,0.15135308,-0.037852995,0.41356772,0.17215079,-0.045698117,0.40830842,0.20228983,-0.04549723,A
0.3731289,0.5545884,5.9572985e-10,0.2908672,0.5089361,-0.019077148,0.22339678,0.4007937,-0.031447776,0.19389984,0.3002551,-0.04938248,0.18958367,0.22009403,-0.062943526,0.24264771,0.2985448,0.017558794,0.23140904,0.21005413,-0.001958866,0.24377888,0.2798265,-0.006372805,0.25425616,0.3278828,-0.0075374967,0.29490554,0.27738756,0.0062777307,0.28399268,0.18578479,-0.038388472,0.29229274,0.28625628,-0.05754903,0.3016039,0.33894628,-0.05638929,0.34805825,0.27056935,-0.009735353,0.339437,0.17062972,-0.048662335,0.3358667,0.26146728,-0.053118818,0.3417559,0.3252144,-0.04367741,0.4062882,0.2757675,-0.029419776,0.4014718,0.18832228,-0.04578005,0.3891523,0.23217443,-0.044866644,0.38573736,0.27414045,-0.03856101,A
0.32478815,0.767631,-4.8421853e-09,0.24258944,0.7286904,-0.01233904,0.17593458,0.6271442,-0.022988293,0.14637542,0.5289161,-0.03981757,0.1417929,0.44581205,-0.0526068,0.19942278,0.5273228,0.013935197,0.17370735,0.4406215,-0.0020787145,0.18395618,0.5146126,-0.0014087505,0.20411743,0.5661736,0.0006796051,0.24626492,0.50610894,-0.0006631536,0.2213395,0.41717455,-0.043537457,0.23090184,0.517066,-0.05882583,0.2515182,0.5739948,-0.05483554,0.29457954,0.49723807,-0.01840465,0.27542788,0.40028608,-0.055058964,0.27145788,0.48945847,-0.056790598,0.28502786,0.5525833,-0.046448488,0.3502042,0.49884704,-0.038917396,0.33658907,0.41393495,-0.05474844,0.32419807,0.4644017,-0.051571567,0.32686973,0.5113625,-0.043797813,A
0.51767063,0.78130853,-6.1816445e-09,0.4426653,0.7275167,-0.016719678,0.38126191,0.6238636,-0.031553652,0.35170993,0.53147954,-0.051113185,0.34571975,0.46330744,-0.06647039,0.3989504,0.5294165,-0.0041723107,0.37585437,0.43762213,-0.022832962,0.38023478,0.4955505,-0.022158604,0.39943746,0.54883915,-0.020352354,0.44649166,0.5153716,-0.01813646,0.42913875,0.42398074,-0.058943786,0.43001053,0.5030036,-0.071832195,0.44568795,0.55391365,-0.06866047,0.495269,0.5140471,-0.034914557,0.48304957,0.4265241,-0.06908631,0.47091606,0.49634883,-0.070311815,0.47819325,0.5475575,-0.06181345,0.5497915,0.5240566,-0.055083845,0.5348088,0.45004252,-0.07117112,0.5160775,0.49224073,-0.06897006,0.5153532,0.53225416,-0.062706225,A
0.5911398,0.6757482,-3.6195904e-09,0.520824,0.63657737,-0.033035133,0.4560516,0.5344221,-0.044604022,0.42967248,0.4340803,-0.056611676,0.43911225,0.36446655,-0.06293076,0.4838888,0.43657163,0.003392373,0.47047794,0.36082053,-0.0105173215,0.48052442,0.42899954,-0.008545157,0.4935982,0.46800864,-0.00639693,0.5308582,0.4219492,0.0024422153,0.51816714,0.35341087,-0.031659883,0.5247868,0.4498557,-0.043672662,0.53489697,0.47873396,-0.03965299,0.5776749,0.41614425,-0.0039739455,0.57155436,0.34775883,-0.036116473,0.5668029,0.43578216,-0.039138153,0.5726402,0.47358987,-0.030188156,0.6293444,0.41706628,-0.014780444,0.622369,0.354061,-0.028493762,0.6113119,0.41062677,-0.027639184,0.6113033,0.44557154,-0.021481417,A
0.6654806,0.79342556,-8.284439e-10,0.5984046,0.73945624,-0.017961593,0.54219943,0.63945365,-0.028117703,0.51865315,0.5452937,-0.042519554,0.5222779,0.48120803,-0.0525874,0.57247806,0.536632,0.01528677,0.57298535,0.4597171,0.0041241855,0.5837988,0.52570254,0.0047394917,0.58896464,0.5749555,0.005095665,0.62159675,0.52331716,0.0064291917,0.6247331,0.45339614,-0.023055652,0.62923086,0.53934747,-0.036563456,0.6291628,0.5793898,-0.036369503,0.6700089,0.5218303,-0.006629577,0.6755699,0.45105577,-0.034488972,0.67141706,0.53057486,-0.039708845,0.66698843,0.57559264,-0.034848854,0.7190404,0.5318459,-0.022819301,0.72670954,0.46181384,-0.03446161,0.7178645,0.5089093,-0.035052102,0.7088297,0.54707015,-0.03178933,A
0.75904703,0.7671273,-4.5447823e-09,0.6999452,0.71281457,-0.017070634,0.6538636,0.61372,-0.025992092,0.64280635,0.523721,-0.039243497,0.65862983,0.46332926,-0.048299264,0.70644164,0.5278175,0.016328093,0.7013458,0.45378882,0.00856817,0.7011169,0.51753914,0.011521004,0.7085638,0.56671625,0.0138487,0.74864835,0.5212756,0.008438348,0.74570256,0.45322025,-0.017400594,0.7406866,0.5336971,-0.029726135,0.74638104,0.5766353,-0.028498746,0.79116625,0.5248104,-0.0031506002,0.7898295,0.45665818,-0.026505252,0.77769446,0.5258827,-0.031024298,0.7789479,0.57168955,-0.026304455,0.8382554,0.53823376,-0.01790648,0.83501726,0.4716707,-0.027096843,0.8173431,0.5134121,-0.02643052,0.81120485,0.5521881,-0.022447001,A
0.76078683,0.5455862,-3.0194387e-09,0.6899855,0.49643165,-0.02684558,0.63896656,0.38870832,-0.036507912,0.6319062,0.28815463,-0.049230814,0.6529144,0.22240514,-0.05751661,0.6850923,0.29892182,0.020790428,0.6912936,0.22323543,0.010075136,0.6950254,0.29552385,0.009973956,0.6969842,0.3449947,0.009949173,0.7345939,0.2931098,0.016612926,0.7403075,0.22308517,-0.014678445,0.736704,0.31679177,-0.03243777,0.7364545,0.36054,-0.033199288,0.7815929,0.29772022,0.00673191,0.7890784,0.23190805,-0.023989623,0.7772798,0.31803352,-0.033990208,0.77214104,0.36499125,-0.030397663,0.8301516,0.31262848,-0.0070006037,0.83266926,0.25153047,-0.020782238,0.8172822,0.30960733,-0.023694964,0.80892324,0.35255793,-0.020937968,A
0.6216241,0.39869738,-1.3880529e-09,0.53750086,0.3674367,-0.020485196,0.47805852,0.27285475,-0.02294926,0.4650598,0.17655708,-0.030935287,0.47906378,0.108472675,-0.03565902,0.511582,0.19010794,0.048453737,0.5093527,0.11063166,0.04239708,0.5192959,0.17167701,0.0407074,0.52491677,0.22154012,0.03943907,0.5598874,0.16969503,0.04314144,0.55648535,0.09471485,0.017543219,0.5634741,0.17500079,-0.0063422685,0.5693822,0.22159351,-0.011920893,0.6067507,0.16201553,0.030855002,0.6057226,0.09080273,0.0024756037,0.60482424,0.16498098,-0.017561657,0.60660756,0.21398994,-0.020773942,0.6560239,0.16424745,0.015313156,0.65249777,0.10610904,0.0014996864,0.6478533,0.15389764,-0.008064295,0.64690256,0.19296005,-0.010186592,A
0.5760659,0.53219223,-5.6344224e-10,0.49345127,0.4920351,-0.02214966,0.43101692,0.38326764,-0.032715328,0.41311738,0.27617568,-0.047528297,0.42395476,0.20043778,-0.057692528,0.47135663,0.2846363,0.01912856,0.4655519,0.19745636,0.005961853,0.47183844,0.27805573,0.0070523946,0.47740975,0.32916376,0.008385845,0.5218384,0.26882282,0.011073677,0.51520735,0.18812035,-0.025354464,0.51790726,0.29399854,-0.04071568,0.5235993,0.34114307,-0.03813801,0.57313156,0.26374656,-0.0020456458,0.56625086,0.1851832,-0.036468606,0.5614557,0.2835328,-0.04176083,0.5648148,0.33843976,-0.033471327,0.6292899,0.26876074,-0.018675368,0.61829126,0.19999212,-0.032627326,0.6069908,0.26537043,-0.032078795,0.60611606,0.31307212,-0.026286062,A
0.4749207,0.62486976,-4.6963216e-09,0.38724306,0.5766907,-0.017549673,0.32243696,0.47282743,-0.025748946,0.29530156,0.36402488,-0.040297884,0.303867,0.27611145,-0.0489199,0.35399443,0.37105775,0.034956113,0.32796133,0.27601844,0.025468862,0.33893073,0.35680145,0.029503297,0.36060622,0.40901154,0.032769628,0.40213636,0.35283762,0.023753935,0.37809095,0.259262,-0.01642844,0.38696548,0.3677671,-0.035949614,0.4061864,0.4179413,-0.033020396,0.4519565,0.34282082,0.007573245,0.43143028,0.25350073,-0.0317965,0.42860365,0.35691914,-0.040887598,0.44542196,0.4148575,-0.032146253,0.5090611,0.34077394,-0.011326119,0.48589015,0.25921163,-0.028474525,0.47445488,0.32593676,-0.028738795,0.48469612,0.37670153,-0.021865651,A
0.49126467,0.76901567,-4.0621164e-09,0.414216,0.7236039,-0.026178358,0.34818798,0.61301905,-0.039491326,0.3217102,0.5083092,-0.056152973,0.32481346,0.4271664,-0.06752438,0.3738683,0.51021135,0.008150172,0.35913464,0.42231226,-0.010087894,0.3663644,0.4965124,-0.009978581,0.3807138,0.5471527,-0.008157516,0.4236616,0.49542993,0.00024756396,0.41012248,0.4107996,-0.042956647,0.41490284,0.5177318,-0.057505626,0.42853743,0.566493,-0.05251771,0.47360036,0.49195608,-0.012849251,0.46436656,0.40623745,-0.05283874,0.45653448,0.5040887,-0.054893654,0.4646666,0.5593727,-0.042939894,0.52888066,0.49785647,-0.029971804,0.52041173,0.4177798,-0.0485282,0.50615,0.4737968,-0.046516333,0.5062957,0.51591974,-0.03825499,A
0.5826377,0.85817665,-6.6325206e-10,0.50625426,0.81262785,-0.031742238,0.44177756,0.6953881,-0.044628862,0.4178536,0.58643734,-0.059296206,0.42204,0.51543504,-0.068727426,0.47177243,0.6006185,0.0047409306,0.46588176,0.51872236,-0.015975825,0.4770984,0.5984637,-0.018965859,0.48652124,0.64312357,-0.019728025,0.5202223,0.5861684,4.499559e-05,0.5148192,0.5042987,-0.044259533,0.52096856,0.6102204,-0.062232744,0.52881455,0.64847416,-0.060972907,0.569307,0.5830103,-0.010448046,0.56739765,0.4976204,-0.05127719,0.5617161,0.597606,-0.055890027,0.5651133,0.64837366,-0.046451036,0.6232525,0.5885057,-0.025551964,0.61906254,0.51205385,-0.043843675,0.6074629,0.57185984,-0.043724637,0.605435,0.61233675,-0.037699375,A
0.6493553,0.84404314,-4.5550332e-09,0.5780702,0.77851075,-0.005463667,0.5212155,0.67511487,-0.011696328,0.5011064,0.583721,-0.025713587,0.513682,0.52437997,-0.03659592,0.5582416,0.5829133,0.027745608,0.5501382,0.5084212,0.017390052,0.5497186,0.55686134,0.015206067,0.556706,0.60423166,0.014051418,0.6045692,0.57177466,0.011432884,0.5972086,0.5021867,-0.014753878,0.59281343,0.57156974,-0.03193522,0.59895945,0.6205483,-0.03566717,0.6522919,0.57512665,-0.008240435,0.6472598,0.50520957,-0.03220071,0.633287,0.57169545,-0.0393944,0.63300925,0.62498075,-0.03793257,0.70401114,0.58887637,-0.030636517,0.700041,0.52217275,-0.04159223,0.6802597,0.5600274,-0.042467277,0.67056566,0.60018617,-0.04032633,A
0.81824213,0.823354,3.0065204e-09,0.74973434,0.77781,-0.042848337,0.69753325,0.6810426,-0.053932216,0.6829444,0.571529,-0.062281083,0.6914442,0.50122935,-0.06398327,0.7281233,0.577967,0.012578117,0.74667287,0.496768,-0.0011429418,0.7546947,0.5849623,-0.00079306384,0.7505075,0.6276647,-0.0006815837,0.77928364,0.5716967,0.018642051,0.7947489,0.49461734,-0.020043815,0.79421324,0.60777247,-0.03840292,0.7846922,0.63203245,-0.03697388,0.82491213,0.57202876,0.016898392,0.8406725,0.49781114,-0.025783407,0.8341904,0.5987436,-0.041147403,0.82168,0.62880015,-0.03617845,0.8686208,0.5766183,0.011631648,0.8823405,0.50765055,-0.009175644,0.87490654,0.57793576,-0.017617216,0.86249554,0.6128067,-0.016493153,A
0.77443624,0.5982778,-1.9252985e-10,0.7055467,0.5676683,-0.028958112,0.6428906,0.4825247,-0.03949217,0.6172493,0.3885602,-0.050749507,0.6267947,0.3205069,-0.05668778,0.6673713,0.38573003,0.010849606,0.66655034,0.30749798,7.215412e-05,0.68199503,0.38107604,0.0026560684,0.68579787,0.42031813,0.00422446,0.7115219,0.3695599,0.00977765,0.7110696,0.29689327,-0.02201703,0.7223137,0.3935784,-0.033469863,0.7212813,0.42285842,-0.029562533,0.7547448,0.36226937,0.0032817218,0.757551,0.28970587,-0.028997645,0.76107913,0.37779117,-0.034657266,0.75781184,0.41400242,-0.02682734,0.7992639,0.36271513,-0.0064881607,0.8019952,0.30064595,-0.020033062,0.79887795,0.3610011,-0.021293724,0.79321986,0.39708874,-0.01675092,A
0.6878378,0.49193662,-6.233179e-10,0.6164385,0.45249045,-0.022313703,0.5581708,0.35454506,-0.029975655,0.5407963,0.2619571,-0.04091131,0.55220914,0.19917586,-0.047735132,0.5884312,0.2709921,0.0195474,0.5826824,0.191876,0.00966095,0.5919676,0.25282204,0.009563042,0.6002707,0.29549336,0.0096239755,0.6313354,0.25721526,0.014267421,0.6268395,0.18298012,-0.0139973005,0.63248914,0.26177183,-0.03034434,0.63971865,0.30211282,-0.031535923,0.67415744,0.2531802,0.0041199895,0.67200214,0.1800875,-0.022203544,0.6693464,0.2503884,-0.030712388,0.6730071,0.29355285,-0.027736839,0.7201211,0.25646102,-0.009703202,0.7163886,0.19183727,-0.02029045,0.7098521,0.23678094,-0.022074979,0.7098629,0.2729819,-0.01946444,A
0.6339291,0.5019598,-4.0459422e-09,0.5620096,0.4595073,-0.026619118,0.50254476,0.36446473,-0.041378606,0.48525184,0.27418083,-0.05941062,0.50729597,0.21064164,-0.073815554,0.5291823,0.26283845,0.0010307294,0.52007025,0.20084934,-0.015795838,0.5224445,0.26567444,-0.019104565,0.53296655,0.30669677,-0.020959433,0.5750739,0.24752188,-0.0069059012,0.5663757,0.18914524,-0.04076209,0.5644335,0.2707087,-0.056559253,0.5722584,0.30572253,-0.058437727,0.623719,0.24419032,-0.01982363,0.6167145,0.18864314,-0.051430844,0.6065315,0.26234952,-0.058596145,0.6100722,0.30157745,-0.055602998,0.67714906,0.25148737,-0.03684353,0.6668869,0.20504488,-0.052919306,0.65176386,0.255161,-0.05507763,0.6491089,0.28757292,-0.05291801,A
0.606314,0.55187047,-8.926786e-10,0.5365194,0.51511633,-0.03654889,0.47281918,0.42182767,-0.05271009,0.4490894,0.3273694,-0.069061324,0.46761796,0.2614416,-0.08034232,0.5002779,0.31031558,-0.0033020033,0.5028121,0.24499358,-0.024486084,0.51287013,0.317247,-0.029100064,0.5180599,0.35234392,-0.031459086,0.5476384,0.3018051,-0.005723641,0.5462019,0.2363263,-0.04890045,0.5511738,0.3384202,-0.06520622,0.5525476,0.3670287,-0.06352488,0.5941544,0.30142853,-0.01439239,0.59582067,0.23204276,-0.056114707,0.59126335,0.32567182,-0.062260125,0.589005,0.36361113,-0.05395554,0.6436864,0.30798304,-0.027456194,0.6455734,0.24375278,-0.048905186,0.6354939,0.30366552,-0.051222604,0.6284968,0.3379933,-0.046692643,A
0.57912946,0.6485888,6.5793887e-10,0.5095597,0.6031836,-0.012691857,0.44872445,0.51328516,-0.018073613,0.42351893,0.4259649,-0.028826391,0.43673688,0.3629749,-0.036046244,0.474096,0.4236259,0.02514837,0.46406847,0.3507712,0.017815903,0.46897772,0.3978796,0.01864709,0.47743338,0.43777898,0.019618556,0.5164117,0.40920025,0.015832622,0.50704426,0.33682066,-0.009368644,0.51178306,0.41130513,-0.023077983,0.5200564,0.4549542,-0.022542568,0.5612836,0.40243256,0.0029076224,0.5550142,0.33228543,-0.019879429,0.5519881,0.40404418,-0.024224775,0.5563123,0.4534849,-0.018875346,0.61242855,0.4043133,-0.013189256,0.60469955,0.33611086,-0.021898933,0.5951824,0.3808946,-0.02057913,0.59318125,0.42255288,-0.015682139,A
0.5521112,0.716768,-1.6354073e-09,0.48631254,0.6763085,-0.023254491,0.4256389,0.5905676,-0.03614067,0.39678547,0.50668824,-0.051667348,0.40363503,0.43820143,-0.06252524,0.4479124,0.49050432,0.0050319103,0.43590438,0.42743388,-0.009871895,0.4434353,0.48767903,-0.011505115,0.45206356,0.5165092,-0.0121949,0.4906232,0.47872078,-0.001642451,0.47902727,0.41849944,-0.035786923,0.4868227,0.5057133,-0.047444563,0.49505204,0.53033113,-0.04447374,0.5357146,0.47426203,-0.012594435,0.5277414,0.4102494,-0.043089375,0.5264785,0.4893472,-0.04300811,0.5333125,0.5233372,-0.033597067,0.58655065,0.47630158,-0.027260905,0.58047646,0.41313773,-0.040292017,0.5718726,0.46337616,-0.03709871,0.5722355,0.4944518,-0.030242156,A
0.52788883,0.7336035,-2.0055122e-09,0.4605811,0.6979432,-0.039454125,0.3965901,0.6023279,-0.054166045,0.3645404,0.5053256,-0.06788689,0.36722416,0.43168217,-0.07567066,0.41119513,0.5045561,-0.0009984688,0.39983523,0.4273733,-0.019209271,0.41535172,0.49851438,-0.019914405,0.4283865,0.5343223,-0.019237107,0.45758814,0.49033815,0.0010595561,0.44608122,0.4157068,-0.040522616,0.45565408,0.5170927,-0.055468485,0.46325898,0.5445672,-0.051474076,0.50277543,0.48465422,-0.0032445514,0.49774018,0.41074455,-0.043423183,0.49583945,0.50480217,-0.049080003,0.50078803,0.5423114,-0.039153535,0.55156595,0.48437786,-0.011939289,0.5474835,0.4186274,-0.031145366,0.54018337,0.47753915,-0.03275035,0.5408072,0.5101892,-0.026837422,A
0.50010836,0.8375197,-4.5835802e-10,0.43345302,0.79379296,-0.020805188,0.3739661,0.70893586,-0.036214933,0.34774527,0.6285215,-0.05481627,0.35401654,0.56641126,-0.06872825,0.39217907,0.5967201,-0.005203587,0.38145083,0.5308495,-0.023450099,0.38499013,0.5987336,-0.024356427,0.3930088,0.64099914,-0.023760496,0.4377819,0.58662677,-0.014362802,0.42987445,0.5226837,-0.05362146,0.43029836,0.6157677,-0.06362214,0.4356971,0.6533934,-0.05879361,0.4857171,0.5864686,-0.026629364,0.47993997,0.5236528,-0.059568282,0.473148,0.6093914,-0.055397153,0.47687608,0.6507247,-0.042793103,0.53807014,0.5964884,-0.042552534,0.53217924,0.5293994,-0.055918906,0.52159446,0.5818804,-0.049639806,0.5210913,0.6171247,-0.04034961,A
0.49730426,0.8643974,-4.922296e-09,0.42586917,0.8260888,-0.020251395,0.36523974,0.7341301,-0.03194211,0.3415159,0.64339584,-0.047415417,0.3480429,0.5723099,-0.05853386,0.39456385,0.64339983,0.007494787,0.38177353,0.5733006,-0.008094767,0.38956308,0.6421994,-0.009329022,0.40241396,0.6888596,-0.00904094,0.43968084,0.62866145,-0.00053702464,0.431656,0.56628686,-0.038091924,0.43785048,0.66085887,-0.053337555,0.4488595,0.70652956,-0.051724494,0.485422,0.62378186,-0.012436478,0.48058605,0.5587479,-0.04544564,0.47604883,0.645735,-0.048953507,0.48179203,0.69701093,-0.041065633,0.5345658,0.62731874,-0.027624736,0.5307886,0.5573326,-0.04181221,0.5203531,0.60615027,-0.040820256,0.51922685,0.64528304,-0.035308767,A
0.46551114,0.8472003,-3.6179095e-09,0.39367545,0.8053942,-0.012693142,0.33710143,0.71508414,-0.020940356,0.315067,0.62765265,-0.034117788,0.31571832,0.55905586,-0.043122627,0.36421436,0.6322709,0.014505522,0.34780064,0.5597541,0.002475017,0.35250458,0.6213658,0.0027857227,0.36710048,0.6684952,0.0038014457,0.40647638,0.6188635,0.003312696,0.39399675,0.5499892,-0.031115185,0.39714286,0.6292828,-0.046874236,0.40966454,0.67680335,-0.0464423,0.44954324,0.6162262,-0.01091117,0.44060624,0.5438546,-0.0416075,0.43358266,0.6140244,-0.04724481,0.440188,0.6663365,-0.04158163,0.49740237,0.6209082,-0.027537776,0.49190453,0.54805565,-0.041994605,0.4784138,0.5819997,-0.04257475,0.4753948,0.61750543,-0.038525682,A
0.45543697,0.8358463,-4.6790913e-09,0.38498405,0.7985972,-0.019683648,0.32431403,0.7065775,-0.03075518,0.29813683,0.61530095,-0.04564489,0.30115098,0.54143554,-0.055806197,0.34602362,0.6166628,0.009787966,0.3303816,0.54406875,-0.0046848925,0.34147006,0.61574084,-0.004390006,0.35575065,0.6613981,-0.003145145,0.39025778,0.60017186,0.0017581097,0.3766724,0.53425026,-0.036257137,0.38734987,0.6308075,-0.05071005,0.40051556,0.672927,-0.04762029,0.43496227,0.594515,-0.010078439,0.42389476,0.5271745,-0.044366088,0.42438102,0.61668926,-0.046958238,0.43463734,0.66613656,-0.037243046,0.48323634,0.597237,-0.024886193,0.4735173,0.52589,-0.039808583,0.46491224,0.57436055,-0.03824639,0.46676233,0.61064076,-0.03159297,A
0.4357813,0.75598425,-6.985172e-09,0.36827922,0.720292,-0.01635275,0.30919313,0.6328212,-0.027094802,0.28448695,0.5467202,-0.041965224,0.2885664,0.4768462,-0.052788034,0.33418468,0.5361148,0.0061356407,0.31629696,0.47525704,-0.008893662,0.32715765,0.5508258,-0.007894649,0.3442827,0.596084,-0.0060951808,0.37577435,0.52013445,-0.0037447305,0.36018273,0.45776075,-0.043514885,0.36921218,0.5567959,-0.05556531,0.38500428,0.6022837,-0.05071431,0.4188593,0.5162354,-0.016773758,0.40656427,0.44881076,-0.051695924,0.40559775,0.54102427,-0.050434247,0.41684774,0.59220797,-0.03855977,0.4665415,0.5216556,-0.032611154,0.45294914,0.45910388,-0.047535054,0.44302177,0.517434,-0.043402825,0.446083,0.5585094,-0.035123955,A
0.430935,0.68819237,-6.5840533e-09,0.36326212,0.65554243,-0.020721834,0.3058755,0.5735542,-0.030933145,0.28015393,0.4892903,-0.043610208,0.28481203,0.42192847,-0.0515483,0.3270577,0.47813872,0.0075838724,0.31531882,0.41678685,-0.0044774683,0.32705855,0.48849532,-0.0019348589,0.34024867,0.5266262,0.0007103323,0.36868712,0.46358708,0.0020695762,0.35737857,0.4012967,-0.032669235,0.3662652,0.4945887,-0.04284284,0.37538436,0.5266948,-0.037180834,0.41207677,0.45807353,-0.0074217403,0.40431976,0.38936454,-0.039660078,0.40367875,0.47304213,-0.04050638,0.41001624,0.5153307,-0.029644595,0.4595469,0.46017045,-0.019621367,0.45097235,0.39945072,-0.032731056,0.44364682,0.450341,-0.030286321,0.44506997,0.48508245,-0.023002608,A
0.43464833,0.6505329,-5.950476e-09,0.36541945,0.61174,-0.017535018,0.3065215,0.53020895,-0.025036773,0.27929714,0.4443151,-0.03676679,0.28748164,0.376189,-0.043336432,0.32410228,0.4443742,0.021884702,0.30493915,0.3806226,0.012357064,0.31850907,0.44428313,0.014142636,0.33710173,0.4790677,0.015665712,0.36441964,0.42754704,0.014039873,0.34931415,0.36331782,-0.019222211,0.36149508,0.45107874,-0.033990413,0.37616524,0.48443726,-0.031740114,0.40586597,0.41888884,0.0018740945,0.39418137,0.3535713,-0.030746816,0.39540246,0.43610516,-0.03681396,0.40773433,0.47978067,-0.029212534,0.45305285,0.41612718,-0.012896318,0.44084057,0.35500258,-0.027379906,0.43347535,0.40260774,-0.027979532,0.43839952,0.43683377,-0.022881199,A
0.44730476,0.61269563,-4.215876e-09,0.38058397,0.5819525,-0.018026687,0.32078257,0.49793085,-0.028071243,0.29198548,0.4150344,-0.041949775,0.2948763,0.34855443,-0.051660992,0.33371565,0.41371995,0.010821879,0.31669593,0.34460533,-0.0026321593,0.3322066,0.40999815,-0.0025302533,0.34773153,0.44619012,-0.0015410697,0.3752524,0.39336547,0.0032950533,0.35954708,0.32471025,-0.03261925,0.37217626,0.41148543,-0.046610117,0.38454384,0.44767952,-0.044001166,0.41854286,0.38188913,-0.007951358,0.40512496,0.31218234,-0.04074195,0.4076709,0.39558098,-0.04380239,0.41754583,0.44275206,-0.034845173,0.46575177,0.3766543,-0.021956272,0.45225793,0.31423217,-0.035617944,0.44633722,0.36605436,-0.034002822,0.44968823,0.40448198,-0.02773726,A
0.44842428,0.55035347,-5.964189e-09,0.37457487,0.5191862,-0.01539549,0.31523556,0.43497324,-0.021990707,0.28969848,0.34564036,-0.03315976,0.2977687,0.27095252,-0.039961863,0.33656627,0.34737575,0.026417164,0.31833738,0.27159032,0.021623872,0.33106294,0.3401813,0.026982138,0.3480375,0.3855704,0.030647723,0.3778632,0.32698846,0.019169483,0.36194113,0.2507062,-0.009630734,0.37213486,0.3377539,-0.023067247,0.3861064,0.38342273,-0.019933973,0.42049685,0.31617314,0.0082031945,0.40711093,0.2367873,-0.019436853,0.40757006,0.3165022,-0.025865711,0.41791645,0.36886838,-0.0192821,0.4680142,0.31405002,-0.005027361,0.4526134,0.2504025,-0.015751466,0.44730327,0.30054456,-0.01561097,0.45387232,0.34299675,-0.010389139,A
0.45424885,0.5295718,-4.8958095e-09,0.37838933,0.49196264,-0.019725766,0.31653345,0.40000495,-0.02685032,0.28937092,0.30314454,-0.038951274,0.29585415,0.22848874,-0.04657357,0.34033078,0.31032863,0.031273097,0.32316703,0.22835392,0.02124714,0.33410043,0.29581863,0.022064447,0.35022685,0.34096158,0.023447987,0.3848502,0.2891528,0.023464784,0.36878276,0.2038806,-0.012755426,0.37768233,0.29584965,-0.03244015,0.3922678,0.34608278,-0.031965584,0.42948064,0.27946132,0.010233109,0.41799802,0.19127432,-0.026334792,0.4159125,0.27860925,-0.03803351,0.42655724,0.33897966,-0.032595634,0.4795342,0.2780146,-0.0058273664,0.46700132,0.20486353,-0.022736756,0.4592303,0.25587392,-0.026518662,0.46419817,0.30266282,-0.0230692,A
0.48056692,0.5161452,-3.5129102e-09,0.39351594,0.4659939,-0.017740672,0.33098757,0.3715854,-0.02179112,0.30448928,0.26472157,-0.032219887,0.3141541,0.18335108,-0.038102996,0.36143702,0.27555898,0.047896452,0.3455086,0.18576981,0.042657223,0.3561455,0.25340116,0.044198688,0.37190646,0.30593216,0.04539922,0.41069075,0.25396368,0.03928141,0.39810947,0.16186456,0.005271476,0.40538248,0.25454354,-0.019550012,0.4172259,0.3131687,-0.022220096,0.45962948,0.24555519,0.024743857,0.4524325,0.1507185,-0.011722697,0.4475823,0.23474926,-0.03196765,0.4541601,0.30310446,-0.031633954,0.5143999,0.24840108,0.007872918,0.50723433,0.16878772,-0.009418599,0.4964829,0.21295044,-0.018765954,0.4966362,0.26318556,-0.019307451,A
0.46733475,0.5332106,-3.1878764e-09,0.3791812,0.475926,-0.025070554,0.31471422,0.36505952,-0.03277955,0.2900166,0.24922848,-0.04551038,0.30006897,0.16251865,-0.05287758,0.34925783,0.26026455,0.03856612,0.33984214,0.16186273,0.02623508,0.34785527,0.24008814,0.025921786,0.35954183,0.2950154,0.026916744,0.40424293,0.24227898,0.031226674,0.39385185,0.13974582,-0.013142837,0.3984331,0.24821006,-0.038478155,0.40791878,0.3070302,-0.038763206,0.45874777,0.2388769,0.016991874,0.4518925,0.12959541,-0.029043533,0.44478586,0.22704132,-0.047429167,0.45052433,0.29822373,-0.042921744,0.5178896,0.24740422,-0.00017458515,0.51586765,0.15749168,-0.022939432,0.50348353,0.20256364,-0.031958707,0.5017694,0.24768387,-0.030569032,A
0.40100798,0.5533968,-3.5033563e-09,0.30794334,0.49765778,-0.017647186,0.23939753,0.37203828,-0.027711108,0.21466252,0.2518027,-0.04434283,0.2191084,0.16151898,-0.056034267,0.28085965,0.26653194,0.023191854,0.2632389,0.15851256,0.006824967,0.2665051,0.24,0.0076843807,0.28168023,0.3034001,0.0100971125,0.33538508,0.24889237,0.009364666,0.32133263,0.13650723,-0.03828283,0.32099688,0.24422503,-0.05978,0.33378613,0.31367436,-0.05804477,0.39056286,0.2444204,-0.009041698,0.3793905,0.12869045,-0.05327112,0.36782324,0.22858739,-0.06179101,0.3758144,0.3084949,-0.052895706,0.45143533,0.25002113,-0.03068464,0.44384092,0.14860553,-0.051672697,0.4275352,0.20111774,-0.053132866,0.42590764,0.2585364,-0.047154866,A
0.37463754,0.6265964,-4.5913655e-09,0.28551978,0.56725675,-0.013110903,0.21722603,0.43401605,-0.022115903,0.1880136,0.3132514,-0.038290616,0.18911165,0.22169942,-0.049174137,0.24989577,0.32599846,0.024764953,0.2324808,0.2209423,0.00997551,0.23944613,0.30732414,0.012835754,0.25513065,0.36534944,0.016409311,0.30410972,0.3075984,0.009179113,0.2896254,0.19815432,-0.036056694,0.29242197,0.31033945,-0.052809697,0.30578327,0.37240997,-0.047970485,0.36053553,0.3026501,-0.010461992,0.34986848,0.1847779,-0.050717536,0.34023935,0.2874738,-0.052924685,0.34896013,0.36359715,-0.040384557,0.42314875,0.30787012,-0.033256263,0.41960818,0.20649247,-0.04926618,0.4035841,0.2592547,-0.046014093,0.40166312,0.3116122,-0.03717471,A
0.30084488,0.68414414,-5.9670104e-09,0.21055944,0.6183802,-0.011650541,0.14060085,0.48336944,-0.023506641,0.111373976,0.36472166,-0.043063402,0.115982756,0.27219254,-0.05738631,0.17905405,0.3761237,0.017977292,0.15555166,0.27344579,0.004594578,0.15959898,0.35864615,0.008951602,0.17751469,0.41404095,0.012421901,0.23454463,0.36154026,0.00021690862,0.215328,0.25960428,-0.04032091,0.21599016,0.36977515,-0.053268794,0.2324307,0.42601836,-0.04809235,0.29363683,0.35850862,-0.020707082,0.27794382,0.254588,-0.05408115,0.26656333,0.35427794,-0.051714066,0.2781517,0.41840595,-0.039494775,0.3600723,0.3660415,-0.04512137,0.34268153,0.27472836,-0.055350576,0.32397762,0.3404342,-0.047297336,0.326897,0.39520222,-0.036994755,A
0.29276508,0.7377014,-1.7695863e-09,0.19456445,0.672191,-0.006835675,0.12559274,0.5450203,-0.015811844,0.09809893,0.42744118,-0.03352473,0.09129788,0.33506787,-0.04621677,0.15149301,0.43132505,0.028289022,0.1317454,0.32451892,0.0118602365,0.13418487,0.4047618,0.012469034,0.14765608,0.46134,0.014319054,0.2059394,0.4159626,0.008000351,0.18843536,0.3105709,-0.036775928,0.19038573,0.42431235,-0.053776275,0.205576,0.48412156,-0.049969785,0.2630357,0.41190794,-0.015640717,0.24807595,0.30634746,-0.05375564,0.23879692,0.41567367,-0.05265413,0.2502526,0.48442262,-0.039433613,0.32760337,0.41710368,-0.042559512,0.30989015,0.32095784,-0.055771444,0.29293963,0.39022303,-0.04822702,0.29605561,0.44712323,-0.03722101,A
0.2893393,0.764375,-5.0962443e-09,0.19276276,0.70177066,-0.01467358,0.12408168,0.5694855,-0.027759362,0.09830129,0.4463818,-0.04763434,0.09368494,0.35376936,-0.061965104,0.15700337,0.45501128,0.010447763,0.13374451,0.34342188,-0.008973587,0.13625717,0.43197507,-0.0060928757,0.15420657,0.4922817,-0.0024424857,0.21226367,0.4404455,-0.0075220517,0.19247615,0.33195502,-0.057850227,0.1926955,0.45142853,-0.07241898,0.21078396,0.5122053,-0.065645255,0.269116,0.43815133,-0.028832117,0.25427365,0.32902056,-0.07210844,0.24208985,0.43977624,-0.06927152,0.2547282,0.50764465,-0.05363487,0.33339965,0.4467986,-0.053682767,0.3181641,0.34681553,-0.071234554,0.2996635,0.41631487,-0.0639274,0.30337262,0.47247216,-0.052049607,A
0.2646369,0.81649256,-2.6638756e-09,0.17134331,0.7579474,-0.02034528,0.103770055,0.61900663,-0.032437667,0.082078636,0.4953633,-0.049305465,0.0866352,0.40560126,-0.060347576,0.13392654,0.51168644,0.008121909,0.118101746,0.417076,-0.011337823,0.123744026,0.5160011,-0.010261445,0.13569105,0.567078,-0.008678254,0.19114335,0.4963381,-0.005564312,0.17635922,0.40320808,-0.053604253,0.17739251,0.5244299,-0.06883856,0.19061793,0.57052064,-0.06452627,0.24922846,0.49455392,-0.02328372,0.23544551,0.39760748,-0.06566022,0.22579226,0.50881195,-0.06397086,0.23798637,0.56651944,-0.050241783,0.31156,0.50158924,-0.044813264,0.29745066,0.41836065,-0.06161462,0.28069305,0.4894748,-0.05565305,0.2846324,0.53619725,-0.045699928,A
0.23007503,0.90253735,-7.9502955e-09,0.14229165,0.83548415,-0.008559682,0.07888773,0.70503545,-0.019750401,0.049527556,0.59414846,-0.03850435,0.04929033,0.5090779,-0.051878083,0.10901405,0.59437525,0.013835689,0.08485826,0.5043521,-0.0049274345,0.080695905,0.5922282,-0.0038411038,0.09502895,0.64794815,-0.0016691549,0.16230628,0.5859081,-0.006583299,0.13889052,0.49521217,-0.054989792,0.13214242,0.6045183,-0.069857426,0.14631173,0.6553278,-0.06497718,0.2191666,0.58847916,-0.029857151,0.19958076,0.49079692,-0.07138136,0.17986354,0.5905518,-0.06843562,0.18854491,0.6532362,-0.054205447,0.28258243,0.599513,-0.0560958,0.26904103,0.50407606,-0.07394549,0.24420035,0.558484,-0.067317925,0.24180448,0.6053441,-0.056846343,A
0.22358552,0.99589455,-6.2086056e-09,0.1302104,0.9333639,-0.019650934,0.06871466,0.79766214,-0.037947334,0.043570355,0.680045,-0.06127551,0.033016473,0.5937067,-0.07776042,0.09870614,0.67764634,-0.0062238737,0.069527075,0.5937196,-0.03317739,0.075954154,0.6984791,-0.033342384,0.09588147,0.7551279,-0.03119546,0.15701121,0.67101836,-0.023276396,0.12968403,0.5930646,-0.080902636,0.13138567,0.723229,-0.093023226,0.14806022,0.76672727,-0.08443005,0.21812308,0.67683077,-0.04380356,0.19425659,0.5935221,-0.09127752,0.18264236,0.715019,-0.080886245,0.19669369,0.77360064,-0.059925504,0.28435725,0.69131714,-0.06841771,0.2632201,0.6008247,-0.086849764,0.24252254,0.6721334,-0.07519891,0.24607328,0.72056097,-0.060135175,A
0.27559584,1.0174881,-6.1273315e-09,0.19130461,0.96204084,-0.02495424,0.12821773,0.84726864,-0.04269622,0.11115317,0.7378657,-0.063823394,0.118504405,0.65784633,-0.07952729,0.17855477,0.73871946,-0.007926118,0.15587726,0.6703569,-0.029109415,0.16201049,0.7709214,-0.028073046,0.17784467,0.83106977,-0.026191518,0.23706125,0.73054785,-0.018549139,0.21920776,0.6716465,-0.06608725,0.22093487,0.78814864,-0.07905284,0.23144494,0.8317838,-0.07435279,0.2961558,0.73801124,-0.032952562,0.285683,0.6723584,-0.07318443,0.27725405,0.77174026,-0.07197659,0.2817297,0.82024795,-0.060329456,0.3584667,0.7592587,-0.05089895,0.35242558,0.68902135,-0.06814323,0.33672038,0.7504593,-0.06391774,0.33322126,0.79138345,-0.05584672,A
0.3270333,1.0092642,-8.608098e-09,0.25245482,0.94675624,-0.025460435,0.1934665,0.8350114,-0.043966863,0.17914632,0.73501337,-0.06537625,0.18776843,0.6572774,-0.081297204,0.24457355,0.71712965,-0.012232729,0.2215794,0.673083,-0.03586041,0.2242414,0.76481575,-0.037483107,0.23457748,0.8137588,-0.037451282,0.30566883,0.7085695,-0.02268564,0.2851796,0.68211824,-0.06797955,0.2836763,0.7899021,-0.077402346,0.29028863,0.81786865,-0.072542444,0.36723167,0.72037107,-0.037631784,0.35037047,0.6977283,-0.076880656,0.33967352,0.78838557,-0.074125044,0.3411776,0.81343204,-0.06295224,0.43112892,0.74670285,-0.05625775,0.4120452,0.72755915,-0.071935154,0.39321226,0.78931445,-0.06777497,0.3892879,0.8079134,-0.06058604,A
0.40397832,0.9827625,-4.5244493e-09,0.3310458,0.940949,-0.048128612,0.27457315,0.82331324,-0.07314871,0.2603587,0.7117691,-0.09668545,0.2613854,0.6362933,-0.11512391,0.319014,0.7166936,-0.03322186,0.3188518,0.6540061,-0.0687475,0.3204422,0.74988663,-0.07738675,0.32373357,0.79622,-0.081212394,0.38329756,0.70330846,-0.03509075,0.38690993,0.65828437,-0.09479549,0.3819012,0.77919716,-0.11196559,0.38162786,0.80851394,-0.10948332,0.44529122,0.7099789,-0.044219382,0.45298246,0.65990734,-0.099020906,0.43791962,0.76609004,-0.10341989,0.43023506,0.7999488,-0.09294156,0.50574344,0.7333379,-0.058363292,0.51944697,0.6779921,-0.0883946,0.5002263,0.73630726,-0.09286724,0.4852324,0.758544,-0.08907544,A
0.4482799,0.9859397,-6.4554038e-09,0.36579353,0.9323786,-0.04331603,0.29920876,0.79845136,-0.06476094,0.28423193,0.6752441,-0.08620057,0.309523,0.5941402,-0.10119445,0.34855282,0.67735136,-0.018213166,0.3477502,0.61174905,-0.047979597,0.3511001,0.71702445,-0.0528576,0.35868657,0.7638096,-0.05464705,0.4160096,0.6731162,-0.021986105,0.41852418,0.61981726,-0.078364074,0.41472965,0.7471217,-0.09507793,0.41728598,0.77330166,-0.09124014,0.48335993,0.6860292,-0.03252174,0.49042842,0.6277747,-0.0843734,0.47417066,0.7399812,-0.0855248,0.47032598,0.7777371,-0.07196132,0.55066586,0.71124697,-0.04808645,0.56032157,0.64806646,-0.07442936,0.5377873,0.7163173,-0.07402527,0.5260931,0.7479613,-0.06632813,A
0.4825872,0.94749266,-1.1075611e-08,0.40262696,0.8842821,-0.044033647,0.3339672,0.7478809,-0.066159084,0.31017146,0.62343144,-0.08894195,0.3280025,0.534312,-0.10370896,0.3854009,0.6116329,-0.013187495,0.37467206,0.53432935,-0.040847566,0.3788495,0.63845414,-0.042879146,0.3918038,0.6849818,-0.042863194,0.45025766,0.60732937,-0.017455876,0.44242507,0.53997016,-0.07380582,0.44005713,0.6696799,-0.08765877,0.44887152,0.68898904,-0.08027807,0.51566863,0.6152788,-0.029067762,0.5150717,0.5437116,-0.079727806,0.50089216,0.6566219,-0.07711984,0.5053169,0.6885629,-0.060098488,0.5847857,0.63505334,-0.046333577,0.5862687,0.5596453,-0.0686366,0.5677006,0.6306311,-0.06422024,0.56591296,0.6633274,-0.053424228,A
0.5039798,0.87994903,-5.8915837e-09,0.41735488,0.8299087,-0.062850304,0.3422827,0.667519,-0.086588226,0.3206898,0.5205697,-0.10636387,0.3411727,0.42694426,-0.11794655,0.39725596,0.53522664,-0.024500022,0.40394494,0.44462758,-0.05875295,0.41107845,0.55851775,-0.06348468,0.41566044,0.59985816,-0.064512104,0.46774676,0.5303673,-0.01929675,0.47202647,0.44911772,-0.08253713,0.4701151,0.5980097,-0.09918376,0.47201464,0.61446553,-0.091370165,0.53629893,0.53531957,-0.02391941,0.5486928,0.45043153,-0.08344772,0.5324551,0.58149517,-0.085161306,0.5268343,0.6151282,-0.067708164,0.60649306,0.5467056,-0.035516307,0.61899465,0.47161335,-0.06310328,0.5972327,0.5576944,-0.06292337,0.58503056,0.5910522,-0.053374656,A
0.5115173,0.83804595,-3.159413e-09,0.42298648,0.78118515,-0.059507344,0.342808,0.6273383,-0.08127509,0.31922606,0.48316014,-0.100106746,0.34727812,0.3900772,-0.11118711,0.39442554,0.49837786,-0.014876391,0.4004493,0.40781277,-0.043455515,0.40989295,0.51879466,-0.046447355,0.41414416,0.55941594,-0.04723359,0.46469307,0.4889555,-0.01036612,0.47129366,0.4041987,-0.067858644,0.47154653,0.54665464,-0.08536019,0.469966,0.56687176,-0.079485044,0.53390896,0.49268156,-0.015312772,0.5488453,0.40414,-0.06984101,0.53604,0.52939904,-0.07451402,0.5282179,0.56778336,-0.060255263,0.60397595,0.505704,-0.026824202,0.6190896,0.4253944,-0.053287737,0.6001072,0.5016835,-0.05598988,0.5858293,0.5338034,-0.04912504,A
0.5239017,0.7963637,-2.1945261e-09,0.4323291,0.7409115,-0.07642225,0.3459193,0.5835992,-0.10203117,0.3177324,0.4324032,-0.12053731,0.3426311,0.3380366,-0.13022597,0.3829466,0.44334453,-0.02847467,0.39570948,0.34584457,-0.060001403,0.41054,0.46404102,-0.06347157,0.41272932,0.501118,-0.06495211,0.45609325,0.4329933,-0.016339632,0.46833056,0.34236026,-0.07636837,0.47519243,0.49211204,-0.09366659,0.47128978,0.5026885,-0.08761267,0.5268108,0.4353865,-0.015301938,0.5473011,0.3369129,-0.07482367,0.5387325,0.46590292,-0.08172619,0.5272797,0.4977484,-0.06763175,0.59769565,0.44610563,-0.021861307,0.6172478,0.36763185,-0.05109989,0.6023446,0.44881734,-0.055701017,0.5863309,0.47943074,-0.04955172,A
0.5187335,0.7548158,-6.057782e-09,0.42439795,0.6916973,-0.0679454,0.33893973,0.5335443,-0.09410056,0.3089406,0.3803747,-0.11738092,0.33152547,0.26853406,-0.13178141,0.3861171,0.37530267,-0.009972863,0.38653535,0.28195637,-0.03919472,0.4018076,0.40757808,-0.04215605,0.41228163,0.4559628,-0.043515332,0.4597266,0.36370304,-0.0053435424,0.46179,0.27358493,-0.067065686,0.4671122,0.43318275,-0.08741172,0.4680235,0.45866728,-0.08183665,0.5306326,0.36760002,-0.0121113155,0.5384971,0.2722623,-0.07385981,0.528699,0.40957975,-0.08301453,0.52466553,0.4474759,-0.06983136,0.6024097,0.38295707,-0.025853148,0.6090691,0.29902142,-0.05754622,0.59201086,0.3889834,-0.062282674,0.58208704,0.42770806,-0.055699363,A
0.5390165,0.71722615,-4.329733e-09,0.4377833,0.65677136,-0.0523699,0.35151297,0.49326587,-0.07580735,0.32900977,0.3384106,-0.10102779,0.35301685,0.22594349,-0.119388625,0.3991971,0.33555633,0.0024686456,0.4156936,0.23522766,-0.024402551,0.42790192,0.35668722,-0.029526282,0.42696607,0.4140961,-0.033070352,0.47475633,0.31818885,-0.001552065,0.4951515,0.22369601,-0.057585243,0.49640742,0.37375152,-0.08040169,0.48689142,0.41570055,-0.07983103,0.5475472,0.31987932,-0.015401695,0.57037616,0.22228292,-0.068778165,0.56116855,0.35232502,-0.078109145,0.5473142,0.40355748,-0.06896422,0.6200418,0.3342389,-0.035715796,0.63885957,0.24951403,-0.06087174,0.62482715,0.33517915,-0.06416961,0.607172,0.37942532,-0.059329603,A
0.538245,0.7012683,-1.1123237e-09,0.43204406,0.64555734,-0.06684024,0.34787917,0.47947532,-0.09019008,0.3274087,0.3155996,-0.11006325,0.34687704,0.20236485,-0.12042468,0.40291262,0.32920983,-0.004092131,0.41452482,0.21411707,-0.03210124,0.42854345,0.34413773,-0.034065694,0.42931998,0.39844435,-0.034392517,0.47915047,0.3153837,0.0026812584,0.49063906,0.20429687,-0.059668623,0.4942408,0.36937207,-0.08262067,0.48801002,0.39944732,-0.07749308,0.5514233,0.31406897,-0.0017029208,0.5680925,0.20364074,-0.0632164,0.56018215,0.34833428,-0.075000286,0.5510373,0.39413682,-0.061978206,0.62393826,0.3200801,-0.012598657,0.6403005,0.22428776,-0.04119542,0.6260009,0.31892836,-0.046496015,0.61275434,0.3634034,-0.04013433,A
0.53035975,0.68440163,-5.8187357e-09,0.41968545,0.60493475,-0.05300749,0.33212227,0.442561,-0.07457495,0.30389434,0.27596432,-0.097409226,0.3315835,0.1577528,-0.111559756,0.39616436,0.29468152,0.008710384,0.39473385,0.16593824,-0.01596067,0.40342066,0.2862442,-0.014456211,0.4127654,0.35299858,-0.012101478,0.47338068,0.28013662,0.0068538794,0.47483328,0.1527217,-0.05796755,0.4734904,0.3152323,-0.08150747,0.47657305,0.36922687,-0.07524973,0.5480966,0.28325632,-0.0046235025,0.5523311,0.15167178,-0.07096224,0.5382456,0.29502597,-0.08395856,0.538094,0.36565095,-0.0700265,0.62477124,0.30161536,-0.021359107,0.62739897,0.18828358,-0.053612825,0.6090678,0.27628744,-0.058924504,0.60413176,0.33782953,-0.051745813,A
0.52226555,0.6469599,-8.487171e-09,0.4103383,0.5648366,-0.047506385,0.31842965,0.38623518,-0.0682275,0.28724834,0.21564141,-0.09398715,0.31674045,0.091681704,-0.112813465,0.38286987,0.23585951,0.019472295,0.37809741,0.10328142,-0.0028311808,0.38540193,0.23013365,-0.0027855588,0.39870304,0.31121245,-0.0021058712,0.46485272,0.218501,0.0125082685,0.4667148,0.08370069,-0.051773034,0.4632342,0.24515349,-0.082183465,0.4689109,0.32646224,-0.081388526,0.5432462,0.22164834,-0.0033018012,0.5476481,0.08568181,-0.06721077,0.5311149,0.23176923,-0.08500156,0.531681,0.32529083,-0.07624309,0.62439483,0.24128821,-0.024600467,0.62387604,0.13012162,-0.05614599,0.6055498,0.22112246,-0.06297216,0.60144657,0.2956332,-0.0579622,A
0.54790163,0.62650985,-6.571459e-09,0.42857444,0.52773666,-0.037196513,0.34884337,0.344333,-0.0550222,0.3314706,0.17470515,-0.081410155,0.35156167,0.05423373,-0.10116142,0.40676987,0.19691585,0.041128714,0.40263745,0.04556641,0.019250136,0.40257356,0.15018839,0.01514273,0.41851592,0.24071203,0.013481646,0.48905045,0.18176639,0.02644695,0.495958,0.026955679,-0.0354892,0.4851886,0.1640141,-0.07521638,0.4922356,0.2581125,-0.08182811,0.5680318,0.18708986,0.0030182241,0.5781345,0.0365254,-0.05604444,0.55027145,0.15804805,-0.08121152,0.54813087,0.25799546,-0.08000083,0.65368456,0.2080599,-0.02625904,0.654556,0.07847574,-0.055202037,0.6260494,0.15310724,-0.06439056,0.61697423,0.23428032,-0.06281016,A
0.6317541,0.61784303,1.1290253e-08,0.51124716,0.4822598,-0.007699615,0.43800622,0.32244906,0.0075336713,0.4253595,0.1675516,0.007110168,0.4529503,0.067757905,0.009582505,0.47535008,0.19788808,0.14237334,0.47767523,0.04636343,0.14402175,0.4999737,0.099439755,0.1322813,0.5147035,0.17279287,0.12113663,0.5532631,0.17769247,0.12300087,0.5631632,0.023267418,0.08654033,0.58164585,0.105351165,0.018562028,0.59402204,0.1919564,-0.0146664,0.62555283,0.18097876,0.09184857,0.64026976,0.032259256,0.04014065,0.64611274,0.1020132,-0.036067076,0.65005195,0.18717706,-0.07253117,0.70011246,0.19463663,0.059077658,0.71872663,0.07196903,0.023694303,0.7141448,0.10128251,-0.023281107,0.7079565,0.15455006,-0.052263666,A
0.7364194,0.64686495,2.3696072e-09,0.6317999,0.5275936,-0.065656796,0.5654011,0.34906697,-0.078502335,0.56586915,0.16733328,-0.09295108,0.5980349,0.053524718,-0.10071493,0.61174,0.19532791,0.054334264,0.62650394,0.05430685,0.035072118,0.6527107,0.15991499,0.02225473,0.6642171,0.25521103,0.012688474,0.69435793,0.17813407,0.05896772,0.7174038,0.04107161,-0.00092290586,0.73355144,0.17446238,-0.06279531,0.73726636,0.26014426,-0.08767129,0.76796174,0.18610005,0.05000501,0.79840904,0.05407524,-0.01873098,0.8003906,0.15872912,-0.08258441,0.7984047,0.2465224,-0.10660458,0.84121805,0.20888892,0.0349757,0.8658897,0.09879841,-0.005501963,0.8621639,0.16379996,-0.0438685,0.8539053,0.23476574,-0.06393754,A
0.78329974,0.67211366,4.9790985e-09,0.6883638,0.572327,-0.094580755,0.6186089,0.40427363,-0.116803,0.60955274,0.21681723,-0.12907422,0.6395862,0.09434682,-0.12858036,0.6749323,0.22918773,0.022352962,0.71717876,0.09941153,0.0050143027,0.7295563,0.24344045,0.0061231987,0.72025937,0.3209888,0.006461395,0.755683,0.2270486,0.04752812,0.79406786,0.09819634,-0.012301954,0.79017067,0.28058726,-0.049434457,0.7728248,0.31748888,-0.0516584,0.82980174,0.23623098,0.05762139,0.8744683,0.10853006,-0.012312074,0.85877407,0.26474735,-0.049802884,0.83412,0.32061052,-0.04907431,0.90357465,0.25319314,0.06076524,0.9438851,0.14172636,0.025358574,0.92659384,0.2435949,0.002782754,0.899124,0.30472642,-0.0013380019,A
0.77724075,0.7060464,-1.4111654e-09,0.6832274,0.6069549,-0.08854704,0.61685216,0.4409321,-0.11141294,0.6066207,0.25585282,-0.1251513,0.64182,0.13977014,-0.12544392,0.6940493,0.27625933,0.012224302,0.72210336,0.1548146,-0.005857625,0.7223332,0.2951746,-0.0010760301,0.7196652,0.35708454,0.0022782933,0.77002496,0.2784798,0.032666583,0.79584914,0.15604368,-0.027679058,0.779872,0.33507013,-0.054678984,0.7699564,0.35722867,-0.048804555,0.84065074,0.29034847,0.038764253,0.87636626,0.16683255,-0.029854363,0.84978706,0.31797844,-0.054978393,0.8321218,0.36387298,-0.04511839,0.90928507,0.31240803,0.038172454,0.94599617,0.2063978,0.0041849096,0.92056304,0.29914296,-0.01104919,0.8986845,0.34991473,-0.008920073,A
0.7816968,0.7750782,5.01843e-10,0.69554925,0.68933785,-0.07830272,0.6287022,0.51276433,-0.10159405,0.61611825,0.33804148,-0.119168095,0.6556376,0.2341456,-0.12552695,0.7007561,0.36089617,0.00784663,0.72893417,0.24373806,-0.012323744,0.7337918,0.37558067,-0.009903862,0.7287154,0.43802336,-0.007927692,0.77472025,0.3602876,0.022216542,0.80210847,0.24736592,-0.032332756,0.7934774,0.41276255,-0.056671195,0.78309226,0.44122228,-0.052526325,0.8449703,0.36982062,0.023692235,0.8814685,0.25805956,-0.03454163,0.86177486,0.4007941,-0.053603467,0.8441256,0.4449307,-0.044846192,0.91482574,0.39154404,0.017772127,0.94850594,0.28957605,-0.00920479,0.92580676,0.38296494,-0.019085117,0.903861,0.43369654,-0.01573424,A
0.77704185,0.80047226,-6.4932776e-10,0.688838,0.7360219,-0.08805883,0.62580013,0.55205643,-0.11500178,0.62038064,0.37576732,-0.13227807,0.65315926,0.26886487,-0.13876544,0.6977534,0.4027261,-0.018123355,0.7328951,0.28890485,-0.043553118,0.73838663,0.4236821,-0.04135321,0.73016095,0.48975447,-0.03832514,0.77219856,0.40282738,0.0028159318,0.8033546,0.29630935,-0.055801764,0.79519695,0.46753615,-0.077090666,0.78109944,0.49917278,-0.070334375,0.8419387,0.41233,0.01143125,0.88200426,0.3098433,-0.04870005,0.8626718,0.45861974,-0.06394261,0.83897233,0.504094,-0.052321095,0.9092685,0.43057302,0.012301101,0.94839066,0.33798194,-0.015119414,0.92862093,0.4351595,-0.023492258,0.9035656,0.48240188,-0.018654985,A
0.7664651,0.83932364,3.374257e-10,0.68156826,0.7765666,-0.08295381,0.61603445,0.59932613,-0.11307732,0.6071802,0.43355364,-0.13484864,0.6408137,0.32639396,-0.14718057,0.6793107,0.4373178,-0.02628168,0.7149313,0.34161764,-0.054634634,0.7203908,0.4687839,-0.055868085,0.7113964,0.525645,-0.055353064,0.7561268,0.43671584,-0.008764151,0.789456,0.3499924,-0.06586219,0.77989036,0.5134832,-0.083746016,0.763541,0.5371925,-0.077012055,0.82934034,0.45058125,-0.0026523266,0.8667917,0.36758378,-0.05897661,0.8496146,0.50432205,-0.068672284,0.82854056,0.53777725,-0.056280885,0.9012644,0.47510996,-0.0043383813,0.9338615,0.40125346,-0.029278861,0.912566,0.49146172,-0.034211837,0.88815206,0.52424794,-0.02838728,A
0.75719005,0.9009937,-6.877468e-10,0.67446417,0.8326755,-0.06854981,0.6071465,0.6631056,-0.09504405,0.59533346,0.50424045,-0.11773366,0.6358954,0.4060384,-0.13156636,0.67452043,0.516354,-0.0105865905,0.6965324,0.42011422,-0.03596842,0.70143396,0.54516006,-0.036694415,0.6975447,0.59505403,-0.03661089,0.74609345,0.5135937,-0.0022517492,0.7685813,0.42330167,-0.057324406,0.76272607,0.58250654,-0.074948534,0.75413895,0.6081831,-0.06848458,0.81590766,0.5253257,-0.0044911564,0.84272796,0.4352059,-0.059076343,0.8275157,0.57263136,-0.06662052,0.8147784,0.6119482,-0.053405162,0.8866192,0.55031365,-0.013844865,0.9100755,0.46607703,-0.03856825,0.8883269,0.55700207,-0.04135448,0.87016237,0.59811217,-0.034325566,A
0.7748324,0.9897764,-3.1540956e-10,0.6938333,0.9235272,-0.06820754,0.6344857,0.75759107,-0.09392058,0.6281045,0.60504234,-0.11466793,0.66353,0.5086576,-0.12657593,0.70613843,0.6128357,-0.014350054,0.7241189,0.52537835,-0.039758988,0.72124135,0.65295815,-0.040862534,0.7161323,0.69670814,-0.04148412,0.7758181,0.615706,-0.006301843,0.7912198,0.535784,-0.061017863,0.78059065,0.690483,-0.07788287,0.77450716,0.70412254,-0.07173421,0.8427895,0.63248277,-0.008338116,0.8626702,0.55349714,-0.061555658,0.84322333,0.68500376,-0.06766813,0.8333107,0.7112221,-0.05444082,0.9104938,0.6593443,-0.017478475,0.9294425,0.587322,-0.041400548,0.90266645,0.67550385,-0.043594662,0.8854287,0.7046772,-0.036779553,A
0.77418774,0.9828247,-2.3559326e-09,0.6921238,0.9255604,-0.0649916,0.6280026,0.7799833,-0.09362088,0.6243731,0.6439993,-0.1184001,0.65981275,0.55359393,-0.13500185,0.6954723,0.63181216,-0.020202668,0.71034795,0.5635903,-0.048866898,0.7125204,0.6838844,-0.05319529,0.70788014,0.7317841,-0.05528237,0.76738626,0.62784255,-0.013757295,0.7796162,0.5732267,-0.06912673,0.77414125,0.72048706,-0.08636895,0.76578,0.73998785,-0.081531875,0.8357677,0.6420092,-0.016878797,0.8515612,0.5944483,-0.070168756,0.83616716,0.72192514,-0.07703239,0.8231754,0.7464521,-0.06555152,0.90503573,0.667148,-0.026591038,0.9196317,0.62567323,-0.051228825,0.89583224,0.7138908,-0.053968832,0.876371,0.7374952,-0.047977455,A
0.7187303,0.9781516,-5.62723e-09,0.6371468,0.919625,-0.05482757,0.58129,0.76849884,-0.08052503,0.5808265,0.63531214,-0.10526423,0.59810233,0.5531622,-0.12326352,0.6419393,0.64535487,-0.019643573,0.64096,0.5581363,-0.050914,0.6433457,0.6577084,-0.057108786,0.6492493,0.71180713,-0.059578974,0.70842427,0.6353775,-0.020347776,0.7112355,0.560446,-0.07463272,0.7034279,0.6901068,-0.09335457,0.7075127,0.7269071,-0.09143671,0.7719594,0.6437526,-0.02984033,0.7825591,0.57101077,-0.08038098,0.7645474,0.67861193,-0.086065985,0.7622887,0.7202318,-0.0768088,0.83932453,0.66769546,-0.046065092,0.8450881,0.6038203,-0.07041196,0.8215115,0.677552,-0.07140323,0.8130116,0.71626925,-0.06562811,A
0.63812006,0.9410421,-1.1373143e-08,0.55928475,0.86627644,-0.035693843,0.49607825,0.7231398,-0.056630857,0.47535592,0.5992319,-0.08128325,0.48259228,0.5164778,-0.099325106,0.5565959,0.5848538,-0.0010072911,0.5503439,0.5075204,-0.031215085,0.55206925,0.5999447,-0.037932754,0.55785626,0.64871347,-0.040746603,0.62260777,0.57727516,-0.012606434,0.6160204,0.5047152,-0.06872461,0.6114309,0.6307039,-0.08564918,0.6166833,0.6642561,-0.081235506,0.68767864,0.5871528,-0.032236256,0.68767136,0.5116521,-0.08348262,0.67069,0.6196236,-0.08387746,0.67022294,0.6595317,-0.07003719,0.75663114,0.61121976,-0.057540786,0.75580966,0.54202634,-0.08089313,0.7301664,0.61385643,-0.07780102,0.7207885,0.6503234,-0.068689965,A
0.5621427,0.92614275,-5.6459823e-09,0.4760335,0.8385056,-0.020441603,0.4130399,0.6892766,-0.033828046,0.39457273,0.5623903,-0.05420803,0.40211573,0.47813916,-0.069929,0.46902737,0.5825337,0.015389722,0.46285015,0.48265618,-0.008730936,0.45356774,0.54485047,-0.015164762,0.45922747,0.60365725,-0.017568355,0.5307576,0.5772821,-0.0021649494,0.5275661,0.47914022,-0.052006204,0.5121906,0.5703679,-0.07665724,0.5168866,0.63142073,-0.079604104,0.5923235,0.5889055,-0.025442056,0.59871686,0.48236638,-0.070788495,0.5707489,0.5589,-0.08117636,0.56436074,0.6246301,-0.07654147,0.65879124,0.6149035,-0.053106155,0.6711379,0.5128924,-0.07761195,0.6412752,0.5450696,-0.08163815,0.62446404,0.58794236,-0.07898581,A
0.53704035,0.93601024,-4.945991e-09,0.4431074,0.8615974,-0.03589292,0.37083876,0.7054934,-0.05365457,0.34600794,0.5659149,-0.074678816,0.35101682,0.4720777,-0.0885385,0.4183487,0.5848178,-6.237423e-05,0.4062104,0.48215193,-0.025627667,0.41109344,0.57800204,-0.027618455,0.42687273,0.64108855,-0.027507795,0.48230398,0.5753464,-0.009386583,0.4746298,0.47995704,-0.06558826,0.47183067,0.6023928,-0.08694743,0.48337916,0.65158194,-0.084877625,0.5468926,0.5798097,-0.024933822,0.5466521,0.4809931,-0.07575506,0.5297249,0.5909862,-0.08040616,0.53298384,0.6515597,-0.06876408,0.61739707,0.5964534,-0.045768034,0.62147915,0.502349,-0.069945045,0.5995181,0.5656534,-0.069354415,0.5926481,0.6127249,-0.06151405,A
0.5119437,0.9216772,-6.033899e-09,0.41606873,0.85397553,-0.042242657,0.33585557,0.7036262,-0.062894784,0.30497268,0.56051904,-0.085944094,0.31563336,0.45595306,-0.10098417,0.37619495,0.5721297,-0.0019219192,0.36172417,0.46614528,-0.03076359,0.3695388,0.57171774,-0.03299614,0.38426062,0.62778616,-0.03259134,0.44230485,0.55912286,-0.009026517,0.43071723,0.45945606,-0.07002645,0.43238515,0.5984568,-0.09022717,0.4435879,0.63713884,-0.0850147,0.508544,0.5580303,-0.023633651,0.50257844,0.45502958,-0.07955774,0.4899606,0.57944906,-0.08259263,0.4971064,0.63422894,-0.06726332,0.57997286,0.56644064,-0.04389438,0.5765301,0.47305018,-0.06934239,0.55746853,0.5496632,-0.06747655,0.5558769,0.59591925,-0.05744062,A
0.488762,0.9158553,-9.053037e-09,0.39313912,0.84366906,-0.035647403,0.31506753,0.6943674,-0.05368102,0.2811522,0.55498624,-0.07561546,0.28916588,0.4511718,-0.089004986,0.35353372,0.5602492,0.005799387,0.3262601,0.4487223,-0.017106371,0.33092773,0.5528977,-0.01388221,0.35365003,0.6159797,-0.010104122,0.41659227,0.5473286,-0.0047428277,0.3947709,0.44040933,-0.062459476,0.3957793,0.5748848,-0.07964812,0.41556826,0.6207921,-0.07182502,0.48068702,0.5481234,-0.021876935,0.46605182,0.44136578,-0.074574515,0.45256948,0.56235546,-0.074880965,0.46796498,0.61934596,-0.057640888,0.55170906,0.5600894,-0.044230275,0.5412547,0.45893833,-0.068478316,0.52218723,0.5281135,-0.0647187,0.5276073,0.57317144,-0.052932106,A
0.46764046,0.9074105,-9.970122e-09,0.37603748,0.8341179,-0.025564061,0.29671592,0.68647724,-0.042133376,0.25885683,0.55194366,-0.06510169,0.2740836,0.44757736,-0.08039363,0.3331726,0.55639946,0.010016088,0.30550963,0.44995522,-0.012234831,0.31492925,0.55296934,-0.008254599,0.3414492,0.61488444,-0.003759984,0.3946308,0.5435225,-0.005425921,0.37046856,0.43075672,-0.0649707,0.3726156,0.5643726,-0.08146713,0.3925882,0.61822826,-0.07239693,0.45767546,0.545454,-0.026203115,0.44118536,0.4322213,-0.07945465,0.4272668,0.5550375,-0.07735005,0.44200087,0.6211422,-0.057981905,0.52849317,0.55887276,-0.05119096,0.5177769,0.45410886,-0.07554008,0.49874052,0.5226819,-0.06977917,0.5032156,0.5714723,-0.05629332,A
0.43981317,0.89588404,-8.112501e-09,0.34198627,0.82373506,-0.016608989,0.26435432,0.6816304,-0.028940655,0.2314963,0.5506781,-0.049141373,0.23978797,0.44537154,-0.06265868,0.30728433,0.55459356,0.023040306,0.28095335,0.44589245,0.0049007437,0.28079265,0.5418575,0.009448048,0.302431,0.6063511,0.014360851,0.36675784,0.54031277,0.0042939396,0.34383762,0.4243346,-0.049558003,0.34143507,0.55132246,-0.06556566,0.36173362,0.6123916,-0.05697948,0.42819732,0.5407088,-0.01937661,0.41025168,0.42099434,-0.06789721,0.3952177,0.534553,-0.06624006,0.4109721,0.6019647,-0.048444904,0.49797487,0.553506,-0.046687525,0.4834579,0.44429135,-0.068254955,0.4630586,0.51105785,-0.061613902,0.46825886,0.5644138,-0.04834622,A
0.4209686,0.88789004,-6.2777197e-09,0.3224017,0.8317562,-0.024570659,0.24091667,0.6915884,-0.03753665,0.20801702,0.5577701,-0.056072198,0.21555126,0.45060056,-0.068044834,0.27155298,0.5746895,0.01478939,0.24615346,0.46228516,-0.0062035504,0.25698018,0.5585808,-0.0029675816,0.28188536,0.6231455,0.0014576293,0.33317897,0.55355144,0.0015779991,0.3100982,0.4342708,-0.0561721,0.31436932,0.55945885,-0.07525654,0.3338674,0.62199533,-0.06825272,0.39490634,0.5490769,-0.017114578,0.37646437,0.4244856,-0.07099738,0.36611006,0.54029334,-0.07462451,0.3799773,0.6153012,-0.05877703,0.46285683,0.55672646,-0.039415035,0.45181,0.4525112,-0.066541895,0.43462852,0.5119031,-0.06564954,0.43706617,0.5614364,-0.05535219,A
0.39296213,0.87559986,-7.713499e-09,0.2953515,0.8162223,-0.015916405,0.2165553,0.6809228,-0.028488552,0.18514054,0.555736,-0.048736,0.18978727,0.45390534,-0.063782476,0.25080234,0.56178117,0.019974604,0.22790517,0.45229295,-0.0016020582,0.22595477,0.52985364,-0.0028912153,0.24309926,0.5914712,-0.0010651283,0.31054986,0.5434171,0.0019362868,0.28737286,0.42810112,-0.051337034,0.2819193,0.5374762,-0.07216656,0.2989941,0.6060253,-0.06865077,0.37078837,0.54110676,-0.020915145,0.354132,0.41614425,-0.06840996,0.3336394,0.5143959,-0.073138766,0.3411351,0.59096605,-0.061205648,0.4380746,0.55050766,-0.047382414,0.42726293,0.44018102,-0.07076119,0.40260267,0.4842784,-0.06986914,0.39799026,0.5325141,-0.061618138,A
0.36589426,0.88890445,-6.009096e-09,0.2670074,0.8265264,-0.01276554,0.18950963,0.6857752,-0.020513905,0.1578623,0.55792135,-0.036050573,0.16101272,0.4610678,-0.045660716,0.22480235,0.569242,0.025813544,0.1990056,0.45634663,0.0069430163,0.19875987,0.54283005,0.009420005,0.22010493,0.60698944,0.0136541,0.28175858,0.55226475,0.0069599524,0.2569706,0.43482584,-0.047210548,0.25410357,0.55063367,-0.06634437,0.274873,0.6167216,-0.06056444,0.34054768,0.55024785,-0.016458476,0.32122165,0.42041323,-0.065670155,0.30473578,0.52543,-0.0686902,0.31798634,0.60308564,-0.05427539,0.4066169,0.55810237,-0.043216236,0.39669964,0.44249314,-0.06811814,0.37173638,0.48378128,-0.06753682,0.3679393,0.5272499,-0.058705494,A
0.3385406,0.8900418,-5.857185e-09,0.23282254,0.830213,-0.0180704,0.15788066,0.69469225,-0.027973741,0.1318902,0.5627736,-0.04476357,0.13703877,0.469668,-0.05481562,0.18957442,0.5737596,0.025550455,0.16389993,0.46299565,0.007822034,0.16872135,0.55874544,0.010578792,0.19075948,0.6203481,0.014082232,0.24760723,0.55196434,0.008529304,0.22435497,0.44182867,-0.04296211,0.22834288,0.5705393,-0.061988942,0.24937877,0.6284831,-0.056848556,0.3084745,0.54270107,-0.013563757,0.288823,0.4234374,-0.06055704,0.27852675,0.54052037,-0.06381048,0.29448688,0.6123395,-0.050329145,0.37785357,0.5443468,-0.039444514,0.36063695,0.43760294,-0.05992553,0.341245,0.5009616,-0.057382558,0.34475103,0.55411965,-0.04809177,A
0.28539127,0.9143697,-8.106395e-09,0.19005798,0.85304797,-0.015559789,0.11256094,0.72108245,-0.023201885,0.08022864,0.59347606,-0.037579376,0.09036532,0.49607617,-0.045264482,0.14942716,0.5992395,0.026866876,0.12581304,0.49416363,0.010736566,0.1300258,0.5913751,0.015595547,0.1511402,0.65635616,0.02093118,0.20511808,0.58065426,0.011057049,0.18175115,0.47076076,-0.04194514,0.1825096,0.5973629,-0.0596452,0.19985858,0.65955675,-0.052494157,0.26256236,0.5763765,-0.009440643,0.24222724,0.4519969,-0.059076775,0.23150043,0.5678605,-0.062391333,0.24542123,0.64762723,-0.046931215,0.327756,0.583091,-0.032908846,0.31706154,0.4774183,-0.057093523,0.298642,0.5207668,-0.05711969,0.29822358,0.5603726,-0.048308052,A
0.27328473,0.9123578,-7.811552e-09,0.17157385,0.858377,-0.02776497,0.093052626,0.7184336,-0.04267109,0.0648824,0.5853371,-0.06205763,0.073817655,0.48937562,-0.07473797,0.12089728,0.591758,0.0070885,0.095047355,0.48758942,-0.01593366,0.10240012,0.592147,-0.01406559,0.12485145,0.6507552,-0.010682776,0.18234435,0.5721579,-0.006445595,0.15516631,0.46346948,-0.06469408,0.15772131,0.5967207,-0.0820331,0.17900082,0.6491192,-0.074700475,0.24511018,0.5680016,-0.025620447,0.22425611,0.4466387,-0.07902479,0.20987391,0.5659405,-0.08017892,0.22498722,0.634574,-0.06375869,0.31371325,0.57568944,-0.049143396,0.29893786,0.4729722,-0.074319504,0.2764581,0.53865814,-0.07165126,0.27853397,0.58817905,-0.061203763,A
0.28252032,0.89289665,-7.792298e-09,0.17997707,0.8383069,-0.022921287,0.09947618,0.7024866,-0.034485918,0.068688944,0.5693035,-0.051724683,0.07702249,0.4701479,-0.06236311,0.13276199,0.5779792,0.016988454,0.10595757,0.46774983,-0.0021165432,0.110192694,0.5663914,0.0021862872,0.13253376,0.62583536,0.0070182555,0.19100162,0.5583456,0.0025386643,0.16507857,0.44469136,-0.051650036,0.16616829,0.5754074,-0.06825035,0.18708102,0.6320294,-0.060359035,0.25112513,0.5526257,-0.017256856,0.22792289,0.42969793,-0.06832274,0.21527065,0.5514623,-0.069609545,0.2318775,0.6244127,-0.052974712,0.31836155,0.5580979,-0.04094531,0.2994948,0.45650035,-0.065395474,0.27914935,0.5229051,-0.06266687,0.28348085,0.57434493,-0.051696975,A
0.2874934,0.82985693,-8.808088e-09,0.18326439,0.77501994,-0.011733295,0.10275135,0.6409776,-0.021331822,0.07367796,0.5139778,-0.039108474,0.08204627,0.41651136,-0.051242087,0.13731128,0.51797295,0.025104832,0.11621345,0.41034704,0.010989302,0.12246233,0.50459725,0.015563701,0.14218171,0.56929636,0.019686226,0.19483906,0.4965495,0.0063944245,0.17351876,0.3860212,-0.039454117,0.1770449,0.5083618,-0.055802047,0.19556998,0.57406473,-0.05049102,0.25561047,0.4878605,-0.015904555,0.23620075,0.3741482,-0.055479962,0.22773835,0.48785174,-0.05583434,0.24116644,0.5633799,-0.042706575,0.3245604,0.4903651,-0.041567173,0.30709124,0.3926095,-0.056379516,0.29133385,0.46010202,-0.05076029,0.29497847,0.51756424,-0.04056898,A
0.29536813,0.76409394,-7.720313e-09,0.1914455,0.7145233,-0.013822673,0.108828254,0.5900806,-0.022373581,0.07418214,0.46864417,-0.038452793,0.079209775,0.3674208,-0.04889937,0.13869086,0.46366626,0.03092668,0.11366457,0.35802588,0.020778464,0.12599492,0.4503336,0.026862163,0.14823958,0.51282454,0.03157448,0.1970936,0.43925714,0.015335386,0.17090783,0.3304469,-0.02713018,0.1804621,0.44892752,-0.043980636,0.20162582,0.51161253,-0.03868657,0.25945568,0.42833978,-0.0042554843,0.23579854,0.31469005,-0.042176675,0.23180345,0.42220825,-0.046055786,0.24755181,0.49209863,-0.034935977,0.33046955,0.42849347,-0.026857834,0.3106235,0.3326093,-0.04161707,0.297255,0.39841652,-0.038465828,0.30329522,0.45266962,-0.029655183,A
0.29479116,0.7072287,-8.701137e-09,0.19327581,0.658392,-0.011117622,0.109868616,0.5305205,-0.020585591,0.07216877,0.40837976,-0.03905201,0.07863738,0.30118138,-0.05221499,0.14284794,0.40205413,0.032809906,0.11461718,0.29409656,0.02194132,0.124087825,0.37842134,0.027321959,0.15023711,0.44435686,0.03207317,0.2016667,0.37998185,0.014820929,0.17605136,0.26313478,-0.03035152,0.18352489,0.3746588,-0.048826523,0.20678021,0.448347,-0.043765154,0.26410475,0.37076443,-0.0069710216,0.24395262,0.24955662,-0.04685529,0.238288,0.35513854,-0.050933477,0.2544169,0.43575093,-0.03924213,0.33621106,0.37377933,-0.03174831,0.32172304,0.26511523,-0.049691815,0.3062245,0.32356626,-0.047217786,0.3087821,0.38364607,-0.038061853,A
0.28221807,0.69268405,-7.3832784e-09,0.17886525,0.6350808,-0.01489969,0.094627306,0.5061813,-0.02649986,0.053678483,0.38079366,-0.046446268,0.055693507,0.2765321,-0.06022474,0.12758055,0.3734002,0.025827298,0.09598949,0.26019076,0.007852503,0.109463595,0.3590822,0.011915009,0.13721204,0.42235625,0.016676702,0.18961336,0.34953102,0.0077513023,0.16083196,0.22965665,-0.048341382,0.17052524,0.36123776,-0.066491775,0.19437689,0.42667544,-0.05818462,0.2545591,0.33964404,-0.01493938,0.23051111,0.21330664,-0.06519719,0.22517474,0.3355315,-0.0659612,0.24402873,0.41328436,-0.048621174,0.3274013,0.34260303,-0.040888093,0.30701676,0.23345819,-0.062699735,0.28996503,0.3060599,-0.05780311,0.295613,0.36694333,-0.04541561,A
0.2811582,0.66290736,-8.09225e-09,0.17772603,0.6090052,-0.020605987,0.088151656,0.47811237,-0.03291159,0.045786962,0.35150072,-0.053165793,0.049486578,0.2468235,-0.06782249,0.12485146,0.34313765,0.025512278,0.09464666,0.22540773,0.0045610047,0.10219329,0.3154904,0.0046244343,0.12719646,0.3817588,0.007254087,0.18541858,0.3185558,0.009068518,0.1571953,0.19516128,-0.0500133,0.16777992,0.32387874,-0.07378622,0.19455332,0.39941582,-0.06902249,0.24813432,0.3082475,-0.012924206,0.22540228,0.17817488,-0.06716489,0.22151087,0.2974547,-0.0743917,0.24137723,0.3819798,-0.060920827,0.31965393,0.30945316,-0.038840212,0.30136278,0.19571985,-0.06524383,0.2860397,0.2604738,-0.06557068,0.29034814,0.32194963,-0.05657524,A
0.2792228,0.6442283,-6.320795e-09,0.17257287,0.58801025,-0.018710064,0.0805621,0.45548588,-0.029607888,0.03825496,0.32680184,-0.049083207,0.045126885,0.22328143,-0.063390605,0.11144013,0.32731307,0.031226708,0.081894025,0.20648496,0.010529235,0.08780301,0.28947335,0.009232027,0.10978799,0.35117632,0.010795189,0.17271903,0.3005571,0.013382486,0.14272511,0.17059511,-0.042576447,0.1488668,0.2906938,-0.06782345,0.17285162,0.3638096,-0.06536268,0.23612636,0.28926167,-0.010451937,0.21128082,0.15455624,-0.06258833,0.20337394,0.2661818,-0.07259415,0.22175409,0.34855932,-0.06191766,0.30827737,0.28948316,-0.038199082,0.28614435,0.18055357,-0.06330661,0.26934144,0.24520126,-0.064609244,0.27481085,0.30653653,-0.056939147,A
0.28063592,0.62073505,-6.5052768e-09,0.17361243,0.5647976,-0.0199964,0.081977524,0.43243742,-0.033010557,0.03772679,0.3054912,-0.0549272,0.040501237,0.19819956,-0.07169125,0.10556423,0.30307844,0.031753715,0.07353043,0.1830834,0.010250081,0.083687715,0.2616611,0.008059658,0.11029168,0.32477227,0.009302563,0.16773565,0.27442566,0.014235106,0.1366306,0.1457328,-0.042516895,0.14926803,0.26583287,-0.06830872,0.17740968,0.3429522,-0.06568776,0.23323625,0.26139262,-0.009436544,0.20791182,0.12922613,-0.061171915,0.20435482,0.24245659,-0.070273235,0.22498064,0.3263794,-0.059079517,0.30803844,0.26092786,-0.037355345,0.2853042,0.14951743,-0.061361626,0.27163836,0.2153568,-0.061311517,0.2793855,0.27793342,-0.05270747,A
0.29791546,0.57722604,-8.798698e-09,0.18744308,0.52432704,-0.027749076,0.09153748,0.38354632,-0.043955147,0.048337072,0.24486822,-0.06733495,0.0568126,0.1370857,-0.08427895,0.12123518,0.2483579,0.018578062,0.0881565,0.12714447,-0.004661415,0.1012296,0.22425243,-0.0041352087,0.12956548,0.2896935,-0.001417708,0.18642396,0.2185007,0.0030120942,0.15582067,0.090960324,-0.05722304,0.16957077,0.22316599,-0.08041039,0.19720176,0.2930966,-0.07560327,0.2545877,0.20447193,-0.018907206,0.2313745,0.07108459,-0.0742226,0.22776693,0.19602533,-0.08041304,0.24785072,0.28003776,-0.066357665,0.3320382,0.20323318,-0.045571268,0.3115213,0.08835994,-0.07106442,0.2969107,0.16230972,-0.069761276,0.30338523,0.22802389,-0.059872802,A
0.30337867,0.562747,-6.870477e-09,0.18995938,0.5079105,-0.029533954,0.0940027,0.36149272,-0.046589263,0.056327432,0.21832362,-0.07067741,0.06664769,0.111937165,-0.088483065,0.12281894,0.22582749,0.017022869,0.094649665,0.095443055,-0.011894875,0.10162758,0.18605587,-0.014776309,0.12650998,0.25341076,-0.013380618,0.18916087,0.19580945,0.00038469493,0.16158788,0.05772744,-0.064316474,0.17004462,0.19336745,-0.08884596,0.19614735,0.26800832,-0.08414527,0.2574252,0.18221001,-0.02353882,0.23650387,0.041024536,-0.08326358,0.2297881,0.16726777,-0.089787714,0.24979752,0.25096315,-0.075185016,0.335295,0.18179086,-0.052747693,0.31500053,0.06709665,-0.08079666,0.30026382,0.14392442,-0.079486914,0.3087327,0.20872653,-0.06917672,A
0.34749123,0.5460115,-5.8390572e-09,0.23183748,0.47874963,-0.019664163,0.14028734,0.33540124,-0.03198508,0.104528755,0.1956603,-0.053658847,0.116777286,0.09850718,-0.06975542,0.16865066,0.19579792,0.029772826,0.13876525,0.0702662,0.0048758676,0.14341325,0.1549593,0.0006631507,0.17086,0.22219941,0.00024746684,0.2325996,0.1684635,0.008488065,0.20751692,0.040841788,-0.0509641,0.2117623,0.16597286,-0.08023799,0.23673071,0.2403549,-0.08142066,0.3002809,0.15825078,-0.019192332,0.28297645,0.026965499,-0.07443342,0.2686114,0.14068343,-0.08840518,0.28267217,0.22428873,-0.081389226,0.3792777,0.16036095,-0.05134142,0.36160636,0.04733768,-0.07828476,0.33873665,0.113671884,-0.08205938,0.33882964,0.17934105,-0.0771958,A
0.40933642,0.5386999,-4.3299466e-09,0.29635563,0.4833348,-0.03688626,0.19938394,0.3374265,-0.056313038,0.16020256,0.19114454,-0.080913566,0.17117321,0.08111721,-0.09965297,0.2280033,0.2023455,0.009111008,0.20991096,0.06812741,-0.020304749,0.22929439,0.15781197,-0.025261661,0.2502437,0.22973897,-0.025845766,0.29783696,0.17037314,-0.0020852198,0.28269768,0.038928524,-0.06520193,0.29866257,0.17160195,-0.0927906,0.31627598,0.24912633,-0.092098944,0.36871445,0.15885252,-0.02061541,0.35846663,0.018322065,-0.079833716,0.3572981,0.13891295,-0.0935158,0.368616,0.22771832,-0.084586054,0.44585472,0.16341615,-0.04432995,0.4410655,0.04996422,-0.073425755,0.4288435,0.10854818,-0.07892462,0.42745504,0.16373742,-0.07422779,A
0.44287145,0.52419925,-2.8648781e-09,0.32630253,0.4645331,-0.028102595,0.23386957,0.32561672,-0.04254243,0.20000786,0.18214938,-0.06466844,0.2106959,0.074222505,-0.081981525,0.26353008,0.19003528,0.028770838,0.24624923,0.059429035,0.0067551513,0.26360536,0.14535347,0.0023303535,0.28289914,0.22013867,0.00096123136,0.33187512,0.15844089,0.014512066,0.31676078,0.032350004,-0.03969151,0.33247405,0.15507917,-0.07019756,0.3513207,0.23746891,-0.0736023,0.40103295,0.14852235,-0.0066233957,0.3903335,0.016027406,-0.058534443,0.38797387,0.12705272,-0.07697652,0.3976259,0.21721187,-0.0736231,0.47738248,0.15463048,-0.032329176,0.47066838,0.041998073,-0.05753627,0.45780677,0.10119435,-0.064668514,0.45496324,0.16471986,-0.0625956,A
0.4705515,0.5075646,-2.057954e-09,0.35424298,0.44490004,-0.051729437,0.26317477,0.30487987,-0.06628626,0.22774982,0.14648718,-0.082547784,0.23991156,0.04044932,-0.09054585,0.29101765,0.17324977,0.02767672,0.2685161,0.045113817,0.0071711075,0.29040006,0.15205441,0.006289714,0.31321812,0.22029647,0.006906384,0.36354306,0.14235139,0.027433451,0.3451418,0.017940924,-0.03280603,0.3612502,0.16130796,-0.06715675,0.37746745,0.22232018,-0.069643535,0.43460432,0.1305306,0.01734155,0.4238791,0.0077108294,-0.047432177,0.4192921,0.14170933,-0.07469226,0.42940205,0.22256246,-0.070858136,0.5118009,0.13041618,0.0022079179,0.5026482,0.023993194,-0.031160902,0.48866877,0.09974548,-0.045421083,0.4897356,0.1621782,-0.045314778,A
0.48867196,0.5128496,-2.626582e-09,0.3780048,0.45155945,-0.051227998,0.28350812,0.30779356,-0.0645562,0.24390183,0.14707309,-0.080540024,0.25699633,0.035770714,-0.08934578,0.31142613,0.1751849,0.033412408,0.29250586,0.045026958,0.011754287,0.3158421,0.1436536,0.0075852163,0.33880812,0.2129491,0.0058511766,0.38378757,0.14273912,0.032487504,0.3680967,0.011460215,-0.030281525,0.38476548,0.14858617,-0.07016608,0.40111116,0.21846229,-0.07628243,0.45337176,0.13074027,0.021201432,0.44376636,-0.0034779608,-0.047493186,0.44217992,0.1251562,-0.08143769,0.45365986,0.21416987,-0.081598975,0.52940625,0.13134065,0.005038754,0.52207595,0.023161784,-0.033073433,0.510655,0.09268595,-0.052582856,0.51202524,0.15661511,-0.05591264,A
0.5067011,0.5237955,-3.7307804e-10,0.39470616,0.4563173,-0.040124003,0.30568337,0.31677958,-0.051057715,0.26889732,0.16212133,-0.06680826,0.28378022,0.049986422,-0.075495854,0.3340022,0.18632425,0.044990312,0.31652775,0.057075486,0.028693685,0.33702695,0.15150882,0.026428664,0.35560566,0.218099,0.025512623,0.4042609,0.1558835,0.040577717,0.39048392,0.029825881,-0.012342572,0.4055731,0.1610433,-0.047588818,0.419575,0.2259256,-0.05246785,0.47308815,0.14443806,0.026849017,0.4655419,0.01715222,-0.030858662,0.46130317,0.1383464,-0.058853567,0.46993896,0.21859802,-0.057781518,0.5484264,0.14523348,0.00873614,0.5436188,0.035062566,-0.020446302,0.53078556,0.10624978,-0.033647098,0.53046405,0.17068803,-0.033962842,A
0.5314922,0.5638119,7.240453e-10,0.42585832,0.5051074,-0.044970695,0.3349805,0.35858005,-0.05990893,0.29812604,0.2073837,-0.07780395,0.3154753,0.09434736,-0.08906958,0.37140185,0.2215385,0.029078266,0.3690318,0.09834845,0.0095841475,0.3929168,0.20424151,0.0072252085,0.40259722,0.2694818,0.0064791525,0.43950757,0.19483471,0.027140867,0.43797445,0.07422888,-0.025025792,0.45204693,0.2158319,-0.0541263,0.4549173,0.27440748,-0.05567426,0.5056061,0.1865192,0.015945341,0.507552,0.06184496,-0.03655498,0.5081192,0.18946813,-0.054933503,0.5099274,0.26317716,-0.049125776,0.573769,0.19106904,-0.0006707989,0.57371634,0.08815369,-0.024505038,0.56671613,0.16492906,-0.03199883,0.56508535,0.2215341,-0.029142508,A
0.5317404,0.6065922,1.0282714e-09,0.42362225,0.5519272,-0.044896174,0.33294934,0.4137351,-0.061066628,0.2963352,0.2668373,-0.07972765,0.31304914,0.15667754,-0.09073365,0.36988577,0.27476448,0.028617255,0.36216354,0.15531209,0.009917388,0.38358885,0.26008588,0.008777174,0.39366886,0.32131305,0.0086580785,0.43672547,0.24913466,0.026544008,0.42954665,0.13057782,-0.023087332,0.44230062,0.26921904,-0.049157165,0.44542634,0.3165121,-0.049157463,0.5017908,0.23902161,0.015235741,0.49760234,0.117756754,-0.034486122,0.4954213,0.2428486,-0.049188487,0.4988155,0.30612096,-0.04150471,0.570358,0.23961018,-0.001620542,0.5634382,0.1360149,-0.022855926,0.55385023,0.2166819,-0.027012926,0.55451894,0.27364832,-0.022047672,A
0.5488822,0.63436526,-8.3660107e-10,0.4412883,0.57456326,-0.045590345,0.3471832,0.43805352,-0.059971888,0.30817235,0.28510338,-0.07625254,0.3263294,0.17605434,-0.084479,0.38336474,0.30938563,0.026704948,0.37457845,0.18459915,0.009975169,0.3963661,0.29339096,0.012314227,0.40456864,0.34914798,0.014112769,0.4514957,0.28120416,0.025572974,0.44551522,0.15873034,-0.024957638,0.45901752,0.30075815,-0.04854912,0.4596853,0.34285393,-0.04589923,0.51814854,0.26978818,0.01502082,0.5140635,0.14348857,-0.039179645,0.51488066,0.270625,-0.055830315,0.516617,0.33227548,-0.047104307,0.5883008,0.26948038,-8.548853e-05,0.58458227,0.16884337,-0.024669077,0.5763027,0.24762726,-0.03179728,0.57420534,0.3012383,-0.027809026,A
0.5503629,0.662178,-1.1632888e-09,0.4488643,0.61961997,-0.05052851,0.35413578,0.4715309,-0.06783699,0.31729904,0.3168345,-0.084981106,0.33269048,0.20813471,-0.0943688,0.3858183,0.3393023,0.00867023,0.37607574,0.21678035,-0.012481478,0.40150058,0.33022743,-0.009832334,0.41279882,0.38923362,-0.0067820353,0.45318097,0.31194043,0.009898818,0.44317114,0.18961897,-0.04403073,0.4592154,0.33854407,-0.063545465,0.46396562,0.3859197,-0.05725224,0.51897,0.300586,0.0021929697,0.5128727,0.17671114,-0.052480955,0.5163836,0.31440198,-0.062080767,0.5219182,0.37876782,-0.04856602,0.5885794,0.29873738,-0.010842714,0.5838988,0.19959031,-0.035353493,0.5772493,0.28937495,-0.03796978,0.57751477,0.3445553,-0.030180598,A
0.5452298,0.68416685,-9.381529e-10,0.4454558,0.6437154,-0.056782067,0.35381323,0.49763086,-0.075159535,0.3169995,0.34664565,-0.09104794,0.33113402,0.23670019,-0.0981473,0.39184383,0.34854525,0.0070269005,0.3897192,0.23777194,-0.011378088,0.41255814,0.35741568,-0.009021424,0.42037278,0.4104693,-0.0073429686,0.45993492,0.328109,0.012224008,0.4589641,0.22346829,-0.03787538,0.47399372,0.3740816,-0.0572244,0.47350356,0.40778935,-0.052056164,0.52543056,0.32064277,0.008280359,0.5282888,0.21656363,-0.04147587,0.52915496,0.35209337,-0.05056972,0.5279229,0.39945784,-0.038490716,0.59179586,0.32061887,-0.001606,0.59395987,0.22539653,-0.02331576,0.5842707,0.318319,-0.02570699,0.57774305,0.36684784,-0.018655295,A
0.5534002,0.7321483,-1.114659e-09,0.4546714,0.67615306,-0.05151067,0.3597719,0.5327288,-0.07090859,0.32015276,0.38549662,-0.09069088,0.3384924,0.27107814,-0.10310125,0.39804927,0.38263845,0.012990678,0.4033928,0.2756272,-0.008432167,0.4237396,0.3823443,-0.011187168,0.42946115,0.4406791,-0.012735947,0.4675758,0.36594227,0.013342099,0.47197136,0.2653402,-0.038770054,0.48407897,0.40953904,-0.06300053,0.4822605,0.45556265,-0.062025215,0.5344419,0.36396837,0.0044270265,0.54129326,0.2568626,-0.048377734,0.5396708,0.38536975,-0.06202098,0.5346511,0.44376266,-0.053636387,0.6030958,0.37226596,-0.010186696,0.6089853,0.27276403,-0.0360255,0.5996875,0.35433513,-0.041305423,0.5901074,0.4067336,-0.03654694,A
0.54361814,0.80176437,-1.7792211e-09,0.4532692,0.7487241,-0.06774616,0.36254853,0.60805,-0.09516943,0.32592878,0.47168723,-0.11906038,0.35037464,0.3727163,-0.13463955,0.39093053,0.45212454,-0.016192535,0.38288435,0.36736068,-0.047337368,0.40416297,0.47560477,-0.05478579,0.4153906,0.51215905,-0.05933042,0.4581812,0.438957,-0.011011153,0.45192626,0.35646504,-0.07079131,0.46886382,0.50146526,-0.09311969,0.4725971,0.52003706,-0.09106708,0.5260606,0.43965298,-0.016093384,0.52752215,0.34691173,-0.073230445,0.52666706,0.47419947,-0.0811839,0.5267294,0.51083946,-0.06982187,0.5982177,0.4496843,-0.02871953,0.6007385,0.36662805,-0.057050325,0.58825207,0.4483994,-0.06007282,0.5816054,0.48443964,-0.054009162,A
0.5503744,0.8378982,3.7433087e-10,0.45777822,0.78331673,-0.06409842,0.36906993,0.6422787,-0.08849386,0.3350948,0.49884358,-0.109804474,0.3581447,0.39718974,-0.12291101,0.39986223,0.5070148,-0.009279849,0.39662707,0.40914658,-0.037490822,0.4199695,0.5138153,-0.04284923,0.42861056,0.5553779,-0.045784686,0.4670629,0.48784715,-0.003093345,0.46714,0.39698738,-0.058740374,0.4846786,0.53569853,-0.08120973,0.48393005,0.5569757,-0.079675905,0.53280586,0.48207852,-0.007094001,0.5401135,0.3828897,-0.061882354,0.5409821,0.50873697,-0.07279104,0.5362121,0.55286974,-0.06291177,0.6003013,0.48643544,-0.017819323,0.6084399,0.39626282,-0.044311132,0.5995007,0.47338054,-0.049377855,0.5898691,0.513803,-0.044696268,A
0.5408416,0.86260724,-9.508646e-10,0.45051727,0.8096853,-0.06683858,0.36253732,0.662302,-0.09107939,0.32962435,0.5155953,-0.11119783,0.35458875,0.41502088,-0.123052076,0.40504912,0.5302241,-0.014113017,0.40824187,0.43366733,-0.043819804,0.42649537,0.54248244,-0.048439343,0.43356887,0.5877062,-0.05020267,0.47187877,0.51416457,-0.005971601,0.47668397,0.42316407,-0.06464847,0.48712683,0.5664253,-0.086541496,0.48502424,0.5912315,-0.08344433,0.53615505,0.5105215,-0.008262791,0.54742867,0.4100364,-0.06656447,0.5430994,0.536748,-0.07844271,0.5358019,0.5816904,-0.06788092,0.60095453,0.51712805,-0.017223278,0.6120353,0.4286512,-0.046478085,0.59963363,0.5061472,-0.05322469,0.5870257,0.5469563,-0.04890376,A
0.5477749,0.8914834,-3.827124e-10,0.45581332,0.8435992,-0.06832963,0.36962938,0.6905535,-0.09137894,0.34107983,0.537236,-0.109805234,0.36124977,0.4393736,-0.119663514,0.41131037,0.56226015,-0.013868504,0.41605207,0.46443847,-0.044185095,0.4342794,0.5755986,-0.048599377,0.43928102,0.61910784,-0.05041307,0.4781264,0.5432551,-0.0050926036,0.48488423,0.45667723,-0.06364829,0.49453706,0.6015818,-0.084982604,0.490915,0.6201137,-0.0817874,0.5416473,0.53667235,-0.0071357205,0.55681455,0.44348365,-0.06540698,0.5512597,0.5756028,-0.07614034,0.5409127,0.61743957,-0.06476126,0.6058982,0.54040277,-0.0161994,0.6225529,0.4586287,-0.044296283,0.61010814,0.5415727,-0.05038841,0.5945859,0.58071256,-0.045626543,A
0.5472078,0.92441165,-2.4901297e-09,0.45697194,0.8674997,-0.058449496,0.37739426,0.72096074,-0.0796114,0.34824306,0.5725605,-0.09786634,0.36371756,0.47626597,-0.10794009,0.42117357,0.5937383,-0.010149015,0.42649543,0.49790925,-0.0404884,0.44216564,0.6070331,-0.045414336,0.44828162,0.6561404,-0.047218837,0.48484433,0.57541215,-0.0063055432,0.4910834,0.48879617,-0.06654603,0.49841237,0.6333618,-0.08822132,0.49787325,0.66024095,-0.08527142,0.5464263,0.57214624,-0.012005307,0.5598625,0.47070503,-0.07166199,0.55207956,0.60228133,-0.081076875,0.54562485,0.6538342,-0.06879975,0.6096444,0.5820961,-0.023778902,0.625018,0.4914413,-0.052294124,0.6114996,0.56584585,-0.05716314,0.5989648,0.6078032,-0.051733326,A
0.5603996,0.9554515,-4.384816e-09,0.47183698,0.89364195,-0.032845102,0.3961416,0.7598536,-0.050153736,0.36721075,0.6316301,-0.070993096,0.37720254,0.5421879,-0.08513316,0.4448938,0.6370856,0.006390667,0.43784907,0.54524684,-0.016470825,0.4487493,0.64235115,-0.018591136,0.45935333,0.69616675,-0.018965311,0.5060425,0.62127864,-0.0024747713,0.504161,0.5401014,-0.051822376,0.50733685,0.6629443,-0.07040113,0.51159483,0.7006448,-0.06837197,0.5671879,0.61991525,-0.017763792,0.57225674,0.5283603,-0.06307426,0.56091243,0.6394258,-0.06666143,0.55914617,0.6922708,-0.055735566,0.6308829,0.6310891,-0.037969574,0.63789165,0.5391443,-0.057200495,0.61916566,0.6087163,-0.05526687,0.6094673,0.6583222,-0.047847267,A
0.603054,0.9586498,-4.0970476e-09,0.5158035,0.9026896,-0.048466787,0.44390473,0.76193875,-0.06836492,0.42277038,0.62567115,-0.08840845,0.4313236,0.5410464,-0.10075097,0.49399635,0.6383587,-0.0023484284,0.49574888,0.5498556,-0.027259558,0.5080707,0.6538146,-0.029266823,0.5159416,0.7078803,-0.029686859,0.55605537,0.62225926,-0.003700517,0.56361604,0.5449987,-0.054519173,0.5673287,0.67403615,-0.073039904,0.5684932,0.70427054,-0.07037975,0.616365,0.6204127,-0.0135194,0.6316781,0.5392704,-0.061583042,0.6218579,0.6562611,-0.06732633,0.6160985,0.6979358,-0.05671237,0.6789153,0.63235116,-0.02948278,0.6940262,0.5533047,-0.050320953,0.67867184,0.630325,-0.051021818,0.66726804,0.6728856,-0.044769123,A
0.6411675,0.94124436,-3.1034253e-09,0.5589092,0.89574236,-0.070480675,0.48650926,0.75610286,-0.09343483,0.46334434,0.6137275,-0.10970669,0.48039916,0.5275162,-0.11642649,0.5398781,0.62403643,-0.017310945,0.54799247,0.53609544,-0.042175572,0.55790687,0.64875346,-0.04268667,0.56134146,0.68593645,-0.042377602,0.6049621,0.6145164,-0.00501121,0.61499405,0.5359763,-0.057370167,0.6159789,0.6768559,-0.07335065,0.61332214,0.686267,-0.066755615,0.6660219,0.61412436,-0.003368776,0.68345284,0.5326115,-0.057048485,0.67175615,0.6563177,-0.065423734,0.6632339,0.6817539,-0.052638236,0.7267687,0.6226934,-0.008447143,0.7435345,0.54865634,-0.033615466,0.7269973,0.62984025,-0.038404774,0.71437764,0.66211444,-0.032712143,A
0.6811499,0.926092,-9.483228e-11,0.59610856,0.86962754,-0.07318475,0.5333361,0.7270731,-0.09090057,0.5236747,0.5786808,-0.0997353,0.5487627,0.4926862,-0.09854316,0.58014065,0.59155226,-0.002525613,0.61143285,0.5060304,-0.020028265,0.61269,0.6279866,-0.01842769,0.60488623,0.66653484,-0.01796629,0.64846796,0.58948,0.015158108,0.6757679,0.5079419,-0.034184214,0.66731423,0.6576641,-0.054224156,0.65414774,0.6676356,-0.04973739,0.709646,0.593258,0.02192534,0.7409031,0.5105919,-0.032264978,0.72368795,0.6423692,-0.04879737,0.7028983,0.66801363,-0.03941161,0.7690868,0.601407,0.022833696,0.7957654,0.5274689,-0.0021989967,0.7792964,0.61721414,-0.01178983,0.7577614,0.6517653,-0.008891065,A
0.70128185,0.9148864,-1.1277171e-09,0.6201746,0.8661078,-0.077917986,0.5568026,0.72776926,-0.10330721,0.5466014,0.57961875,-0.11964061,0.5725317,0.4922565,-0.12641275,0.60478854,0.5938176,-0.0241661,0.6308014,0.4979493,-0.053077407,0.6395476,0.61921525,-0.054982137,0.6352893,0.67155325,-0.054932505,0.67010707,0.5871949,-0.0076040067,0.6898524,0.49923682,-0.0680465,0.6904838,0.65515375,-0.088724434,0.68132484,0.6774992,-0.0832326,0.7288731,0.58879435,-0.0019914978,0.75302124,0.5004679,-0.06594971,0.74249285,0.63843614,-0.08148847,0.72576046,0.6775289,-0.0702567,0.7865668,0.59802735,-0.0025542912,0.8093714,0.5213219,-0.0346625,0.796776,0.6128866,-0.0443212,0.7787228,0.6561238,-0.040516533,A
0.70257556,0.9163233,-8.9376667e-10,0.6234762,0.8666332,-0.084096596,0.56461895,0.7279817,-0.1088892,0.55626076,0.58030117,-0.12105528,0.58027935,0.49144918,-0.1219738,0.61556053,0.5984154,-0.03156398,0.64711446,0.5065471,-0.056109853,0.6519669,0.62766427,-0.0521032,0.64567274,0.6734014,-0.047946744,0.6795202,0.5964802,-0.008253271,0.70199996,0.5066507,-0.06468368,0.69884354,0.6636513,-0.07754753,0.6879151,0.6774299,-0.06567414,0.7376841,0.5988191,0.0040182266,0.76763093,0.50881374,-0.0575515,0.75556505,0.64339274,-0.0690522,0.73736906,0.6736334,-0.05355662,0.79631066,0.60604894,0.010338644,0.8258887,0.5306755,-0.020001426,0.8149206,0.61351174,-0.02861182,0.7971137,0.64535314,-0.02281026,A
0.69423,0.8697524,-1.7988607e-09,0.61506945,0.82134145,-0.06900986,0.553745,0.68114865,-0.08697392,0.5436396,0.5378581,-0.09664782,0.57372373,0.45255384,-0.096363015,0.6108796,0.5571849,-0.009007703,0.62779975,0.46266174,-0.028047647,0.634114,0.57651967,-0.023930596,0.63180774,0.6201581,-0.02036069,0.67205316,0.555736,0.006956979,0.68211955,0.46440125,-0.04255463,0.681904,0.61336327,-0.057040185,0.67680836,0.63081604,-0.047576733,0.7287764,0.55837095,0.012527991,0.74589723,0.46775317,-0.041473757,0.73516953,0.5966636,-0.053208403,0.723978,0.6277195,-0.04036829,0.7859088,0.5651914,0.012635043,0.8046671,0.48525304,-0.01380052,0.7923987,0.5694764,-0.021094296,0.77943605,0.6065901,-0.01564999,A
0.6948015,0.81443673,-6.839343e-10,0.6130814,0.7658227,-0.057671577,0.550558,0.63033175,-0.074762926,0.53755516,0.4898041,-0.087173164,0.5630862,0.4011525,-0.09101456,0.6026937,0.5064355,0.00015910552,0.6221575,0.4060653,-0.017440042,0.62964153,0.51585704,-0.014120076,0.6252831,0.5697415,-0.011264188,0.6638974,0.5004033,0.009876198,0.678189,0.40518698,-0.03639,0.6775272,0.54599625,-0.052863006,0.6693335,0.575823,-0.046506833,0.72086877,0.5008157,0.010304724,0.7391267,0.40748686,-0.03859682,0.72850096,0.53201467,-0.050579045,0.7141403,0.5737177,-0.040382363,0.77659655,0.50790733,0.0057095033,0.7947212,0.42530102,-0.016989548,0.7823941,0.50854826,-0.023235291,0.7672596,0.5529967,-0.018705208,A
0.7014978,0.7639692,-1.2055845e-09,0.61920613,0.70978725,-0.065487415,0.55675054,0.5718262,-0.08037829,0.5454511,0.42127994,-0.0885736,0.56906587,0.33150995,-0.08659147,0.6066891,0.43961406,0.010022507,0.6253572,0.3416248,-0.0064788354,0.6298291,0.45930153,-0.0027167553,0.6259526,0.5065063,-0.00013829602,0.66999066,0.43610606,0.022494921,0.68319845,0.339333,-0.027478553,0.67829674,0.49116877,-0.04613575,0.6710882,0.51086146,-0.039054595,0.72730213,0.43906996,0.023806212,0.7466666,0.34664708,-0.032358453,0.73047626,0.48288316,-0.047489874,0.71705174,0.51920474,-0.035713475,0.7841564,0.44726285,0.019664979,0.80223197,0.36542967,-0.00795385,0.78361535,0.45667076,-0.016939256,0.7673411,0.49962842,-0.012469632,A
0.70901084,0.74374104,1.2270354e-09,0.6255299,0.6811808,-0.056100145,0.5606945,0.543358,-0.06985214,0.5474808,0.39740676,-0.08012385,0.57650995,0.30501753,-0.0810227,0.61546814,0.41580462,0.019782633,0.63255036,0.30408847,0.0069333594,0.64128065,0.41673952,0.011513455,0.6386741,0.4747109,0.014443505,0.6766638,0.40984038,0.028516049,0.689319,0.30244997,-0.016552467,0.6883026,0.44715917,-0.037810247,0.68112785,0.4804283,-0.033748295,0.7331707,0.41127983,0.027397856,0.75211954,0.31136698,-0.02135807,0.74099797,0.43973947,-0.039076522,0.7285098,0.483292,-0.031772804,0.7902568,0.41922438,0.021406569,0.8083991,0.32806093,-0.0011937653,0.7942193,0.41515112,-0.010266008,0.7799455,0.46391627,-0.0076035634,A
0.7072255,0.6856937,1.140256e-09,0.62272406,0.6313474,-0.06552092,0.5589832,0.48894876,-0.0788971,0.5476374,0.33990163,-0.086674936,0.575999,0.2443885,-0.084722295,0.6097107,0.36276907,0.019899039,0.6268825,0.25492236,0.006513384,0.6377082,0.36347193,0.010424248,0.63562995,0.42291403,0.0136053255,0.6714713,0.35658532,0.034620084,0.6843474,0.2526495,-0.009020298,0.6859507,0.39470407,-0.031459328,0.679013,0.42477807,-0.02801457,0.7284689,0.35688385,0.03769479,0.7491139,0.2563763,-0.012394725,0.74088454,0.37939736,-0.034050785,0.72947866,0.42330384,-0.028521381,0.7863866,0.3621684,0.035310935,0.8077343,0.27488732,0.010164365,0.7985375,0.35226604,-0.002540881,0.7868516,0.39615422,-0.001496853,A
0.70957714,0.6253959,-8.943979e-11,0.62032837,0.5721099,-0.0696634,0.551692,0.4315231,-0.08419296,0.5355942,0.28602374,-0.092587814,0.5646021,0.19201182,-0.091505826,0.6017238,0.29459575,0.01751509,0.61341643,0.1931344,0.002556121,0.62346953,0.30259627,0.0037576412,0.6256015,0.3567621,0.0047700265,0.6642695,0.28948337,0.033593975,0.6733463,0.19153334,-0.013226658,0.6734644,0.33448192,-0.03921821,0.66906995,0.36127135,-0.03822774,0.7220516,0.29199404,0.037833996,0.74010444,0.19802138,-0.013900356,0.7299692,0.3225869,-0.037026577,0.721342,0.36272034,-0.0328863,0.7806979,0.29980385,0.035893444,0.79687285,0.21934894,0.009537982,0.78610855,0.3023979,-0.00405203,0.7763938,0.34498549,-0.0038587041,A
0.69656,0.58515286,3.688076e-09,0.6019995,0.5193381,-0.06081812,0.53505373,0.38019663,-0.0704904,0.52442753,0.22670951,-0.07638158,0.5507379,0.134455,-0.073425785,0.58851075,0.25819558,0.031384397,0.6061015,0.14777876,0.018036969,0.6161007,0.25989273,0.020067371,0.6153276,0.32232457,0.021559754,0.6539714,0.24974018,0.04273769,0.6713302,0.1406919,-0.00530248,0.6694362,0.28681442,-0.0348122,0.6602834,0.32757533,-0.035959464,0.7128062,0.25072166,0.042402174,0.73552763,0.14718989,-0.014696611,0.72568184,0.27663338,-0.044902336,0.7142988,0.33116087,-0.04382872,0.7702768,0.25686237,0.037280682,0.7914251,0.17075355,0.0069117188,0.78191626,0.25586954,-0.011622839,0.76978123,0.30751207,-0.014752572,A
0.69186324,0.5599025,2.0423983e-09,0.6000779,0.50188565,-0.062271673,0.53128326,0.3605915,-0.07574216,0.51607203,0.21406397,-0.08557082,0.5401886,0.12013851,-0.0876136,0.58084023,0.2369014,0.020442177,0.59516793,0.13122387,0.0025097497,0.6068526,0.23778114,0.0013022275,0.6083892,0.29933283,0.0012746804,0.6453949,0.22880387,0.031275183,0.6587863,0.122094244,-0.020013751,0.6587014,0.26482767,-0.049953368,0.6525406,0.31069103,-0.05151789,0.704631,0.23178917,0.03098844,0.7247235,0.13014388,-0.025432128,0.714371,0.25641286,-0.05242987,0.70429826,0.31304836,-0.050580468,0.7633868,0.24077944,0.025136178,0.7811284,0.15890191,-0.00504517,0.7686522,0.24136367,-0.021382194,0.7560585,0.29120126,-0.02342571,A
0.68662137,0.5479367,2.4003823e-09,0.5933205,0.48261538,-0.061520446,0.52719057,0.34691182,-0.07209548,0.51482683,0.19787297,-0.078788765,0.53987896,0.10484488,-0.07656341,0.5790636,0.22067437,0.031102752,0.5947336,0.11509137,0.016852766,0.6037145,0.22753155,0.017576681,0.603581,0.28653476,0.018096339,0.6423477,0.21513323,0.042148884,0.6563562,0.10933633,-0.007962203,0.6541638,0.2561975,-0.038865153,0.64716107,0.2929269,-0.040496666,0.6999404,0.21835549,0.041552056,0.72055763,0.11898331,-0.016525116,0.7084986,0.2494281,-0.046062186,0.6981956,0.299658,-0.044477824,0.75690365,0.2251071,0.035969496,0.77643,0.1404221,0.004716023,0.7631904,0.22761692,-0.013293833,0.7512093,0.27772838,-0.015972756,A
0.6836674,0.5290326,5.8280497e-10,0.5888897,0.4664703,-0.05557599,0.5207187,0.32819176,-0.06708204,0.5065235,0.18140885,-0.07697822,0.5299939,0.08680968,-0.07912877,0.5693238,0.20722088,0.03128612,0.58015877,0.097777456,0.018559122,0.59058,0.20658588,0.019872863,0.5933902,0.27378753,0.020822186,0.633385,0.1986064,0.038976643,0.64619505,0.08888194,-0.009039123,0.64545375,0.22658244,-0.040081743,0.6402274,0.27986795,-0.042740908,0.6926579,0.20126507,0.036375254,0.71087694,0.09819546,-0.017665371,0.69919807,0.22170159,-0.0461268,0.6895979,0.28445607,-0.04551822,0.7513128,0.21068391,0.028858919,0.7666477,0.123252675,0.00026146017,0.7536911,0.20495686,-0.01595624,0.74249417,0.26201585,-0.01822115,A
0.68731344,0.5050797,2.373514e-09,0.5914962,0.43802273,-0.045583446,0.52324945,0.29921696,-0.053138543,0.50925285,0.15198377,-0.061270345,0.5331145,0.06119989,-0.062831365,0.5743159,0.18875936,0.038978886,0.58454204,0.07516782,0.029142166,0.59648967,0.173796,0.030097919,0.59836066,0.23709753,0.030368514,0.63716155,0.1788389,0.04253659,0.6489748,0.06897618,-0.00038925145,0.6484743,0.19347104,-0.031585373,0.64345384,0.25047636,-0.03652037,0.69471526,0.18281937,0.036997005,0.712178,0.07872906,-0.011787708,0.69923645,0.19123788,-0.04020589,0.68819636,0.25819996,-0.04161568,0.7519318,0.1945144,0.027024291,0.7642809,0.10501397,0.002126865,0.7482514,0.17920375,-0.013384244,0.7344014,0.23953153,-0.01667086,A
0.70563066,0.48465258,3.7319556e-09,0.6118854,0.4197178,-0.06736319,0.54156864,0.27653265,-0.080873236,0.5296553,0.11899586,-0.08875003,0.5561749,0.025898531,-0.087968186,0.58199626,0.15119746,0.018407924,0.6035665,0.033878267,0.0009516556,0.6153378,0.14604735,0.000459247,0.61344504,0.21317677,0.00061548443,0.6492154,0.14516076,0.032889493,0.66598994,0.033174753,-0.019497227,0.66397387,0.17709069,-0.051607057,0.6547765,0.22182104,-0.05458704,0.70915186,0.15025121,0.03619804,0.7322529,0.0425732,-0.023640774,0.71691644,0.16957317,-0.05447407,0.70060325,0.22795245,-0.05382551,0.7682997,0.1593161,0.03414307,0.78604764,0.06962448,0.0024517984,0.7701968,0.15536611,-0.015859945,0.75325954,0.21261068,-0.019051017,A
0.78121483,0.49746376,7.927474e-09,0.6886788,0.4233182,-0.080295056,0.62664247,0.28377512,-0.095155604,0.6221155,0.12830064,-0.10179953,0.6437677,0.027914584,-0.09971738,0.66409105,0.15200752,0.02403612,0.6954615,0.03418444,0.006491436,0.7127844,0.13527632,-8.323038e-05,0.71002156,0.21139786,-0.004682255,0.73459643,0.14904907,0.04677944,0.761221,0.040952235,-0.0051518013,0.76500845,0.17463508,-0.05006877,0.7553327,0.22256124,-0.063339785,0.79505736,0.15453245,0.056745876,0.82673264,0.057293564,-0.0046254187,0.8148685,0.17190467,-0.051569205,0.7954974,0.2256761,-0.06320745,0.85193104,0.16193283,0.060745467,0.87868917,0.075337425,0.025526997,0.86653316,0.15620893,-0.0034111135,0.84636223,0.21285295,-0.015280643,A
0.81335294,0.5033911,7.833582e-09,0.7269876,0.42553478,-0.07120894,0.6660132,0.28221095,-0.07898365,0.66129756,0.12857154,-0.07887057,0.6860372,0.035764128,-0.06929421,0.7087055,0.1565233,0.032347444,0.7424154,0.038541466,0.022264855,0.7552017,0.14528206,0.02345409,0.74950475,0.21573815,0.02397659,0.7775902,0.15602556,0.053754702,0.806388,0.044392735,0.009873072,0.8074489,0.18100703,-0.025588654,0.7950534,0.22158507,-0.03221455,0.8370609,0.16233434,0.06323121,0.87150204,0.061754957,0.009311955,0.86094886,0.1777709,-0.029904084,0.8410485,0.22382101,-0.036380548,0.8937979,0.16837068,0.06753337,0.9236054,0.07891475,0.03764395,0.9115056,0.16109309,0.013285776,0.8898719,0.21282972,0.0050436337,A
0.83662534,0.49639088,1.3310752e-08,0.7523357,0.41450354,-0.08465901,0.70041955,0.2771299,-0.09371245,0.7029211,0.12492129,-0.09065328,0.7254805,0.030065909,-0.077772886,0.7290397,0.1586967,0.025663566,0.7703103,0.036986858,0.012183066,0.78861254,0.13875714,0.009085547,0.782441,0.21182437,0.007053286,0.79725844,0.1602003,0.056531213,0.8300237,0.041128546,0.007427773,0.8370885,0.17591117,-0.035686605,0.8236782,0.21751747,-0.04665085,0.854999,0.16280797,0.07417725,0.89440125,0.055279866,0.012013403,0.88640624,0.17176414,-0.03931575,0.8602054,0.2211134,-0.05186388,0.9085306,0.1607983,0.0869725,0.94430083,0.070788726,0.050124265,0.9372833,0.15466022,0.016605508,0.9126263,0.21198219,0.002676579,A
0.8369537,0.56028986,1.2124385e-08,0.7559736,0.4750036,-0.07264875,0.7016244,0.34631836,-0.081234984,0.6991165,0.19869736,-0.0808461,0.71569854,0.10516685,-0.06974243,0.74088025,0.22025105,0.035002574,0.77835643,0.11056097,0.026566664,0.78707033,0.21775514,0.030513536,0.7778823,0.27836996,0.033039745,0.80463064,0.22309212,0.05765177,0.83496654,0.11268523,0.014589074,0.83217835,0.2546564,-0.014762234,0.8166994,0.28066412,-0.015580094,0.8604468,0.22831208,0.06738433,0.8964019,0.12591898,0.0115831345,0.88561445,0.24657805,-0.023769844,0.8638503,0.28231364,-0.025022421,0.9164592,0.23355184,0.07252388,0.949372,0.14582269,0.042703304,0.93986773,0.2256433,0.020410763,0.9188518,0.2697254,0.015071619,A
0.81697834,0.6223693,7.937959e-09,0.74112517,0.5270271,-0.041498568,0.6961008,0.4017257,-0.044090882,0.6921705,0.265698,-0.04668013,0.7153657,0.18179291,-0.04150489,0.74775296,0.29631478,0.05875428,0.772058,0.19294275,0.053459354,0.77676886,0.2873277,0.05536619,0.77158815,0.34409535,0.056761716,0.8045308,0.2939579,0.064201236,0.8277211,0.18711145,0.02520528,0.8230355,0.30992436,-0.0052588303,0.8138334,0.34836534,-0.0083159795,0.85730195,0.30212647,0.059609752,0.8863413,0.19368856,0.012963595,0.8717547,0.29788285,-0.016505828,0.8575362,0.35407242,-0.017237075,0.91044915,0.31837818,0.051665552,0.9378005,0.22372425,0.02970455,0.9211364,0.28598288,0.013806449,0.9039223,0.3389464,0.010620074,A
0.80562794,0.6453943,2.8759526e-09,0.73060054,0.5830679,-0.05975639,0.67819947,0.45115188,-0.07041303,0.67133725,0.31472945,-0.07524821,0.69157654,0.22885568,-0.070924394,0.72731614,0.33328438,0.023179749,0.74983317,0.23702331,0.014357767,0.7576052,0.34078115,0.01865943,0.7537795,0.39200383,0.021294614,0.78529406,0.33326954,0.03779288,0.80469793,0.24003439,0.0008199629,0.8019976,0.3703987,-0.02036965,0.7916928,0.39442775,-0.018529918,0.83771914,0.33779758,0.042081747,0.86489946,0.24973273,0.00013318541,0.85268027,0.3621172,-0.019442722,0.83569705,0.3954001,-0.015580228,0.88921773,0.34528786,0.04119319,0.9141617,0.2662822,0.021517826,0.9006316,0.343575,0.010834297,0.8826053,0.3849275,0.011432271,A
0.7994704,0.7193417,2.7802676e-09,0.7288589,0.6482473,-0.054373916,0.6739212,0.5252634,-0.065188326,0.66398895,0.39366192,-0.071993634,0.68851006,0.31127262,-0.07081173,0.72391146,0.4056197,0.024668857,0.7470578,0.3139324,0.016750073,0.7545899,0.41524357,0.020306647,0.74761224,0.47564524,0.022277238,0.78048575,0.40368855,0.03692725,0.8016704,0.31786835,0.00069988647,0.7979834,0.44574177,-0.02266052,0.78564095,0.48236904,-0.023454836,0.8327501,0.41127583,0.039842814,0.85962033,0.33040702,-0.002679682,0.84892225,0.43924084,-0.02670901,0.8320091,0.48326707,-0.026500985,0.8840722,0.4273309,0.038371388,0.90998363,0.353695,0.017709667,0.8971805,0.423697,0.0038702479,0.8782509,0.46705505,0.0015081787,A
0.7989232,0.75557995,3.66758e-09,0.73417586,0.6894686,-0.05862061,0.6853575,0.56746626,-0.07119744,0.67798704,0.4359954,-0.07770771,0.69769186,0.35327518,-0.075867206,0.73291624,0.44761354,0.013254061,0.7630069,0.35290483,0.0023222945,0.77058727,0.45190394,0.0062324507,0.76140994,0.50908333,0.008931806,0.7873127,0.44908074,0.028458258,0.81639206,0.35989553,-0.011424347,0.8114871,0.49099365,-0.031514905,0.79613036,0.52164745,-0.02883872,0.8362004,0.45666894,0.03430142,0.870533,0.37425974,-0.011486187,0.8579572,0.4865147,-0.03239203,0.83593804,0.5237391,-0.028689016,0.8832648,0.470527,0.035743933,0.9156446,0.39736176,0.0138962325,0.9029385,0.47116572,0.0013604589,0.8795049,0.51148355,0.0007332795,A
0.8193283,0.8194113,4.486546e-09,0.75534874,0.75484633,-0.06351458,0.71017843,0.6307374,-0.07702621,0.7072551,0.5026023,-0.08324698,0.73082376,0.4262874,-0.08146079,0.7565339,0.5168064,0.010068056,0.7875409,0.43198687,-0.0014404868,0.7944422,0.5282035,5.5442997e-06,0.7848722,0.5837231,0.0011788748,0.8119093,0.51735234,0.028671203,0.83877087,0.4366173,-0.008742166,0.83541954,0.56098384,-0.031471107,0.8219745,0.58955544,-0.03230052,0.8622867,0.52551544,0.03767276,0.8951728,0.4479599,-0.005211101,0.88349426,0.55522585,-0.027934723,0.863348,0.59346324,-0.02721429,0.91045773,0.539414,0.04167855,0.9395367,0.47029194,0.021197652,0.92766845,0.5405108,0.0078537455,0.90690595,0.5804514,0.0056290487,A
0.8338505,0.8501154,2.642435e-09,0.7705415,0.8033639,-0.07616012,0.72966313,0.6686667,-0.09299554,0.730761,0.53542596,-0.09863812,0.7519673,0.4548853,-0.09445623,0.77879846,0.5553355,-0.0073637464,0.8085737,0.46339262,-0.023392111,0.8135058,0.5645679,-0.019904103,0.8059005,0.61734504,-0.016379427,0.8331195,0.5588963,0.01641274,0.8569383,0.47015285,-0.024106283,0.85160846,0.5977187,-0.041355785,0.8406338,0.61666375,-0.036450572,0.8813064,0.56502354,0.029162014,0.9152067,0.4817068,-0.016463218,0.9007386,0.59121037,-0.033476416,0.88221925,0.61968386,-0.027140198,0.92930377,0.57318133,0.035970643,0.9656565,0.5007881,0.012292263,0.9530674,0.5726942,0.0015189874,0.9338867,0.6068648,0.0032921007,A
0.84693015,0.89532053,3.1475897e-09,0.7834722,0.8406012,-0.06839006,0.74206513,0.7126159,-0.08549509,0.74491006,0.5825686,-0.09387258,0.7714111,0.5027285,-0.09361527,0.7884964,0.596015,-0.003099891,0.8201477,0.5111786,-0.017788062,0.8267439,0.60820276,-0.0153755,0.8180604,0.66032505,-0.013190996,0.84393007,0.59928626,0.015939929,0.8713498,0.51744384,-0.023810655,0.8679043,0.6415131,-0.041804392,0.85498446,0.66314834,-0.038578585,0.8935685,0.60815203,0.024878927,0.92831236,0.53303957,-0.020054342,0.916706,0.6397845,-0.038053446,0.89749914,0.6702283,-0.033322074,0.9410731,0.62177515,0.028521197,0.97512126,0.55521256,0.005717793,0.9620243,0.6254992,-0.0055684783,0.9404318,0.66000885,-0.0051980354,A
0.858045,0.9229885,1.7607072e-09,0.79575837,0.87346065,-0.07474936,0.7584819,0.75043476,-0.0947968,0.758996,0.62335944,-0.1042693,0.77427447,0.5362932,-0.104228884,0.79748297,0.62646693,-0.0076425048,0.831323,0.54379106,-0.022393806,0.8374271,0.6473974,-0.020209558,0.82836044,0.70014995,-0.018380312,0.85174316,0.62971234,0.015391227,0.8820564,0.55216706,-0.023329036,0.8773708,0.67902,-0.04141767,0.8615352,0.69869584,-0.038529668,0.8997739,0.63730085,0.02800188,0.93695414,0.5686924,-0.014773131,0.9244379,0.67952394,-0.031809144,0.902273,0.7064127,-0.026984273,0.9462335,0.648538,0.034765296,0.98281944,0.58752626,0.014185136,0.9710883,0.6631127,0.0041795173,0.9490204,0.6974506,0.0053879963,A
0.84853816,0.99825066,4.768566e-10,0.77694666,0.9438098,-0.0524799,0.73228717,0.8188872,-0.07116452,0.73577493,0.69900465,-0.087018415,0.75664026,0.62215126,-0.095791854,0.7899923,0.71049833,0.0014249341,0.81177473,0.6310746,-0.016314285,0.81138504,0.72666526,-0.017303571,0.80414665,0.778022,-0.017524987,0.84597355,0.7122902,0.0077551934,0.86640376,0.6425013,-0.033783846,0.85671705,0.7622731,-0.052513737,0.8465881,0.7917103,-0.050888337,0.89831483,0.7228363,0.005711098,0.92489827,0.6551801,-0.03609305,0.9086163,0.7620455,-0.04769541,0.8934808,0.79763895,-0.041461192,0.9504607,0.7430131,-0.0017479177,0.9807246,0.6789129,-0.021167737,0.96321565,0.75008184,-0.026013607,0.94408774,0.78565913,-0.022615192,A
0.7830963,0.97487664,-3.0865361e-09,0.7129012,0.90993047,-0.050870977,0.6731365,0.76901126,-0.06904461,0.6796733,0.64286214,-0.08467919,0.7001653,0.5681511,-0.09267316,0.7221687,0.6701082,-0.006811815,0.73672915,0.59532964,-0.03306682,0.73192286,0.6928731,-0.037583627,0.7323273,0.7282596,-0.03966584,0.7827296,0.6735267,-0.0043632262,0.7975437,0.60629094,-0.056096148,0.7815835,0.72601146,-0.07455496,0.78209335,0.73600346,-0.07191099,0.8398637,0.6887482,-0.010737003,0.8588262,0.6169805,-0.06233579,0.8319332,0.7202625,-0.06964568,0.8256368,0.74958074,-0.058445245,0.89748037,0.71336335,-0.022521183,0.914235,0.65257144,-0.046911594,0.8869559,0.71222496,-0.05029786,0.8755807,0.73690104,-0.045005914,A
0.7732923,0.97640735,-1.813576e-09,0.6990164,0.90706885,-0.048086822,0.65577984,0.76930207,-0.06446586,0.6561953,0.6405631,-0.07847318,0.67906976,0.56286514,-0.08446184,0.7044878,0.6671082,0.00089869095,0.7269236,0.5909692,-0.020132372,0.7204689,0.69089556,-0.021657249,0.7146022,0.7229272,-0.022387704,0.7646989,0.6723691,0.0036029222,0.7834812,0.60024816,-0.044330932,0.7678455,0.72133726,-0.060595505,0.762638,0.729355,-0.056243803,0.82057303,0.68757236,-0.0020939475,0.843933,0.6091368,-0.050917037,0.8197737,0.7153443,-0.0574167,0.8102044,0.74592984,-0.044903755,0.8758145,0.71121514,-0.012700428,0.89774525,0.64213246,-0.034465466,0.87527263,0.7023556,-0.03702603,0.8628563,0.7280982,-0.030890854,A
0.7546869,0.9752755,-3.369739e-09,0.67872703,0.9165703,-0.044851385,0.62403446,0.794809,-0.06174961,0.6143893,0.6736289,-0.07752503,0.63678044,0.5975799,-0.0855122,0.6693286,0.68898046,0.0018801967,0.6799681,0.6105385,-0.020219304,0.6812545,0.70794725,-0.02258373,0.68161964,0.74193233,-0.023593122,0.7266467,0.68515587,0.002583892,0.73602533,0.6125816,-0.046412613,0.7292007,0.73424745,-0.06357884,0.7284517,0.7464335,-0.059659828,0.7809588,0.6910959,-0.004760003,0.79416203,0.612996,-0.054091763,0.77602553,0.7207346,-0.060843583,0.7714195,0.75224024,-0.048766628,0.8365127,0.70573837,-0.016750751,0.84786963,0.63639903,-0.038806967,0.82719934,0.7023454,-0.040624276,0.8183983,0.7335871,-0.034141824,A
0.7125084,0.96531767,-1.7173664e-09,0.63044906,0.91706645,-0.047041535,0.56666017,0.8005932,-0.061591778,0.5508683,0.6722164,-0.07418673,0.57335174,0.59414613,-0.07879793,0.604824,0.6889258,0.008567617,0.6187564,0.6046619,-0.008695482,0.62564474,0.70670104,-0.0081566395,0.62401485,0.7449057,-0.0078795655,0.6623854,0.6767993,0.012197604,0.6740427,0.6014681,-0.032638405,0.6740668,0.7261414,-0.049909335,0.6691087,0.73985124,-0.046184305,0.7168138,0.67509586,0.0074731344,0.73187953,0.5935358,-0.040438194,0.72171134,0.70570725,-0.05087459,0.7132837,0.74030095,-0.040539548,0.77157974,0.68416077,-0.0016052583,0.7841687,0.6138614,-0.022416232,0.7709334,0.6840798,-0.026693696,0.76018053,0.7197692,-0.021774242,A
0.638985,0.9490545,-1.3795238e-09,0.56206495,0.8939527,-0.040034708,0.5020507,0.7748606,-0.05464262,0.48502845,0.65732545,-0.068839155,0.49438265,0.5842668,-0.07556622,0.5477449,0.6736783,0.00525924,0.5518548,0.59236324,-0.015104173,0.5570896,0.6865297,-0.01617434,0.55948794,0.7262975,-0.016018925,0.60031575,0.6663811,0.004300066,0.6031041,0.5881855,-0.041427057,0.601862,0.70570064,-0.05780948,0.6022365,0.726346,-0.053866114,0.6509734,0.6673845,-0.004270562,0.6578612,0.5807945,-0.049595524,0.6467105,0.68417186,-0.05561584,0.6434602,0.7210188,-0.044519525,0.7041689,0.67538875,-0.017353076,0.7115732,0.597596,-0.037510894,0.6966792,0.66346174,-0.03843236,0.6896311,0.70159286,-0.031924475,A
0.59234434,0.94288194,-2.5671965e-09,0.5144996,0.89074576,-0.04462649,0.44943762,0.77532345,-0.05847644,0.42944348,0.65361595,-0.070966996,0.4515237,0.5797002,-0.07573457,0.49042997,0.6664549,0.008358386,0.49577332,0.58674896,-0.010636804,0.50381887,0.6809179,-0.01181563,0.5069615,0.716834,-0.012040791,0.5456019,0.6555921,0.010722022,0.5476755,0.578957,-0.035244998,0.5491872,0.70082486,-0.05348048,0.5495032,0.71681017,-0.05019722,0.59882146,0.6538991,0.004651492,0.6061503,0.56853426,-0.0432592,0.59758794,0.6755179,-0.05379189,0.595613,0.71103203,-0.044052124,0.6541031,0.659673,-0.0058282255,0.6618428,0.58524173,-0.027737036,0.64931834,0.64992076,-0.03251263,0.6435364,0.6840505,-0.028077457,A
0.5273174,0.9398732,-5.0026943e-09,0.45102367,0.88544035,-0.02243709,0.3863225,0.7706684,-0.031474575,0.36342025,0.65937424,-0.045160647,0.38418722,0.5871643,-0.053366628,0.42737132,0.6707568,0.023158811,0.4220705,0.59202266,0.008068917,0.42746034,0.66730094,0.007034599,0.43684918,0.7141525,0.0073433374,0.47790956,0.65624356,0.0144259045,0.47289065,0.57883507,-0.025482016,0.4732254,0.6842823,-0.043738108,0.4804145,0.7263732,-0.0422111,0.5286895,0.6530466,-0.00013598824,0.5294793,0.56862795,-0.038525626,0.5189718,0.6631756,-0.045770284,0.521488,0.71646357,-0.037669174,0.58379203,0.6592747,-0.018311894,0.5859163,0.5794693,-0.03515655,0.57179016,0.6338242,-0.036190666,0.56793815,0.6767465,-0.030896308,A
0.4990566,0.94046587,-5.5500395e-09,0.4222521,0.88331735,-0.022840519,0.35791785,0.7683574,-0.03190387,0.33592403,0.65578365,-0.04531589,0.35855237,0.5817163,-0.052935224,0.39992893,0.67148924,0.022940041,0.39326236,0.59107417,0.009704521,0.39693588,0.6667674,0.010625467,0.40915254,0.7127942,0.012115287,0.44946498,0.65751857,0.01440404,0.44283137,0.5784887,-0.02380892,0.44142926,0.6792992,-0.041138735,0.4507127,0.7193216,-0.03932882,0.4995252,0.65570873,0.00019882113,0.4982191,0.56809187,-0.037099607,0.48639438,0.65650576,-0.044558432,0.49133405,0.7082537,-0.03667873,0.55382425,0.6637344,-0.017521044,0.55242264,0.58245164,-0.03403521,0.5373841,0.6295135,-0.035293702,0.5362441,0.6687861,-0.030228535,A
0.48419005,0.9430378,-5.645184e-09,0.4048041,0.8946297,-0.030642226,0.33585823,0.77570415,-0.042742666,0.31052238,0.6596509,-0.057640236,0.33047593,0.576977,-0.06610378,0.37353703,0.66897297,0.013756061,0.35962698,0.59121025,-0.0010542531,0.37224936,0.6799811,0.00046968504,0.3894537,0.7242958,0.002004971,0.42592144,0.65332305,0.0087604085,0.4146025,0.5788909,-0.03223403,0.42080653,0.6925782,-0.048656393,0.4326669,0.72634506,-0.045474224,0.47903195,0.6483079,-0.0021927212,0.4715906,0.5698602,-0.041180532,0.4662558,0.6736666,-0.04586746,0.47587422,0.72033274,-0.03563924,0.5363563,0.6521114,-0.017316492,0.5280737,0.57524467,-0.033880524,0.51668555,0.63901967,-0.033023823,0.5202963,0.6798134,-0.026038343,A
0.47244322,0.94776773,-5.610159e-09,0.39224726,0.8972528,-0.030200515,0.32148808,0.7794218,-0.042341266,0.29674175,0.66177547,-0.057778656,0.319557,0.5797847,-0.067014195,0.3612104,0.6744914,0.016753333,0.35137495,0.59191215,0.0010631749,0.36224294,0.68102217,0.0016642172,0.37701702,0.7300944,0.00294058,0.41356307,0.6579547,0.011193742,0.40530002,0.57757086,-0.031424083,0.40979427,0.69351095,-0.049748033,0.4201916,0.73560786,-0.047328427,0.46622613,0.6537537,-0.0005978173,0.46007827,0.5665951,-0.041870594,0.4543807,0.6722404,-0.0490117,0.46278936,0.7280139,-0.039437477,0.52296996,0.6594416,-0.01643388,0.514182,0.57853466,-0.034423023,0.5028759,0.6388006,-0.035328068,0.5056747,0.682009,-0.02930059,A
0.4414276,0.94217557,-5.6644316e-09,0.3591611,0.8896037,-0.02719718,0.29007408,0.77495724,-0.038702138,0.2656259,0.65989226,-0.05399286,0.28716904,0.58267784,-0.06276593,0.32822192,0.6686603,0.017071607,0.31567693,0.5862093,0.00096918544,0.32503524,0.6746304,0.0020500883,0.3411603,0.7206133,0.0037366066,0.3798635,0.65506995,0.009202195,0.36933255,0.5752062,-0.034758996,0.37281474,0.6883688,-0.05243286,0.38405606,0.7235442,-0.04922788,0.43265554,0.65294695,-0.004634626,0.42489615,0.56579316,-0.04741896,0.41673872,0.66702896,-0.053874753,0.4252538,0.71911883,-0.0434285,0.48982346,0.6598997,-0.02217752,0.48392996,0.57896346,-0.04160017,0.46945912,0.63524246,-0.04237948,0.47015953,0.67684335,-0.03589284,A
0.4013226,0.9310521,-6.0434804e-09,0.31885338,0.8767847,-0.018631898,0.25445586,0.7593856,-0.027913077,0.23154221,0.64822876,-0.042894665,0.24669856,0.5643503,-0.05280013,0.28383288,0.66189194,0.023412202,0.2680832,0.57684696,0.0096868,0.27482554,0.65062904,0.010235251,0.29331937,0.7025095,0.011890133,0.33549246,0.6462735,0.011983104,0.3216222,0.56021106,-0.02871251,0.32321227,0.6573396,-0.047802217,0.33755395,0.7099678,-0.04648141,0.3884248,0.64389527,-0.0043452303,0.38081956,0.5508402,-0.04208179,0.36951408,0.63421583,-0.050599687,0.37692693,0.6942293,-0.043688804,0.44694543,0.6515979,-0.023866743,0.4432178,0.56643414,-0.041924596,0.42578936,0.60425526,-0.044259757,0.42266443,0.64242446,-0.039872922,A
0.36591727,0.93526936,-6.0012604e-09,0.2832342,0.8803485,-0.023784613,0.21777567,0.7583908,-0.03449178,0.19542396,0.6419583,-0.049356993,0.21269467,0.561332,-0.057986487,0.24552748,0.6588452,0.0139708975,0.22853705,0.57146525,-0.0032579196,0.23789991,0.6548489,-0.0017569043,0.25703418,0.6997738,0.00078923366,0.2979351,0.6433251,0.0037759817,0.28016979,0.55283624,-0.043161225,0.28343827,0.66111547,-0.059576444,0.29834604,0.70227003,-0.054773852,0.35102424,0.6410512,-0.011769447,0.33875006,0.5391774,-0.056283373,0.32839218,0.6351901,-0.060795594,0.33860457,0.69403625,-0.048612766,0.40922582,0.6488,-0.030824449,0.40291587,0.5613575,-0.052163932,0.38701087,0.6032472,-0.052848697,0.38734958,0.63793683,-0.045862254,A
0.32942986,0.9371322,-5.606423e-09,0.24915738,0.8847329,-0.020407496,0.1852086,0.7649818,-0.028889546,0.16335878,0.65246356,-0.042072263,0.17688009,0.5789665,-0.04886787,0.21678495,0.66519964,0.020306898,0.20440845,0.5772617,0.0049951947,0.21234682,0.6643322,0.0062429225,0.22557312,0.71471226,0.008408419,0.2677466,0.6507287,0.0101860035,0.25305912,0.56397784,-0.03501356,0.25591967,0.6720058,-0.053252522,0.26612905,0.71514374,-0.05014636,0.3193295,0.6482858,-0.0048520737,0.30651352,0.5483218,-0.047934685,0.29881802,0.6463452,-0.05470318,0.30581117,0.7102715,-0.04397733,0.37483716,0.6545975,-0.023016376,0.37146914,0.5657178,-0.042547874,0.3595154,0.59868276,-0.04481346,0.35813582,0.6277371,-0.039490122,A
0.3033031,0.93038017,-6.296175e-09,0.22218844,0.87329626,-0.009602735,0.16148755,0.7567923,-0.015340071,0.13974003,0.6478482,-0.027732104,0.15515706,0.56913364,-0.03474064,0.19233385,0.661463,0.025938118,0.17324346,0.5786709,0.014213412,0.18118377,0.65906596,0.017318921,0.20119067,0.70773965,0.020533148,0.24039038,0.64532685,0.011151433,0.22067486,0.55858177,-0.029497819,0.22349209,0.662399,-0.044831757,0.23975714,0.71148247,-0.040580634,0.2909901,0.64061356,-0.00721944,0.2748104,0.54223514,-0.04404803,0.2640882,0.63384664,-0.047039405,0.2743696,0.6964112,-0.03616176,0.34797972,0.6452076,-0.028004205,0.33820155,0.55688417,-0.043602575,0.32080495,0.5989663,-0.04207211,0.319482,0.6389815,-0.03499714,A
0.29080418,0.93368167,-4.9589084e-09,0.20834965,0.88368315,-0.01660857,0.14782234,0.764542,-0.024392918,0.12676159,0.6537132,-0.03741995,0.13763526,0.5763593,-0.044540983,0.17648505,0.66542906,0.021283703,0.15725522,0.5782259,0.0066008912,0.16648626,0.6633444,0.008926271,0.18387519,0.70864874,0.011763971,0.2256675,0.6498912,0.008938928,0.20296493,0.5605364,-0.034067426,0.2079303,0.6695233,-0.048823018,0.22393629,0.70807046,-0.043420848,0.276914,0.6442287,-0.008137542,0.2568795,0.5436445,-0.04801744,0.2482971,0.64147425,-0.05002635,0.26059777,0.6972032,-0.03736091,0.33402094,0.6462413,-0.028293245,0.3199525,0.55847,-0.0453199,0.30396467,0.6087812,-0.04310913,0.30615476,0.64780176,-0.03483088,A
0.2763927,0.93987775,-4.796267e-09,0.19490609,0.88585347,-0.012124557,0.13583186,0.76847976,-0.018205965,0.11546303,0.6587642,-0.03032787,0.1275225,0.579227,-0.036717784,0.16493294,0.67207986,0.025047326,0.14510167,0.58024246,0.012585792,0.15124379,0.6621915,0.016486757,0.16895005,0.7097329,0.020310622,0.21269113,0.6567862,0.011211975,0.19038081,0.5622459,-0.030409548,0.19360644,0.6681191,-0.04459187,0.21075028,0.7104498,-0.038762037,0.26306525,0.6516242,-0.0066843536,0.24289922,0.5456551,-0.044847142,0.23337872,0.6394299,-0.046923913,0.24618764,0.69707555,-0.03456861,0.31985483,0.6549429,-0.027199507,0.30627972,0.565148,-0.04337489,0.28906608,0.6098642,-0.041520454,0.29027992,0.6470977,-0.033629738,A
0.26403078,0.94046134,-4.9929767e-09,0.1816025,0.8853203,-0.008383739,0.12446452,0.76961464,-0.014786514,0.10645328,0.6643948,-0.027635846,0.12018408,0.5883569,-0.035133477,0.15188205,0.67299134,0.020474767,0.1282444,0.5855763,0.0076030963,0.13344389,0.66725606,0.011400315,0.15430069,0.71968746,0.015319644,0.19914827,0.658039,0.004683304,0.17397647,0.56516844,-0.03798456,0.17632832,0.66876626,-0.05204742,0.19548365,0.7183034,-0.046482027,0.24952391,0.65337145,-0.0140378475,0.22851111,0.54794765,-0.051073235,0.21731915,0.63837814,-0.051790603,0.22993745,0.699044,-0.03971072,0.30629396,0.6575355,-0.035113454,0.29354185,0.56295633,-0.05051715,0.27485824,0.6064072,-0.04743203,0.2742453,0.6479232,-0.039367057,A
0.25376916,0.9309688,-5.7115015e-09,0.17140898,0.8820473,-0.010206332,0.113799304,0.770118,-0.017347513,0.092834994,0.66617715,-0.030527929,0.10027735,0.5861424,-0.038274292,0.13921511,0.66979045,0.01839706,0.111771174,0.58119327,0.0060196,0.12012494,0.66638774,0.011423671,0.14273635,0.72102505,0.016367147,0.18584682,0.65479976,0.0036693993,0.15804,0.5606271,-0.03961104,0.1635417,0.66588,-0.05261253,0.18362048,0.71613324,-0.045693226,0.23632556,0.64904743,-0.013987732,0.21267824,0.5443405,-0.051980194,0.20407118,0.6390918,-0.05146012,0.21759474,0.7006529,-0.037933987,0.29361618,0.6516665,-0.034022473,0.27667147,0.55801785,-0.050666746,0.2587003,0.6069165,-0.046988867,0.25943154,0.6512849,-0.03782347,A
0.24048968,0.92665774,-4.541717e-09,0.156133,0.87360066,-0.010171965,0.10168488,0.75981987,-0.016810087,0.08259349,0.6566839,-0.029170841,0.082733385,0.5824671,-0.035672486,0.12642255,0.6616919,0.019582335,0.10199914,0.57390904,0.006202291,0.1080219,0.659414,0.010490354,0.12766838,0.7101294,0.014827641,0.1744444,0.6487278,0.0047717113,0.14939715,0.5574373,-0.038559634,0.15323836,0.6632,-0.05168021,0.17146438,0.70748466,-0.04502922,0.22535253,0.644671,-0.013215174,0.20434493,0.54276866,-0.050963394,0.1943747,0.6370313,-0.049689073,0.20685531,0.6943944,-0.035728794,0.28222364,0.6478155,-0.03373396,0.26832974,0.5550399,-0.048889305,0.25002196,0.60342735,-0.044234157,0.25005496,0.6447792,-0.034665737,A
0.17660362,0.9655145,-4.1228563e-09,0.094602175,0.91556704,-0.008991,0.043602936,0.8055746,-0.015006798,0.030244522,0.7042313,-0.02750594,0.039826304,0.62804437,-0.03518982,0.07864169,0.71187395,0.0243887,0.05966934,0.62616754,0.012223508,0.05755177,0.70473075,0.016112372,0.07278096,0.7608112,0.020848295,0.123296514,0.6988404,0.009760745,0.10075189,0.6057743,-0.030508839,0.0949031,0.70508564,-0.044387195,0.10882105,0.76071286,-0.038556896,0.17132083,0.69614404,-0.008264817,0.15292545,0.5950447,-0.04366159,0.13698085,0.6829356,-0.044665683,0.14584355,0.7453419,-0.032689307,0.2265529,0.7031518,-0.028777124,0.21438617,0.60939157,-0.044686828,0.19311889,0.6509,-0.041946456,0.19001867,0.69337076,-0.03363074,A
0.19578199,0.91945755,-4.9000493e-09,0.10999556,0.8655679,-0.0015339418,0.05636347,0.7534066,-0.0034422183,0.042018734,0.653299,-0.01333849,0.052813366,0.5817047,-0.018402303,0.088297844,0.6566477,0.035939965,0.07053269,0.57195914,0.029101549,0.066127345,0.64288706,0.034050666,0.07948852,0.69135433,0.03806993,0.13264161,0.6433315,0.01812204,0.11197512,0.5577673,-0.012660102,0.106393464,0.6506758,-0.02467033,0.12063044,0.6947939,-0.020422036,0.18266639,0.63856465,-0.0027270888,0.16477428,0.5477424,-0.029532535,0.14847142,0.6308652,-0.029841542,0.15703236,0.68433905,-0.02042549,0.24104303,0.6420213,-0.025887731,0.22678412,0.5585152,-0.034980737,0.20303509,0.6050718,-0.030555617,0.19922632,0.6467011,-0.023125105,A
0.2070488,0.85447544,-5.775688e-09,0.1225295,0.80498403,-0.0070856577,0.063634865,0.69541454,-0.012941089,0.046068646,0.59180635,-0.026508633,0.061289206,0.5138683,-0.035073668,0.10238896,0.5982447,0.03158464,0.08518323,0.5090151,0.021164201,0.08692486,0.5879849,0.025500707,0.10141851,0.6424739,0.029824927,0.14894685,0.5834279,0.015581625,0.12972915,0.49029005,-0.022923827,0.12988794,0.5927211,-0.037119124,0.14497218,0.64468056,-0.031493746,0.19873998,0.57796437,-0.0040522236,0.18139425,0.4768905,-0.03869012,0.17076927,0.5691888,-0.040590458,0.18183199,0.63066185,-0.02899968,0.25625184,0.5820955,-0.02600307,0.24348122,0.48938495,-0.03971884,0.22644822,0.5420206,-0.03588493,0.2274036,0.5906388,-0.027031882,A
0.21152781,0.8433637,-5.2299165e-09,0.1259183,0.79008377,-0.012641343,0.06259629,0.6771884,-0.019308534,0.041331656,0.570022,-0.0322226,0.058561616,0.49171954,-0.039412558,0.091226384,0.57686234,0.026250469,0.06739066,0.48972207,0.014600347,0.071830206,0.5713289,0.019109573,0.09146003,0.6211871,0.023658305,0.14166053,0.55861914,0.012517793,0.117816,0.46347743,-0.028981006,0.118101224,0.56956315,-0.042882103,0.13558044,0.61754173,-0.03624081,0.1947566,0.5520071,-0.005424025,0.17570522,0.4455506,-0.042975973,0.1642606,0.53875846,-0.044390626,0.17779063,0.59923375,-0.031376917,0.25461206,0.55631715,-0.02609424,0.24081641,0.46491906,-0.04158427,0.22296704,0.51302433,-0.03833453,0.22565436,0.5562442,-0.029282186,A
0.20637646,0.8196128,-5.7400373e-09,0.11635642,0.7664116,-0.010274007,0.05351095,0.65505165,-0.017868116,0.033584885,0.5479171,-0.032800492,0.047073126,0.4668013,-0.042409528,0.083452456,0.5481557,0.028424837,0.060508758,0.45735574,0.01572279,0.06374986,0.538001,0.018824708,0.08309009,0.59330153,0.022658275,0.13427082,0.5301971,0.012481327,0.110505976,0.43292627,-0.029881576,0.11129397,0.5399232,-0.045630965,0.12981021,0.5974792,-0.04027121,0.18811622,0.52342176,-0.007357471,0.16810107,0.41803253,-0.044993166,0.15666838,0.51536196,-0.0463787,0.16997197,0.58169067,-0.033898123,0.24878603,0.52682364,-0.030047273,0.23216066,0.43180573,-0.045635488,0.2135543,0.4868995,-0.04147447,0.21527284,0.538535,-0.032003514,A
0.20956485,0.80011195,-5.1389906e-09,0.11747596,0.7454653,-0.007701383,0.054629356,0.63055414,-0.012134133,0.03430018,0.5202136,-0.024839215,0.047013685,0.4356757,-0.03231583,0.087813996,0.52759075,0.04042483,0.06653728,0.4334057,0.029983703,0.06931669,0.51445925,0.033649012,0.08830475,0.57326293,0.0379362,0.13744296,0.50830543,0.023837458,0.114812076,0.40526497,-0.01787538,0.11433994,0.51355594,-0.035999708,0.1318908,0.5763803,-0.031489465,0.18969642,0.5005131,0.0029240963,0.17123146,0.39014298,-0.03539696,0.15852746,0.48847234,-0.04033545,0.17118084,0.560042,-0.029238092,0.24889514,0.50288147,-0.020552732,0.23494515,0.40500075,-0.03708857,0.21668333,0.45657054,-0.03549816,0.21835752,0.50867593,-0.02735046,A
0.20938167,0.7819821,-5.444552e-09,0.120301396,0.7254239,-0.01073236,0.05690054,0.6068367,-0.01743489,0.037634075,0.49513713,-0.031936474,0.05295851,0.40884203,-0.041200466,0.092532724,0.5005318,0.033864684,0.07272254,0.40505058,0.021947218,0.07364327,0.48499128,0.024905795,0.090630196,0.54168737,0.028598983,0.14115769,0.48207322,0.017797364,0.118444175,0.37805304,-0.024057034,0.11696398,0.48496842,-0.041424338,0.133903,0.5459354,-0.037100248,0.1924674,0.47538218,-0.0026569671,0.17181855,0.3635585,-0.040664494,0.1600824,0.4619195,-0.044531666,0.17329991,0.5318712,-0.033335153,0.25085512,0.47922748,-0.026085047,0.23562527,0.38067132,-0.042654738,0.21863556,0.43015617,-0.04078002,0.22092915,0.47878322,-0.032724235,A
0.2045259,0.7622803,-4.6402917e-09,0.114187084,0.70551807,-0.008542339,0.054797843,0.5893843,-0.013063495,0.036755256,0.47942805,-0.024948869,0.04769776,0.39884603,-0.0315602,0.09029847,0.48574215,0.03331046,0.07196404,0.38642246,0.021809587,0.07134354,0.46502852,0.025996288,0.086722344,0.52365714,0.030885383,0.13854739,0.46736348,0.017346784,0.11863083,0.35941997,-0.02412044,0.11581173,0.4636921,-0.040064644,0.13106409,0.52483857,-0.034701362,0.18930535,0.4603278,-0.002630486,0.1731764,0.34464657,-0.040288597,0.15906635,0.43787253,-0.043871243,0.1695225,0.5075964,-0.032438044,0.24706662,0.46282893,-0.0252626,0.23600098,0.36254564,-0.04133811,0.21697797,0.40843225,-0.03971684,0.21618137,0.45697477,-0.031868014,A
0.20199144,0.728024,-4.818156e-09,0.11146981,0.6720485,-0.008271229,0.051495053,0.55711275,-0.01405203,0.03325139,0.4507937,-0.027462468,0.045561515,0.37347755,-0.03564999,0.07977922,0.45453575,0.029065374,0.05488965,0.36171043,0.016144332,0.057632335,0.4410412,0.019277815,0.07753494,0.49807936,0.02339068,0.12882422,0.43597692,0.012195246,0.10358477,0.33402157,-0.03171363,0.103913076,0.44000056,-0.048155736,0.122389175,0.50182426,-0.042925313,0.18153365,0.42850843,-0.008360828,0.16073054,0.3190391,-0.046964884,0.14891207,0.41498494,-0.049546212,0.16140687,0.48475483,-0.03760162,0.24189746,0.4308629,-0.031585053,0.2276954,0.33177897,-0.048268974,0.20894404,0.37883466,-0.046103135,0.20827046,0.42743054,-0.037934855,A
0.20056598,0.6879374,-3.9648342e-09,0.110809915,0.63255286,-0.0069431434,0.04851993,0.5198424,-0.010819208,0.0285234,0.41401365,-0.02273506,0.045349218,0.33698684,-0.029749762,0.077296145,0.41746905,0.036718592,0.05717524,0.32659608,0.02533308,0.05791142,0.39839613,0.027708635,0.073799066,0.44850737,0.031343594,0.12722403,0.39795443,0.020007173,0.104463354,0.29675022,-0.02035095,0.104092196,0.39700526,-0.036820006,0.12015104,0.4538571,-0.032160714,0.18136236,0.3898561,-0.00096765807,0.1608027,0.27931193,-0.037669923,0.14952177,0.37064803,-0.041760348,0.16113023,0.43741524,-0.030812105,0.24353,0.39182773,-0.024548516,0.22961962,0.2937767,-0.04003573,0.21172936,0.3357277,-0.03879701,0.21066207,0.37987244,-0.031360988,A
0.20292646,0.6718292,-5.0497153e-09,0.114344776,0.6143342,-0.0051915958,0.050083242,0.5017031,-0.009088076,0.027494833,0.39559993,-0.02160929,0.04269392,0.31475833,-0.029320264,0.08056829,0.39420706,0.038488116,0.060493536,0.30157426,0.02702658,0.05916608,0.3713401,0.02973819,0.07528084,0.4237392,0.033927996,0.13049836,0.3756205,0.02076481,0.107952505,0.27170664,-0.020070532,0.106701866,0.3739645,-0.03594233,0.12396316,0.4352359,-0.030220663,0.1845076,0.3688253,-0.0010635974,0.16383862,0.2565192,-0.03807192,0.15223315,0.35085237,-0.0402927,0.16547695,0.4202529,-0.027679363,0.24696766,0.37279314,-0.0254994,0.23050565,0.2732727,-0.041082017,0.21222216,0.31883305,-0.03805585,0.2127815,0.3659787,-0.028932841,A
0.20625652,0.6186743,-5.8935905e-09,0.118433304,0.56179637,-0.009451669,0.05342208,0.45392,-0.016283091,0.029099226,0.3500158,-0.030794036,0.042246915,0.2692769,-0.039849192,0.08309211,0.34426597,0.03179588,0.06130854,0.25296748,0.01929943,0.06797839,0.33282784,0.022399705,0.08669934,0.38734508,0.026526947,0.13328262,0.32455277,0.016044678,0.110191405,0.22313702,-0.027251154,0.11480944,0.3314399,-0.043193188,0.13199547,0.38966346,-0.037173077,0.18686554,0.31719437,-0.003832604,0.16732468,0.20406121,-0.042166077,0.16055816,0.29954317,-0.04480782,0.17429642,0.36760995,-0.032206178,0.24844164,0.32070655,-0.026327426,0.2344985,0.2219475,-0.041402213,0.21989374,0.26807764,-0.038616963,0.22192135,0.31408304,-0.029872108,A
0.20965612,0.542253,-5.8014633e-09,0.12089412,0.49720484,-0.008318856,0.051374502,0.38865867,-0.013820074,0.027021393,0.28511924,-0.027261082,0.042791203,0.20573312,-0.036272187,0.08817641,0.28459957,0.03287757,0.06662512,0.1906424,0.02329082,0.07266138,0.26358315,0.026690112,0.091765456,0.322506,0.030426389,0.13765147,0.26358065,0.017412188,0.11498104,0.1616345,-0.020527748,0.11968338,0.25871852,-0.037848312,0.1389607,0.3258289,-0.034779083,0.19026133,0.2541875,-0.0017238151,0.17106014,0.14489406,-0.03532447,0.16429515,0.23291625,-0.041390717,0.17684127,0.30526328,-0.033234157,0.25085205,0.2550907,-0.023480814,0.23621185,0.15883951,-0.037586465,0.22108434,0.20473859,-0.037061855,0.22110541,0.25726664,-0.030906083,A
0.23195325,0.5468267,-4.106133e-09,0.13786541,0.4931609,-0.009619585,0.06925535,0.381635,-0.0151348505,0.044961087,0.27348527,-0.028909376,0.06149143,0.19249305,-0.037764728,0.0984818,0.27588826,0.037033148,0.07154362,0.18362126,0.022827448,0.07854682,0.25849193,0.023430344,0.10246697,0.31216383,0.026221605,0.15128455,0.25359312,0.02064553,0.12540068,0.14979157,-0.024681076,0.13228713,0.25603953,-0.044890467,0.1548831,0.31758252,-0.041236166,0.2073328,0.2429887,-0.0006401912,0.18453597,0.13175853,-0.042414222,0.17811841,0.22908644,-0.04935701,0.19572398,0.29964846,-0.038909514,0.27165547,0.24255952,-0.024628451,0.25284833,0.14616884,-0.042803098,0.23781869,0.19951785,-0.042155325,0.24291468,0.25161523,-0.034481023,A
0.21507739,0.41748008,-6.068485e-09,0.113577254,0.36945304,-0.017452735,0.039268404,0.2512106,-0.025014339,0.01627089,0.13263573,-0.03860082,0.025687918,0.048413754,-0.04595592,0.07241808,0.13691902,0.024004947,0.039130062,0.038942143,0.012427841,0.052848898,0.12853949,0.018010458,0.08067136,0.19244397,0.02242198,0.12438202,0.11297296,0.010628534,0.096327096,0.018524617,-0.03069477,0.113511145,0.13333963,-0.048064366,0.14187728,0.19025284,-0.04479024,0.18142666,0.09940096,-0.0067928554,0.15669902,0.0055490136,-0.043319736,0.16062668,0.11309293,-0.046834264,0.182666,0.17516479,-0.036989875,0.24707893,0.09431346,-0.027927052,0.21880423,0.0063693225,-0.041280054,0.20985594,0.07398204,-0.03804186,0.22089279,0.12500702,-0.030223327,A
0.40033367,0.4907756,-2.7958595e-09,0.3008226,0.45084313,-0.031986114,0.21426998,0.3321062,-0.045690507,0.18183617,0.20984638,-0.063673556,0.20037964,0.12398835,-0.07589861,0.2415976,0.21426544,0.017677555,0.22477262,0.11482327,-0.0048244502,0.24278668,0.2055668,-0.008002551,0.25999543,0.25942087,-0.008442964,0.3009608,0.18676585,0.008693628,0.2837377,0.08819297,-0.041807387,0.29658642,0.2097857,-0.06476182,0.3102649,0.25834975,-0.06417328,0.3604783,0.17390561,-0.007520153,0.34551525,0.07297143,-0.05588478,0.34525934,0.18688148,-0.065376855,0.35777375,0.24724022,-0.05644595,0.42441374,0.17049566,-0.028604668,0.40470335,0.08723681,-0.050876256,0.39626613,0.16281772,-0.05228227,0.40342614,0.21491823,-0.046133347,A
0.49774513,0.6035354,-1.4835452e-09,0.41039562,0.5661021,-0.027824441,0.332041,0.45896298,-0.040145416,0.30323672,0.3472566,-0.055515423,0.31845072,0.26293537,-0.06494089,0.3651894,0.34150562,0.017071407,0.357847,0.2641542,0.002489703,0.37420273,0.3522828,0.0032841796,0.38589728,0.3966133,0.0040650372,0.41492552,0.3222742,0.010125498,0.40672725,0.24506867,-0.028143134,0.41973266,0.35902146,-0.043663412,0.42730898,0.3942091,-0.041263074,0.4650041,0.31445247,-0.0025474902,0.456567,0.23317707,-0.038973607,0.45973223,0.33990175,-0.042517625,0.46718842,0.38644284,-0.032768823,0.51844966,0.31433168,-0.019401863,0.5052718,0.24143165,-0.03426839,0.498839,0.31337938,-0.032230347,0.50063294,0.35700524,-0.02522275,A
0.53293645,0.7203389,-2.2728384e-09,0.45378542,0.665568,-0.037794996,0.39012727,0.5467529,-0.047727402,0.37331757,0.4294755,-0.05816061,0.39937523,0.35560048,-0.062067885,0.43245938,0.4500238,0.0183724,0.4298879,0.3687638,0.004972409,0.43694755,0.44929904,0.0057285842,0.4473993,0.48971447,0.0068400637,0.48567724,0.43907315,0.01909946,0.48431098,0.35965693,-0.019508379,0.48383182,0.46967366,-0.038221877,0.49006835,0.5011723,-0.036604926,0.5374023,0.4384176,0.012469048,0.5421192,0.35665238,-0.02724495,0.5297272,0.4560394,-0.038416862,0.5310182,0.5000708,-0.03162463,0.5927359,0.44552654,0.0014340185,0.59466285,0.37256014,-0.016902773,0.5787359,0.4337885,-0.021279963,0.57448304,0.47338036,-0.017543882,A
0.5307447,0.73648936,-3.458876e-09,0.45195875,0.6798146,-0.03505825,0.38683754,0.5604742,-0.044791315,0.36805725,0.44380653,-0.056579325,0.39524904,0.3711528,-0.06282467,0.4304127,0.46659225,0.02088164,0.42579448,0.37934884,0.005996133,0.43158948,0.4477328,0.0044582402,0.4438674,0.49247137,0.0046278923,0.48303717,0.45363033,0.0192596,0.48032364,0.3666632,-0.021417137,0.47990978,0.46906638,-0.0435418,0.4888437,0.5141032,-0.043858312,0.53421795,0.45233738,0.010407923,0.53843826,0.36298084,-0.03132333,0.5265144,0.45620453,-0.04545567,0.52971274,0.5119442,-0.040377352,0.590103,0.46035075,-0.0028508115,0.5907444,0.38094676,-0.023774361,0.5755313,0.43406838,-0.03020309,0.5721971,0.47869554,-0.027722932,A
0.5394618,0.7374295,-3.0522256e-09,0.4615164,0.6803841,-0.038941197,0.39621368,0.5609318,-0.04972164,0.37539917,0.44077563,-0.06123617,0.3992862,0.3631676,-0.0662633,0.44039664,0.46282062,0.01712738,0.43487093,0.37751716,0.0036257738,0.4429565,0.45793882,0.0046329666,0.45569617,0.4994482,0.0055642445,0.49323508,0.45092863,0.017504515,0.49103546,0.37036556,-0.02211772,0.49164996,0.47972113,-0.041690275,0.49979475,0.51216096,-0.040757522,0.54400873,0.4502409,0.010495098,0.547974,0.36783183,-0.030999161,0.53625494,0.46786445,-0.043414693,0.53929925,0.5124447,-0.03732579,0.59791833,0.45848408,-0.0009793161,0.59969735,0.38258964,-0.021365,0.5833803,0.44418094,-0.027053708,0.5795781,0.48489913,-0.024143796,A
0.54728836,0.7352511,-1.6559867e-09,0.4670416,0.6810386,-0.041309826,0.40164044,0.56181234,-0.0516524,0.38206193,0.44075182,-0.062331602,0.4031928,0.36428243,-0.06658464,0.44237512,0.46493703,0.018680608,0.44161,0.37846172,0.0020252748,0.4521054,0.45921236,0.00020763384,0.46220475,0.5031219,-9.058738e-05,0.4965273,0.45120582,0.020498464,0.49731016,0.36771798,-0.023341598,0.4989183,0.4820165,-0.046638843,0.5036282,0.5175,-0.04710807,0.548093,0.4482836,0.014143119,0.5553764,0.36505732,-0.03168799,0.54496455,0.47058648,-0.04780087,0.5446172,0.52006036,-0.04267523,0.6026061,0.45300636,0.003290076,0.60782826,0.37777063,-0.01944194,0.59433454,0.43948162,-0.028008336,0.5887694,0.48019975,-0.026552806,A
0.5458916,0.7344243,-1.5935522e-09,0.46581003,0.67421997,-0.037179332,0.40070784,0.5579099,-0.046262976,0.3806561,0.4393881,-0.05695488,0.4030044,0.3636029,-0.06180443,0.4426354,0.46461353,0.025386296,0.44143492,0.3789773,0.010911541,0.45026284,0.45037887,0.008967626,0.4607749,0.49318603,0.008604107,0.49649552,0.4508331,0.02555381,0.49735004,0.3670235,-0.0154714715,0.49823216,0.474091,-0.03931773,0.50377935,0.51461107,-0.040602203,0.5479583,0.44849476,0.017839655,0.55534863,0.36384398,-0.025680821,0.5445919,0.46189472,-0.043011516,0.5445231,0.5141955,-0.039302938,0.60290825,0.4551062,0.005847453,0.6070997,0.37910998,-0.01578111,0.5937216,0.43572143,-0.024550632,0.5885075,0.47810465,-0.02359213,A
0.54403603,0.7238935,-2.389277e-09,0.4666274,0.6668568,-0.040953852,0.40116724,0.55010635,-0.05300835,0.3795402,0.431531,-0.06529332,0.40215212,0.35492778,-0.071142286,0.44256,0.4541582,0.015267155,0.44198847,0.36809364,-0.0009399997,0.44983727,0.44360176,-0.0020169038,0.457061,0.48254424,-0.0018626456,0.49578065,0.44137377,0.01686089,0.49549878,0.35799614,-0.0242953,0.49666652,0.4674153,-0.043884996,0.50043195,0.49881864,-0.04248192,0.54682785,0.43965754,0.010511904,0.5527152,0.3530575,-0.032431807,0.5422936,0.45164546,-0.045030788,0.5415122,0.4968425,-0.038398914,0.6007593,0.44720432,-0.0004206437,0.6045236,0.37237328,-0.02080515,0.5905109,0.4316719,-0.026603766,0.58492506,0.47177637,-0.023543287,A
0.5425279,0.71387756,-3.0816834e-09,0.46332434,0.66010034,-0.03345901,0.3970742,0.54609996,-0.043230265,0.3759882,0.43263057,-0.05491467,0.39869592,0.35757768,-0.06091165,0.43667454,0.44926748,0.01927711,0.43246305,0.36740795,0.005031896,0.44094113,0.4374879,0.0042338828,0.45292822,0.4787789,0.0046293307,0.48968238,0.4357476,0.017436927,0.4866439,0.35516918,-0.0215976,0.4879938,0.45782304,-0.041418597,0.4956823,0.49687204,-0.0408075,0.5411246,0.43353638,0.008713523,0.5444917,0.351681,-0.030959059,0.53438264,0.44551212,-0.04280912,0.5369595,0.49457234,-0.036892954,0.59684056,0.4399763,-0.0041763866,0.5978953,0.36518216,-0.023477003,0.58406806,0.4199277,-0.028492313,0.5804705,0.4600297,-0.025315102,A
0.56536865,0.701147,-2.2174498e-09,0.48503527,0.64470315,-0.020769736,0.4232347,0.534448,-0.027538063,0.4046824,0.4320068,-0.038580276,0.40836716,0.36602473,-0.044890385,0.4623361,0.44543427,0.027683808,0.45234427,0.3597355,0.016593145,0.45425442,0.4142884,0.016338881,0.4646676,0.46564883,0.017078677,0.51196575,0.43069607,0.019509945,0.5029625,0.34798235,-0.010988139,0.50188094,0.4262566,-0.029943626,0.51072925,0.47268128,-0.031812534,0.56186247,0.4287083,0.0058262404,0.5591171,0.34607428,-0.022990754,0.5471352,0.41588762,-0.033944312,0.54909074,0.4644702,-0.03214853,0.6174952,0.43755546,-0.0117109595,0.6156863,0.36329615,-0.024740214,0.59749484,0.40351784,-0.028256152,0.59048533,0.44231787,-0.026569944,A
0.62426364,0.6930438,-2.5327012e-09,0.54479873,0.62959534,-0.022433085,0.4838907,0.51232356,-0.028708797,0.4764656,0.40426666,-0.03914998,0.508375,0.34166527,-0.04463808,0.52667457,0.42236757,0.02603596,0.52344877,0.34188104,0.016341474,0.5266023,0.40870744,0.017444717,0.5350716,0.45461172,0.01806496,0.57706124,0.41242003,0.017827159,0.5736337,0.33509892,-0.01169514,0.5715024,0.42388135,-0.028887551,0.5778003,0.46112868,-0.030058824,0.6275106,0.41448838,0.0039637424,0.6296302,0.33720562,-0.024437113,0.6172044,0.41400045,-0.03414306,0.6174386,0.45675993,-0.031742603,0.6833567,0.42662108,-0.013913786,0.68074596,0.3583889,-0.026565963,0.6619713,0.4071586,-0.02957937,0.65454656,0.44418225,-0.027746083,A
0.7044643,0.6813013,-5.560193e-09,0.62358624,0.62952435,-0.023825625,0.5606656,0.50927943,-0.031505644,0.5485118,0.39831898,-0.043681968,0.57327074,0.331522,-0.0505057,0.6179724,0.40569913,0.025222616,0.6097085,0.3235159,0.01594358,0.6093288,0.40195364,0.020525685,0.6173228,0.45343608,0.023551153,0.6666219,0.39917365,0.016170138,0.6534617,0.32162854,-0.015497374,0.6478456,0.4257654,-0.02837132,0.6565431,0.46820453,-0.024876589,0.71649873,0.40286818,0.0010291189,0.7062753,0.33319896,-0.031274434,0.6947364,0.43291897,-0.035871048,0.7006357,0.4821295,-0.0278138,0.77347684,0.4165052,-0.018346068,0.7554639,0.35648942,-0.033626273,0.7365529,0.42344862,-0.033694774,0.7347009,0.46650666,-0.028107475,A
0.72972995,0.6650059,-2.2298348e-09,0.65757334,0.6147572,-0.053255245,0.6027803,0.48635024,-0.06706244,0.599316,0.37037838,-0.07701985,0.62788767,0.30931982,-0.07939841,0.65626085,0.3872541,0.0030182612,0.66315496,0.30709475,-0.015101115,0.66463834,0.4019113,-0.014386206,0.66670334,0.4472382,-0.012668434,0.7075017,0.3886736,0.010426707,0.707833,0.30898768,-0.031270593,0.701815,0.42744854,-0.04714885,0.7049263,0.45200866,-0.04264158,0.75507957,0.3976201,0.008544833,0.761683,0.31961578,-0.035085596,0.7461569,0.42223775,-0.044167235,0.74526393,0.45641622,-0.034833964,0.8056901,0.41150627,0.00089608406,0.8094907,0.3420416,-0.020951966,0.7915399,0.41029963,-0.025145462,0.7862346,0.446186,-0.02018042,A
0.7758379,0.6817167,2.845103e-09,0.70370275,0.6155198,-0.039063003,0.6539679,0.49258542,-0.045514815,0.6502751,0.37457925,-0.05172731,0.67354023,0.30468667,-0.051422022,0.70279455,0.3926606,0.033762306,0.7193053,0.30454844,0.023979323,0.72094,0.39378244,0.024636228,0.71560407,0.4483273,0.025012046,0.7545418,0.3953857,0.036847826,0.76883715,0.31434387,0.001684836,0.7609651,0.42970282,-0.021584097,0.75297755,0.46591276,-0.02347657,0.80299973,0.40675548,0.0316067,0.8213609,0.33183837,-0.00706447,0.8056275,0.43336928,-0.026201345,0.79340595,0.4750538,-0.024834706,0.8528533,0.4232561,0.022063533,0.86760867,0.3549001,0.0039000968,0.8502732,0.42234486,-0.0054901144,0.83527184,0.46281415,-0.0057975575,A
0.78987485,0.6713855,7.1377937e-10,0.7180184,0.5969366,-0.041185386,0.6703726,0.47952184,-0.046804626,0.668481,0.35777944,-0.051594574,0.69560677,0.28704834,-0.04893117,0.7257412,0.38005978,0.037126012,0.743116,0.29796016,0.028595138,0.7426421,0.38836277,0.030198392,0.7396802,0.43981233,0.031225026,0.7802008,0.38354397,0.042103615,0.7959748,0.30518645,0.0045528174,0.7839424,0.42056423,-0.02063879,0.77699476,0.45046455,-0.022348497,0.8307383,0.3948179,0.03829679,0.8507795,0.32184368,-0.0050960663,0.8304023,0.42251852,-0.027832322,0.81831145,0.46146554,-0.026454428,0.88207763,0.41117305,0.030810976,0.90030116,0.33978206,0.00931265,0.881658,0.40378064,-0.0029225203,0.8677945,0.44279498,-0.003991763,A
0.81575066,0.60372365,-2.7666902e-10,0.73797464,0.53734267,-0.0300108,0.6862612,0.4223838,-0.03535382,0.6821294,0.30881122,-0.044048846,0.70912844,0.24089369,-0.04810432,0.73493,0.33304,0.03829087,0.75001603,0.2459343,0.028491054,0.7515076,0.31973702,0.026437107,0.7500284,0.374441,0.02515246,0.7925328,0.32902336,0.03600454,0.81071764,0.24170376,-0.0019306592,0.80428314,0.33924526,-0.030216541,0.7985531,0.39295167,-0.03559898,0.84557164,0.33618268,0.026217166,0.86369306,0.25113544,-0.016387904,0.8497224,0.3390159,-0.041147266,0.8386856,0.40015242,-0.043108176,0.898023,0.3516342,0.013284215,0.9120103,0.27737236,-0.009634152,0.90007794,0.32825592,-0.023338977,0.88751125,0.3750183,-0.026435258,A
0.81610256,0.5595232,6.6545996e-10,0.7346273,0.47904187,-0.022836197,0.681922,0.36846212,-0.024125066,0.6774149,0.24815932,-0.02986223,0.7048191,0.1744645,-0.030501865,0.73079896,0.27590477,0.051756255,0.7519288,0.18985863,0.04599867,0.7567202,0.2688319,0.045731686,0.75450927,0.32196665,0.04501853,0.78754133,0.26991457,0.047131952,0.8078726,0.18311198,0.0110238055,0.80274343,0.28843045,-0.017396448,0.7948506,0.33865505,-0.022780798,0.8392745,0.27594134,0.035375435,0.8607403,0.18585345,-0.0075882897,0.84760153,0.27918884,-0.033990636,0.8331381,0.34195542,-0.036066413,0.8908278,0.28995976,0.021607686,0.90852475,0.2105617,-0.0006432356,0.89738166,0.2627517,-0.015363323,0.88173646,0.31094626,-0.019140795,A
0.81466764,0.5007392,8.163636e-10,0.7326588,0.42231685,-0.03918696,0.67570156,0.31441534,-0.045262285,0.6667884,0.188239,-0.052141316,0.6950698,0.11524291,-0.05266446,0.723268,0.21363743,0.038216222,0.7436178,0.12199801,0.026703503,0.74835145,0.20660818,0.025331542,0.7453744,0.25926837,0.024624294,0.7797985,0.20780534,0.04040406,0.7975774,0.11683713,-0.0034448977,0.79229265,0.22873783,-0.033451706,0.7848852,0.2696283,-0.037875768,0.8314035,0.21417013,0.033621922,0.85174483,0.11948341,-0.019282322,0.8379059,0.21662594,-0.0489732,0.82524014,0.27304825,-0.05009317,0.8830051,0.22862282,0.023905678,0.8991052,0.14910223,-0.0051261713,0.8866192,0.20384538,-0.023150202,0.8729956,0.2499879,-0.027546443,A
0.81522846,0.46495816,4.2789106e-09,0.72359324,0.38550627,-0.03851122,0.66478664,0.27832347,-0.03662329,0.65949285,0.14761575,-0.03504563,0.69027305,0.08268051,-0.02574838,0.71029866,0.17072757,0.0606084,0.73101383,0.077338606,0.05341961,0.7322098,0.1692772,0.053965535,0.72824234,0.21964705,0.05391137,0.76924163,0.16442454,0.06358834,0.78798693,0.07355742,0.022978015,0.7785207,0.19471473,-0.008574626,0.7700738,0.22455175,-0.013325369,0.82169807,0.16988672,0.05587951,0.8429001,0.07869393,0.0019691712,0.82526714,0.18614906,-0.031666458,0.81315607,0.23448211,-0.033518087,0.8735646,0.18113703,0.04530996,0.88927853,0.10456734,0.01544997,0.8735141,0.16969793,-0.0053066895,0.8606223,0.2129476,-0.01079488,A
0.8082178,0.43164018,3.0395795e-09,0.71926254,0.3491493,-0.025585642,0.6606637,0.2504359,-0.021200778,0.6485709,0.1290717,-0.021461993,0.6779811,0.057501867,-0.015176281,0.6997782,0.14248177,0.07935888,0.71122545,0.04756674,0.0795724,0.71725833,0.12276918,0.08051591,0.72009987,0.17239985,0.07998074,0.7559171,0.13305202,0.07708062,0.7712853,0.038946673,0.045211203,0.7693884,0.14508939,0.012394733,0.76665115,0.18784872,0.0051912665,0.80806184,0.13500717,0.06533742,0.8262763,0.04218939,0.02115487,0.81495786,0.1365925,-0.014050816,0.80899405,0.1941114,-0.019687759,0.86253965,0.14391164,0.051351655,0.8767737,0.06654826,0.027741143,0.86578196,0.12137186,0.007787266,0.857636,0.16817214,0.0013502613,A
0.7844178,0.3960206,5.1474855e-09,0.70429057,0.32461205,-0.0403493,0.6457733,0.21468657,-0.0427563,0.63765633,0.09491889,-0.04559772,0.66372395,0.025220498,-0.04249024,0.6808316,0.11247657,0.049022436,0.6988571,0.018429324,0.039190367,0.7064186,0.09542258,0.034344215,0.7030271,0.15008602,0.0307627,0.7382092,0.10678048,0.053579543,0.75216395,0.017264158,0.01452738,0.7514387,0.122868985,-0.021346295,0.74581766,0.1682175,-0.03142923,0.78906286,0.111685514,0.048768874,0.80723315,0.026933223,0.0012394593,0.79522645,0.1217636,-0.03420987,0.782624,0.17495044,-0.04154085,0.84052885,0.12085137,0.04034549,0.8559803,0.041567117,0.013235641,0.8434788,0.101535425,-0.0076152715,0.8290125,0.1491038,-0.015250404,A
0.71207815,0.42167205,1.3885266e-09,0.62689614,0.36283714,-0.008819502,0.56649184,0.2548558,-0.0056391787,0.5534182,0.14991927,-0.011141805,0.58294183,0.08337559,-0.013453545,0.60410583,0.17055221,0.07024939,0.6044036,0.08613773,0.069236815,0.6014992,0.13519013,0.06725245,0.60532975,0.18464415,0.06530695,0.65019095,0.15690494,0.058177494,0.6524454,0.07234116,0.036443256,0.64687574,0.14922999,0.007857408,0.64995086,0.20822793,-0.001709005,0.69561887,0.15507486,0.039913274,0.7024876,0.073648915,0.013219015,0.68945354,0.14468196,-0.011713514,0.688488,0.20658505,-0.01894944,0.7459606,0.16280206,0.01908973,0.74582994,0.093130514,0.0051878747,0.7307166,0.14119959,-0.005555763,0.72580403,0.19463986,-0.009345051,A
0.63148797,0.4184642,-1.0489348e-09,0.54652363,0.37939817,-0.035035364,0.47717884,0.2700982,-0.045125794,0.4602561,0.15931198,-0.05806238,0.48727944,0.084831625,-0.06560236,0.51840943,0.1697697,0.030112978,0.515221,0.08568798,0.01631634,0.52285546,0.15986918,0.013695428,0.5312667,0.21385199,0.012761706,0.56787646,0.15438178,0.028229313,0.56413376,0.07504457,-0.00953443,0.5687308,0.17665356,-0.034752622,0.57550937,0.22287984,-0.03805153,0.61643434,0.14892453,0.018498143,0.6177789,0.070255876,-0.020669732,0.6127507,0.16233155,-0.039078753,0.61500317,0.2164087,-0.03802752,0.66892624,0.15282288,0.0042959116,0.6687829,0.08253001,-0.014847018,0.66024655,0.14189911,-0.022704452,0.6595922,0.18933937,-0.022010516,A
0.58726484,0.4646626,7.725497e-11,0.50133306,0.4052386,-0.020165376,0.4356956,0.3065109,-0.0248537,0.41496807,0.1979637,-0.0353598,0.43907267,0.12376866,-0.041712563,0.47530892,0.20726193,0.041156184,0.47846478,0.12301794,0.027772669,0.487241,0.19019632,0.023325427,0.49257746,0.23921578,0.02090221,0.52705526,0.1907813,0.0322067,0.52930003,0.10493889,-0.008616688,0.5316141,0.20875442,-0.035089143,0.5341455,0.2643868,-0.039174084,0.5761231,0.1897362,0.01664459,0.5791397,0.10136688,-0.02702033,0.57336617,0.19666135,-0.046187293,0.574788,0.26115513,-0.04441276,0.6284327,0.19955142,-0.0018674182,0.6265886,0.12450274,-0.024592003,0.6164869,0.17602906,-0.034462217,0.6131386,0.22148822,-0.034993377,A
0.6083979,0.53858364,7.481855e-10,0.5273098,0.4990633,-0.042043105,0.4574082,0.38362664,-0.054419525,0.44193354,0.2703996,-0.06642022,0.47196877,0.20250493,-0.072738424,0.4907556,0.27507237,0.008249588,0.49288702,0.20708397,-0.010183154,0.5059381,0.29076603,-0.01361184,0.51330686,0.3283957,-0.015502514,0.5447128,0.2615347,0.008914857,0.5436481,0.19650155,-0.032116957,0.55099654,0.30938253,-0.051448353,0.55515915,0.33562192,-0.05153652,0.5980476,0.25964713,0.0017754555,0.6021469,0.19175464,-0.039810676,0.5998202,0.2956905,-0.049570378,0.60074174,0.33520615,-0.042846683,0.65404004,0.26616734,-0.010525529,0.656543,0.20228912,-0.030944793,0.64813095,0.2681598,-0.035108328,0.6445799,0.30333066,-0.031670637,A
0.5924974,0.6562668,4.0505994e-09,0.5160836,0.6089581,-0.03879327,0.4466505,0.4949981,-0.047933444,0.42247146,0.37997735,-0.056757677,0.4448218,0.30908352,-0.05968026,0.48010662,0.3994506,0.015475453,0.48180592,0.32244334,0.001451583,0.49274498,0.4010358,0.0009526438,0.49695754,0.43953896,0.00080480316,0.53210807,0.38538638,0.016751738,0.53242826,0.3103267,-0.019342752,0.53919417,0.41336375,-0.03788902,0.53943026,0.43698537,-0.038258716,0.58359087,0.38191652,0.010540966,0.58919823,0.30187008,-0.027588181,0.5849596,0.39410225,-0.040029418,0.5817218,0.43402737,-0.035507083,0.63785017,0.3858098,-0.0001687552,0.64225376,0.31421703,-0.018797727,0.63165563,0.36795127,-0.025282001,0.6230724,0.40179467,-0.023931218,A
0.59425646,0.7316683,-7.8521195e-10,0.51827246,0.6808789,-0.036112897,0.45655075,0.5689138,-0.044101365,0.43561023,0.4558103,-0.05172993,0.44902295,0.38261497,-0.052692503,0.4918395,0.472433,0.020572133,0.49697602,0.39219245,0.007633756,0.50686854,0.47564447,0.008060812,0.50965536,0.51462567,0.008836645,0.5430821,0.45991603,0.022411592,0.5448066,0.38281292,-0.014913658,0.54826164,0.49250352,-0.032707117,0.54789,0.51618314,-0.030924803,0.59224313,0.456904,0.016923878,0.5985936,0.3737963,-0.021981874,0.59150183,0.47298717,-0.032432277,0.5879467,0.51328236,-0.02505171,0.6435917,0.45919126,0.007466501,0.6482322,0.38472232,-0.0095082065,0.6375874,0.44322878,-0.013829711,0.63076663,0.47888386,-0.010248907,A
0.60170245,0.77401656,-1.5200495e-09,0.5255164,0.72086775,-0.03491075,0.4637468,0.6060797,-0.04350732,0.4446445,0.494586,-0.052358992,0.46385482,0.42883447,-0.054830823,0.5010683,0.5110418,0.017151082,0.5046641,0.43283123,0.002453939,0.5105869,0.5115026,0.0018852317,0.5135461,0.54573506,0.0021224942,0.5522931,0.49987754,0.01698525,0.55255127,0.4241783,-0.020533111,0.553295,0.52869916,-0.037531286,0.5550924,0.54941857,-0.03581294,0.6024562,0.4983471,0.009660264,0.6075203,0.41601852,-0.029004216,0.596712,0.51177555,-0.03776709,0.5948669,0.5512479,-0.029927015,0.6551244,0.5031477,-0.001920504,0.65789264,0.43076855,-0.018927785,0.6431402,0.48853502,-0.021898879,0.6368196,0.52480185,-0.017635891,A
0.64007384,0.7885511,-1.0108366e-09,0.5663905,0.72819316,-0.025920575,0.50959957,0.6159495,-0.035312455,0.49744886,0.5116928,-0.04726442,0.5163085,0.4484522,-0.05380472,0.5490331,0.52367127,0.019515865,0.55616266,0.4477263,0.0054746093,0.5596389,0.51923406,0.004126344,0.5595547,0.5629462,0.0037990236,0.5989424,0.5158243,0.013512601,0.6017385,0.4459398,-0.01986614,0.6021393,0.5388319,-0.036903776,0.60233694,0.56973827,-0.037386015,0.6484275,0.5194632,0.001572603,0.6538685,0.44462365,-0.030738054,0.6458397,0.52624846,-0.038875096,0.6426704,0.565648,-0.034146946,0.7002325,0.53292155,-0.014354311,0.705301,0.46014953,-0.028233124,0.6902683,0.5091765,-0.030164093,0.6805027,0.5453344,-0.027038375,A
0.70378846,0.7782159,9.3045205e-10,0.6331482,0.72758317,-0.034842175,0.57564056,0.6139569,-0.043671474,0.5622446,0.50236076,-0.052810714,0.581903,0.4362063,-0.055810966,0.61838055,0.5259448,0.019430041,0.62903374,0.4417153,0.0071419245,0.6347512,0.5225855,0.008243311,0.6332299,0.5688503,0.0092440555,0.66793096,0.5200801,0.019970248,0.67708415,0.4425447,-0.014663481,0.6750222,0.54422426,-0.03261485,0.6701303,0.57394665,-0.032041438,0.71420753,0.5228346,0.013434492,0.7276841,0.44746882,-0.02233147,0.7175736,0.53896946,-0.03467432,0.7080256,0.5756899,-0.030124782,0.76076955,0.5329489,0.0028590516,0.7727394,0.46129176,-0.013818128,0.7586785,0.5204328,-0.019506514,0.74574924,0.55706584,-0.017591795,A
0.74475944,0.78053313,2.7214238e-09,0.6740763,0.7243861,-0.038174294,0.62187934,0.61611724,-0.044258337,0.61198175,0.5027534,-0.04852249,0.6333205,0.43753323,-0.04625197,0.6676262,0.52512664,0.023341216,0.68052185,0.4414513,0.013977376,0.68387777,0.5264816,0.016384147,0.6799048,0.5694191,0.017957682,0.7175355,0.5240564,0.028365983,0.7256866,0.4455843,-0.0062589743,0.7201502,0.5557784,-0.025084754,0.71359503,0.5831826,-0.024106365,0.7629341,0.5297753,0.025954546,0.7737004,0.45699626,-0.013470969,0.7613535,0.55458236,-0.030382551,0.75227225,0.5893343,-0.026784176,0.80812025,0.5387669,0.02012985,0.8174134,0.46951887,0.0005797907,0.80254525,0.5357724,-0.00875051,0.7905238,0.5740153,-0.00854399,A
0.7597216,0.77369636,3.0616987e-09,0.6930347,0.7196628,-0.03693479,0.6462281,0.6110927,-0.040757667,0.63928443,0.49788934,-0.04298184,0.6607747,0.4320234,-0.038513545,0.6878271,0.52086765,0.032684676,0.7044962,0.43871832,0.02638769,0.7078301,0.52332944,0.029312922,0.7038378,0.5701138,0.03081261,0.7369051,0.52258027,0.038330264,0.7500243,0.44662413,0.0063490164,0.7440404,0.55386096,-0.014481928,0.73633695,0.5814662,-0.015006961,0.7807842,0.5278804,0.03642125,0.79782146,0.4604938,-0.0006933823,0.78473794,0.556665,-0.020028811,0.77325535,0.59035385,-0.01831113,0.82395697,0.53479517,0.031239202,0.8398767,0.46770084,0.0130062075,0.8265301,0.5362767,0.0027344623,0.81352556,0.5764913,0.0022501263,A
0.7860933,0.7696594,2.1080575e-09,0.72115606,0.7149026,-0.036353145,0.6762146,0.60291374,-0.04248924,0.6727055,0.49500626,-0.048076853,0.6947934,0.4293983,-0.047726404,0.72196496,0.51827693,0.02868764,0.73330784,0.43912098,0.020592412,0.73829067,0.517923,0.022104476,0.73560894,0.566184,0.023067202,0.7673926,0.51675034,0.032635327,0.77573615,0.4421856,0.0029114736,0.77305514,0.54406,-0.016871205,0.76863825,0.57642543,-0.018127806,0.8088604,0.52239865,0.028995961,0.8213359,0.45498294,-0.004258519,0.81136614,0.5448931,-0.02142432,0.8037276,0.58058184,-0.020498054,0.85114074,0.5329259,0.021481602,0.8605712,0.4701276,0.0058992645,0.8478375,0.532926,-0.0024518012,0.83792573,0.5715528,-0.002747481,A
0.7762645,0.8151769,4.384729e-09,0.71676725,0.76672864,-0.044484667,0.6733655,0.6602861,-0.056065585,0.66547596,0.5527421,-0.064568765,0.686318,0.48254138,-0.06656992,0.70910615,0.56438416,0.012739086,0.7260656,0.49151123,0.00076448766,0.7318372,0.56572056,0.0008733454,0.7278814,0.604409,0.000991797,0.75684637,0.5652189,0.020862581,0.77080125,0.49938065,-0.011820093,0.76982355,0.60077536,-0.028547369,0.7625033,0.6193833,-0.027442869,0.8014495,0.570661,0.0213428,0.82127047,0.50909704,-0.014010819,0.8116865,0.60060966,-0.026715709,0.79916364,0.6284458,-0.022322517,0.84548354,0.5825058,0.01750652,0.8663729,0.52346945,0.0007631048,0.85478187,0.5868412,-0.005259954,0.84021944,0.621582,-0.0031774798,A
0.74888235,0.9342704,4.09616e-10,0.6855305,0.8784218,-0.03454368,0.6422476,0.7743001,-0.04751317,0.63686603,0.67374885,-0.060529336,0.65321875,0.60694045,-0.06800916,0.67794085,0.692479,0.007354903,0.686766,0.62128246,-0.01116238,0.690821,0.6982896,-0.014868795,0.6904487,0.73808056,-0.016441388,0.7255983,0.6898357,0.0072654192,0.7334257,0.6275779,-0.03279804,0.7318326,0.72887546,-0.051155873,0.73012125,0.7529746,-0.051025704,0.7705562,0.6953443,0.00060191395,0.7821821,0.63158643,-0.039331622,0.77197534,0.72134364,-0.04905182,0.76672894,0.75587076,-0.04277372,0.8156222,0.70787436,-0.009828739,0.82616186,0.64654535,-0.027914789,0.8134855,0.70282876,-0.031377316,0.80507755,0.7357033,-0.02797159,A
0.72931397,0.9258121,-1.2342455e-09,0.668253,0.8743072,-0.029582411,0.6261829,0.765725,-0.040695958,0.62041706,0.6661318,-0.05299506,0.63703424,0.6061266,-0.060008027,0.65997154,0.68494743,0.009571321,0.66818285,0.6142331,-0.007155964,0.66938484,0.68730986,-0.009626371,0.66995555,0.72533196,-0.010837441,0.70508116,0.6822407,0.0065869293,0.7134776,0.62098545,-0.029840935,0.7082466,0.7127968,-0.046347156,0.70789075,0.73437786,-0.04635061,0.74762774,0.68829274,-0.002313272,0.75920004,0.6255398,-0.03820441,0.74440396,0.7085242,-0.045604292,0.73959386,0.74103236,-0.039306067,0.7908642,0.7014698,-0.014968819,0.8015354,0.64167964,-0.03068782,0.78649825,0.694607,-0.03233794,0.7789202,0.72600317,-0.028337069,A
0.7047665,0.90136427,1.327507e-09,0.64271295,0.85334176,-0.023048677,0.595446,0.7558371,-0.03200458,0.5841414,0.6613382,-0.043166406,0.6006322,0.60456645,-0.049269177,0.6237805,0.68495136,0.014452635,0.63152665,0.6141588,0.00035333895,0.6370623,0.6883196,-2.7994722e-05,0.637044,0.7238303,4.7931713e-05,0.66929007,0.67724216,0.009986506,0.6773458,0.6129495,-0.023668863,0.67592657,0.703707,-0.037780188,0.6725866,0.7244059,-0.036287524,0.71322334,0.67792046,0.00014126745,0.7221571,0.61152077,-0.0332402,0.7132438,0.6951188,-0.039618213,0.7069459,0.72743124,-0.03259808,0.7571427,0.685999,-0.012538466,0.76543516,0.6238439,-0.025921574,0.75479025,0.6757809,-0.027059525,0.74673116,0.7055938,-0.022989415,A
0.6115523,0.8418722,-4.723056e-10,0.5499567,0.78627956,-0.03603525,0.50238144,0.68762434,-0.04528803,0.4916596,0.5885176,-0.054427456,0.51550156,0.53321636,-0.05775514,0.53464824,0.6096922,0.017491618,0.5369958,0.53553385,0.002943738,0.539103,0.5990826,0.0006584333,0.54362065,0.63087076,0.00025087706,0.58009744,0.60085756,0.019271782,0.5805669,0.5249152,-0.016198872,0.5761301,0.6134547,-0.035392884,0.5785579,0.6338159,-0.035666537,0.62332934,0.6014543,0.013316906,0.62842834,0.51778805,-0.025258915,0.615991,0.592547,-0.04093758,0.616157,0.63017476,-0.037687037,0.6703554,0.6095767,0.0037223492,0.6747301,0.5449147,-0.015083502,0.6622236,0.5836243,-0.023381969,0.6589512,0.6119029,-0.022893097,A
0.6090827,0.83794135,-1.6935122e-09,0.5466684,0.7845324,-0.03329216,0.4962018,0.6916479,-0.042553004,0.4814458,0.5975317,-0.052468013,0.4993567,0.54309857,-0.057473358,0.52703995,0.611752,0.017408151,0.5289441,0.5367892,0.002237636,0.53132796,0.589459,-0.0015280945,0.5361659,0.6235791,-0.0024866096,0.5726346,0.60078835,0.018037701,0.571656,0.5225949,-0.017903758,0.5691305,0.60553706,-0.03809528,0.5724789,0.6373336,-0.0390102,0.61541796,0.6004302,0.011395951,0.61979717,0.5144727,-0.027060773,0.608509,0.586147,-0.043229725,0.6075343,0.6309262,-0.04062425,0.66180444,0.6084331,0.0011931706,0.6649226,0.5414929,-0.017847508,0.653212,0.57769334,-0.026308252,0.6485365,0.6101075,-0.026114289,A
0.4011493,0.7561814,-1.6678283e-09,0.3406803,0.71557695,-0.017139014,0.30069166,0.6344503,-0.02877401,0.2886993,0.55979264,-0.04545616,0.2919668,0.5033957,-0.059577364,0.32980084,0.54557925,0.016064167,0.3223183,0.45361128,0.002061927,0.30705452,0.47372693,-0.0025786518,0.30889106,0.5153063,-0.004092174,0.3641497,0.5371289,0.005950238,0.36091697,0.43105328,-0.02528981,0.34369338,0.46752918,-0.046545025,0.34377283,0.512512,-0.05116864,0.3987447,0.53826976,-0.008396672,0.40036437,0.43883502,-0.036281236,0.37961075,0.47384888,-0.05001179,0.37662765,0.52014637,-0.05094674,0.43898153,0.55099547,-0.026157632,0.43865132,0.47317493,-0.041363016,0.42078167,0.49059445,-0.04680448,0.4133438,0.52539915,-0.046432972,A
0.4027258,0.7570158,-9.637006e-10,0.3408739,0.71802,-0.0203054,0.30118808,0.63524246,-0.03234618,0.2901502,0.5608648,-0.048514977,0.2917052,0.50559247,-0.062181775,0.3275095,0.54839915,0.0132927215,0.31830755,0.4572557,-0.0015178368,0.30211335,0.47722694,-0.0074443975,0.3032555,0.51991355,-0.009918503,0.36297554,0.5397626,0.0049114847,0.35824198,0.43401617,-0.026897887,0.34001672,0.4655754,-0.05101679,0.33915192,0.50841373,-0.058149505,0.39816952,0.54068744,-0.007845012,0.3979555,0.44059634,-0.03607585,0.3759866,0.4709537,-0.05334547,0.3717132,0.51590943,-0.057233512,0.43879032,0.55212814,-0.024115302,0.437262,0.47467604,-0.040755387,0.4179466,0.48692745,-0.049112484,0.40884802,0.5177174,-0.051203754,A
0.38691187,0.73959047,-2.0983988e-09,0.32911167,0.6913874,-0.010635325,0.2900544,0.60947764,-0.018570527,0.2779033,0.53841174,-0.03190044,0.28149307,0.488341,-0.042948745,0.31642783,0.5351169,0.017185431,0.30949444,0.45350155,0.0027407357,0.29395276,0.48519692,-0.0011663873,0.29538074,0.5287471,-0.0019039989,0.34981626,0.52817506,0.00489466,0.3430682,0.43522766,-0.026891634,0.32606798,0.48257166,-0.045917455,0.32811207,0.5297247,-0.04879768,0.38340005,0.530578,-0.011034277,0.38128304,0.44027218,-0.040065058,0.35790643,0.47936675,-0.05227813,0.35381132,0.52373785,-0.05202072,0.4214744,0.54238427,-0.029557396,0.41627088,0.47228384,-0.04525066,0.39522415,0.492064,-0.050106626,0.38699225,0.5241276,-0.04946017,A
0.44077155,0.74317884,6.231724e-10,0.38246337,0.68369627,-0.0068026097,0.33958626,0.59648854,-0.009750516,0.32922402,0.522485,-0.018710367,0.3506186,0.4865474,-0.026243074,0.37902105,0.52581203,0.026786026,0.3737334,0.4514234,0.018827504,0.3544622,0.468405,0.012998064,0.3460809,0.4983836,0.008566314,0.40994877,0.52483433,0.013734497,0.40617722,0.45100948,-0.002882029,0.3832276,0.47420073,-0.025218774,0.37367636,0.50333875,-0.037233517,0.4415738,0.53409886,-0.002952051,0.4408153,0.46473378,-0.02088839,0.41150716,0.4798653,-0.04206136,0.39479706,0.50804734,-0.053434405,0.4752125,0.55091935,-0.02189954,0.47226888,0.49077246,-0.034383908,0.4462887,0.49445364,-0.046179507,0.42788827,0.5133146,-0.05409962,A
0.48524177,0.6881427,-2.703552e-09,0.42758754,0.63726753,-0.017132293,0.38119984,0.54945517,-0.026398404,0.3651584,0.46714002,-0.03860818,0.38014597,0.40555483,-0.046578053,0.4146315,0.4720257,0.00972527,0.4036449,0.39972913,0.0025770117,0.4049961,0.45485395,0.0067962785,0.4139719,0.49131548,0.010024379,0.4545326,0.46416256,0.0036991602,0.44333345,0.388327,-0.021497672,0.4403904,0.4582067,-0.030176042,0.4480191,0.49191752,-0.026228918,0.49586752,0.46600947,-0.0054977033,0.4896954,0.386226,-0.027537968,0.47834334,0.44348788,-0.029402489,0.4811598,0.48137125,-0.022702629,0.5421872,0.47766158,-0.017320866,0.53882706,0.40824842,-0.025861207,0.5231492,0.43972504,-0.02412845,0.51906425,0.4698718,-0.01907297,A
0.543878,0.6657587,-2.823511e-09,0.4681408,0.6091615,-0.008970121,0.41297778,0.5051503,-0.010614321,0.3985564,0.41204503,-0.01890715,0.41300616,0.3493228,-0.025437046,0.46177256,0.42440704,0.03926172,0.45422575,0.3282956,0.03460427,0.44019628,0.3402395,0.031458974,0.43874803,0.37867808,0.029479457,0.5038813,0.41192168,0.027074005,0.4959308,0.30736583,0.009240855,0.48122996,0.33132538,-0.015248478,0.48244154,0.37880844,-0.025638547,0.5483263,0.4120461,0.010483572,0.5425807,0.3107617,-0.008438783,0.52025723,0.32981783,-0.03231207,0.51379406,0.37567037,-0.043264743,0.6001998,0.42415458,-0.008626178,0.5959387,0.34028897,-0.020209499,0.5715792,0.34299543,-0.032395877,0.55791175,0.3730536,-0.03922046,A
0.58168584,0.69556856,-1.505812e-09,0.48761365,0.60996526,-0.042021837,0.42007416,0.46150595,-0.05674709,0.41734767,0.32665062,-0.07647632,0.4591804,0.25196365,-0.09107566,0.45918787,0.34050894,0.029430578,0.45379215,0.22775689,0.0039713485,0.4528582,0.2843721,-0.00795863,0.46315104,0.33487517,-0.014193266,0.5240363,0.32667094,0.020703029,0.52146226,0.19820587,-0.033298846,0.51491505,0.29749596,-0.06990378,0.52108014,0.35884637,-0.07780545,0.5867603,0.3319887,0.0013733234,0.5875988,0.20401333,-0.053432234,0.5734802,0.28548345,-0.081783034,0.5774211,0.35267955,-0.0844955,0.6559633,0.35516348,-0.023895754,0.65273356,0.2523228,-0.05502077,0.6350943,0.29362726,-0.070427015,0.6316089,0.3413919,-0.07373179,A
0.60116947,0.7593894,-2.562501e-09,0.48770085,0.66706234,-0.05544771,0.4146409,0.48593378,-0.07693716,0.41567826,0.32371715,-0.10229238,0.46062422,0.22630206,-0.12154484,0.4681258,0.36402392,0.020189822,0.46347392,0.22086419,-0.013862795,0.45218933,0.3032609,-0.025150858,0.4634515,0.37298593,-0.029256204,0.543882,0.35002872,0.013040722,0.54116005,0.18218069,-0.059262317,0.5219823,0.30728912,-0.10049136,0.53136796,0.38893604,-0.10570112,0.61644703,0.35671908,-0.0061343154,0.6211994,0.18573646,-0.07800007,0.59129465,0.28828132,-0.10798471,0.5951718,0.37765548,-0.10601369,0.6966484,0.38281888,-0.03231126,0.6914319,0.2523315,-0.073124774,0.66269547,0.30420858,-0.08926525,0.6589438,0.36568522,-0.089876525,A
0.5962553,0.8007445,-3.419925e-09,0.47561705,0.70714355,-0.054968912,0.38191602,0.5261134,-0.07855529,0.36250305,0.35674423,-0.10899382,0.41220802,0.24285032,-0.13362874,0.4519262,0.37755507,0.03532107,0.4507022,0.21906722,0.0025349644,0.43468803,0.2901186,-0.011122771,0.441995,0.36386728,-0.01651485,0.5318425,0.3591599,0.02590484,0.5324601,0.17432645,-0.045146976,0.50896496,0.29345432,-0.09258744,0.5142466,0.38765144,-0.10159449,0.60860705,0.36279613,0.003687319,0.61539924,0.1753676,-0.06662565,0.58389574,0.2745887,-0.10191643,0.5858456,0.37484688,-0.10346946,0.69398874,0.3873734,-0.026077522,0.69189847,0.24129586,-0.06528901,0.6613736,0.29219717,-0.08250326,0.6539724,0.36448818,-0.08407113,A
0.5629912,0.7827327,-3.4768286e-09,0.43644556,0.6903058,-0.04721748,0.34841853,0.52194935,-0.067996144,0.3351946,0.35486448,-0.09634151,0.37344718,0.23873569,-0.118468605,0.41233635,0.3680274,0.037560243,0.41023266,0.20802613,0.0074997945,0.39896515,0.28418717,-0.0020759183,0.4101842,0.36275992,-0.0047949366,0.49209404,0.34659588,0.025441566,0.49280784,0.1593174,-0.04550341,0.47554612,0.28041875,-0.0893168,0.4838209,0.37365037,-0.09527011,0.56923306,0.34760156,0.0017895858,0.57535946,0.1607109,-0.06847497,0.549161,0.26810718,-0.098861605,0.55367965,0.37080187,-0.09632227,0.6555455,0.3696286,-0.028473157,0.6514946,0.22440164,-0.06622724,0.62389094,0.2804311,-0.080080226,0.6184047,0.35383603,-0.07879479,A
0.5619691,0.79649854,-1.3407382e-09,0.43037266,0.6962311,-0.049103633,0.34334683,0.5263225,-0.06905287,0.33071983,0.35044467,-0.09704567,0.3679465,0.22979261,-0.11849843,0.4073856,0.37741035,0.047696024,0.40422866,0.20764855,0.016882656,0.39663157,0.28530386,0.005251784,0.40925696,0.36444503,0.00087709073,0.48963568,0.35436615,0.03528908,0.4893028,0.15966827,-0.0388653,0.47508556,0.2873725,-0.08837408,0.48495677,0.3821483,-0.097182184,0.5677811,0.35398027,0.010038925,0.57212937,0.1572648,-0.06571986,0.54617965,0.26695088,-0.104415156,0.55185163,0.37329113,-0.105620585,0.6554253,0.3747913,-0.02160463,0.64835525,0.22377008,-0.063184775,0.620447,0.27588153,-0.083008125,0.61681855,0.34889972,-0.08549851,A
0.5706174,0.7894262,-7.148254e-09,0.4638005,0.68640864,-0.03294488,0.40189186,0.5191758,-0.05393317,0.37227476,0.37401205,-0.0817577,0.34151134,0.2586531,-0.10276855,0.4452924,0.36445102,0.024486342,0.4358555,0.22119059,-0.003226889,0.424409,0.31397152,-0.0068472596,0.43795612,0.38999093,-0.005426824,0.52133745,0.35529983,0.00898764,0.5118463,0.18328148,-0.06141482,0.492135,0.31165788,-0.092841886,0.50169164,0.39795572,-0.089966044,0.59660095,0.36375326,-0.013937211,0.5957875,0.18754551,-0.07679311,0.5636458,0.30151436,-0.08894248,0.56744546,0.397338,-0.07608366,0.6790077,0.39119655,-0.042166047,0.6764598,0.2484546,-0.0709018,0.64366555,0.3072368,-0.072186135,0.63743424,0.3746713,-0.062765606,A
0.4552031,0.79303825,-2.9896485e-09,0.3763835,0.69899577,0.0024818114,0.32320887,0.5692903,-0.006443102,0.302248,0.46436307,-0.027192067,0.3175277,0.39020938,-0.04483391,0.37190637,0.45169368,0.033701748,0.3574707,0.3237247,0.017445028,0.31802565,0.36752316,0.014817091,0.31086278,0.437559,0.0154346125,0.4172692,0.44592205,0.006194586,0.4014872,0.3000184,-0.03399963,0.35803798,0.35841662,-0.059591267,0.3521027,0.431532,-0.06491037,0.4682203,0.45206106,-0.024176741,0.45854542,0.31060028,-0.0588014,0.41151246,0.366397,-0.07144758,0.4001775,0.4409214,-0.07075014,0.5299687,0.4710457,-0.057051092,0.5188173,0.35068715,-0.07469492,0.47791448,0.3739455,-0.077047855,0.45819196,0.42648068,-0.07490773,A
0.34969974,0.7732379,-2.5382587e-09,0.2717182,0.70491207,-0.0040191505,0.22380692,0.5866436,-0.007289102,0.20911923,0.48328722,-0.019581119,0.21084833,0.40406618,-0.028459562,0.2532014,0.4921455,0.04655406,0.24386363,0.39270243,0.03699778,0.23236158,0.4422456,0.035540648,0.23950875,0.50005686,0.03617724,0.2990014,0.4782953,0.02885787,0.28642863,0.36451334,-0.0056377486,0.27166402,0.43699571,-0.030040244,0.2792703,0.50309074,-0.033294674,0.3460811,0.47469893,0.0069360547,0.34015724,0.35624555,-0.024451923,0.31640628,0.41471013,-0.03993674,0.31714115,0.47872567,-0.039770827,0.40104973,0.48192087,-0.017367354,0.39737388,0.38201892,-0.03161569,0.37550765,0.41044983,-0.035949636,0.3698189,0.45618004,-0.034330375,A
0.4495929,0.79132825,-1.6315334e-10,0.37124783,0.70866877,0.0017804261,0.31756073,0.59231794,-0.0021410428,0.29365268,0.49317482,-0.016386637,0.30079558,0.42624515,-0.02851719,0.35532916,0.5007547,0.042668413,0.34105358,0.39348096,0.032436106,0.31276453,0.4172411,0.02650788,0.30568144,0.46542954,0.022556152,0.39603865,0.49262604,0.01992516,0.38494927,0.3788089,-0.0050032255,0.35328323,0.41281864,-0.03383326,0.3441432,0.46158892,-0.047452252,0.4413588,0.49688274,-0.0063147116,0.43627363,0.38704154,-0.030224564,0.3947604,0.41317996,-0.05448931,0.37536952,0.4618547,-0.06642014,0.49424967,0.5109582,-0.03455791,0.48889256,0.4180038,-0.049009115,0.451245,0.4245578,-0.060751893,0.42690846,0.45675176,-0.06819955,A
0.49958977,0.83099526,-2.8140512e-09,0.42034522,0.75806814,-0.023260782,0.3650296,0.6248749,-0.035611596,0.35471538,0.50971764,-0.05288557,0.37359434,0.4370216,-0.06501136,0.39504257,0.5286971,0.015349681,0.38017693,0.41963756,-0.0012190498,0.37152913,0.47357342,-0.0017343694,0.3814606,0.5280605,-0.00068566337,0.44557652,0.51873386,0.003269786,0.43320012,0.40117788,-0.035563234,0.41959083,0.47446272,-0.054982163,0.42689905,0.5262379,-0.055417173,0.49708322,0.5227649,-0.014430213,0.49310222,0.40587813,-0.04977205,0.46998465,0.46622103,-0.060265485,0.47004715,0.52014184,-0.056609273,0.55560225,0.5412599,-0.036333166,0.5518835,0.44482478,-0.053548638,0.5296618,0.47418708,-0.05643117,0.5242873,0.51363784,-0.053311378,A
0.6180162,0.82664025,-2.0574863e-10,0.5410118,0.7350328,-0.010338731,0.48167467,0.61175936,-0.015720962,0.458216,0.50679034,-0.029755084,0.46643877,0.43323934,-0.042405166,0.54273283,0.5079088,0.043708697,0.548444,0.39764553,0.034807198,0.5243761,0.4070577,0.026973462,0.5087535,0.45332658,0.022081468,0.5897031,0.5049941,0.027331391,0.5954064,0.39144346,0.007123052,0.56951624,0.41244012,-0.024328357,0.5549637,0.4680388,-0.04080625,0.63559854,0.51834023,0.005332111,0.64226854,0.40832114,-0.018393828,0.6101012,0.4214626,-0.049737953,0.5886266,0.47266418,-0.066259444,0.68330127,0.54436314,-0.019859944,0.69013786,0.44837394,-0.03710122,0.66044563,0.44406542,-0.05427169,0.633552,0.47514522,-0.06500034,A
0.70300657,0.79098934,-1.5818621e-09,0.62401557,0.7070424,-0.02977278,0.56777716,0.58839995,-0.040067,0.5532836,0.47102928,-0.054993145,0.5660495,0.3951272,-0.06471864,0.6128336,0.4877441,0.032361977,0.61696297,0.38755453,0.019079713,0.6219823,0.452798,0.01740504,0.6225182,0.5020503,0.017114025,0.66899174,0.4776138,0.025821423,0.6728468,0.36823714,-0.012073947,0.67270964,0.46154323,-0.035396542,0.6704638,0.5113901,-0.03692677,0.72336215,0.48006028,0.011600906,0.7275697,0.37148112,-0.027728738,0.7184271,0.44881693,-0.046844333,0.71198285,0.5074447,-0.04598601,0.7833034,0.49902853,-0.006692908,0.7833039,0.411067,-0.025144976,0.7685473,0.4534648,-0.034155365,0.7580136,0.5008789,-0.034313355,A
0.62562096,0.8096219,6.450075e-09,0.5415926,0.7224803,-0.02854326,0.48165396,0.58602375,-0.033966847,0.4659946,0.46881095,-0.04559874,0.48232108,0.39921123,-0.05597443,0.56253123,0.49121273,0.053334814,0.5689963,0.37960935,0.044789586,0.5428026,0.37359408,0.032182526,0.5225572,0.40859944,0.024004987,0.61611444,0.482554,0.047075592,0.62223274,0.3572511,0.023958914,0.5904902,0.37093183,-0.019448722,0.5693891,0.42811278,-0.0423525,0.6651341,0.48965588,0.032117236,0.67356986,0.36962897,0.0020174691,0.63870686,0.37873828,-0.044809315,0.6112834,0.43184274,-0.06922299,0.71662354,0.51492614,0.012853725,0.7211943,0.4128363,-0.011887275,0.6873837,0.40434086,-0.040090617,0.6542401,0.43446982,-0.057390727,A
0.4365491,0.81164205,-9.7867464e-11,0.35345256,0.71882546,-0.022281745,0.29887474,0.5920617,-0.042885836,0.28120774,0.49534285,-0.072306834,0.29185152,0.4269827,-0.10108673,0.37283602,0.44728196,0.01341323,0.37108055,0.34072682,-0.015770335,0.3538262,0.35433143,-0.038907345,0.34895897,0.39720815,-0.053862832,0.41381657,0.45111945,-0.0070699607,0.40581924,0.34405783,-0.050124437,0.378277,0.37085387,-0.09254781,0.36707222,0.42438477,-0.11644766,0.45188516,0.4731568,-0.034705337,0.438202,0.36538553,-0.076024786,0.40372854,0.38848895,-0.10902478,0.3829708,0.4379514,-0.12680177,0.48882598,0.5069085,-0.06723199,0.47187656,0.41021228,-0.09756235,0.4387674,0.41218865,-0.11795314,0.41220945,0.44050223,-0.13161169,A
0.33260775,0.7684027,-1.8104156e-09,0.24667032,0.70673114,-0.012774811,0.19351073,0.5881714,-0.018877028,0.17853522,0.47764185,-0.032067973,0.17435189,0.39907485,-0.040676817,0.22451308,0.4897489,0.036690563,0.21191102,0.38649982,0.026377816,0.21018773,0.4555551,0.027732918,0.2224541,0.5154584,0.029830681,0.2752437,0.4720946,0.022332491,0.26265618,0.35859093,-0.0152432555,0.25800952,0.44702974,-0.037599362,0.2701535,0.5083549,-0.03865269,0.3268478,0.46623105,0.0034371323,0.32007506,0.34708482,-0.031236764,0.3046319,0.42196938,-0.044198748,0.31097195,0.48967314,-0.040990982,0.3861804,0.4719267,-0.018357728,0.37950265,0.3756805,-0.033084244,0.36085045,0.4168686,-0.035898075,0.3591941,0.4677422,-0.032462757,A
0.33134457,0.7865693,-2.853645e-09,0.25161567,0.7146539,-0.010041085,0.20167352,0.59288317,-0.016249424,0.18556717,0.4861617,-0.030151187,0.18460473,0.40235218,-0.040237084,0.2379607,0.49525112,0.039059084,0.2326152,0.39424646,0.028181376,0.22252275,0.44965667,0.027126199,0.22676617,0.5070092,0.028023912,0.28845263,0.48373252,0.023876604,0.28103867,0.36986572,-0.012190724,0.26832455,0.4461766,-0.03542291,0.27412277,0.51045865,-0.037571274,0.33912513,0.48445496,0.0042576753,0.33854756,0.36536446,-0.028190976,0.31621924,0.42527434,-0.042225588,0.3151712,0.48836875,-0.040749937,0.3968829,0.49803868,-0.01820227,0.39805764,0.39762175,-0.032500707,0.37559792,0.42556828,-0.035994988,0.367327,0.46947086,-0.03352144,A
0.36840916,0.7998905,-3.4869292e-09,0.2898671,0.7213225,0.0029011164,0.23524325,0.60628664,-0.0017128917,0.2132824,0.5097737,-0.016739238,0.21003215,0.4385678,-0.03106255,0.28978074,0.49896485,0.040481534,0.29728696,0.4014365,0.028700653,0.27249324,0.41072583,0.019201528,0.26103118,0.44302028,0.01281784,0.33326197,0.49891895,0.016715711,0.3336303,0.39531142,-0.006664693,0.3002281,0.4211524,-0.0335764,0.28513533,0.46373993,-0.047187872,0.37752518,0.5109196,-0.010747263,0.37899563,0.40745527,-0.034656025,0.33764517,0.42889398,-0.055138405,0.31301492,0.4697787,-0.06501623,0.4261101,0.5318611,-0.040537193,0.42470148,0.4401632,-0.055703346,0.39043182,0.4465903,-0.06451926,0.36507127,0.4751458,-0.06978372,A
0.7482038,0.74810565,-1.86e-09,0.6747096,0.672967,-0.061156556,0.6296983,0.53781796,-0.07775111,0.6264102,0.4051596,-0.08974966,0.6439825,0.31829083,-0.09414713,0.6796183,0.42038924,0.01271707,0.701549,0.33188653,-0.0021208392,0.7018111,0.4256055,-0.0026208612,0.695123,0.47797942,-0.0018243332,0.7419178,0.42341375,0.025312204,0.7571578,0.32460284,-0.017908912,0.74701214,0.44259435,-0.042113725,0.7390178,0.48045886,-0.04176738,0.8006213,0.43860275,0.027445525,0.82182235,0.3337357,-0.021301342,0.80511963,0.42974597,-0.04438492,0.7931303,0.48366305,-0.041913368,0.8600969,0.46581402,0.02444568,0.87732446,0.38217,-0.00071574847,0.8606296,0.4339116,-0.014393996,0.84707654,0.47666183,-0.01535406,A
0.56653607,0.82194936,-2.335344e-09,0.48680568,0.7463528,-0.05020974,0.42074466,0.6117101,-0.06691031,0.3964374,0.47738484,-0.08407774,0.40961045,0.3893394,-0.09483003,0.46338767,0.511519,0.014277213,0.4631369,0.4034475,-0.010720811,0.4672888,0.4732267,-0.017318577,0.4755893,0.51929116,-0.019145269,0.52517784,0.49773708,0.015942741,0.5258791,0.37908697,-0.0387373,0.5203145,0.48713583,-0.06784349,0.52340746,0.53106207,-0.06937154,0.5824567,0.49988335,0.0073162634,0.5888359,0.36945307,-0.050050735,0.5717548,0.45800033,-0.07393982,0.5705559,0.5203446,-0.07071504,0.64458543,0.51563597,-0.0063857953,0.6508533,0.4196192,-0.03652576,0.6325414,0.45642635,-0.05060982,0.6245277,0.49292082,-0.05159517,A
0.505186,0.8340075,-5.1126237e-09,0.43081358,0.75405717,-0.015137156,0.37628043,0.6262063,-0.029863,0.35732585,0.516981,-0.05214463,0.37227342,0.43560672,-0.07005647,0.42236522,0.5201697,0.014253927,0.41352847,0.41895533,-0.0076399036,0.40394968,0.48111427,-0.011831742,0.41075414,0.53860927,-0.012643384,0.47390717,0.5171242,-0.0041320734,0.4618038,0.4078664,-0.052968167,0.44593382,0.49613434,-0.074437775,0.45255858,0.55546325,-0.074278705,0.5270775,0.5260458,-0.026951592,0.522756,0.41013196,-0.069317244,0.49662247,0.48197865,-0.0764149,0.4954937,0.54503083,-0.0693731,0.58735883,0.54764575,-0.053345956,0.58704543,0.44296098,-0.07454242,0.5592835,0.47888175,-0.07499351,0.54826754,0.5257147,-0.06966138,A
0.48501927,0.98114425,-5.0064433e-09,0.411384,0.92737675,-0.04691736,0.3553214,0.8168722,-0.062276505,0.335173,0.69972587,-0.073864356,0.3491661,0.62734324,-0.077252604,0.38745084,0.7070124,-0.007686936,0.3935535,0.6342392,-0.029942293,0.39956084,0.72587407,-0.030141661,0.40115505,0.75255394,-0.028747283,0.4427205,0.6967754,-0.003233077,0.44186887,0.61962,-0.051835276,0.44137734,0.7337453,-0.06332173,0.44154942,0.7345717,-0.05498713,0.4964599,0.6973531,-0.0067324596,0.50084984,0.60403526,-0.056830276,0.4883153,0.7008892,-0.059616476,0.48633552,0.7332188,-0.04365442,0.55354184,0.7053855,-0.0145709,0.5594622,0.6318558,-0.037775666,0.5419043,0.68190044,-0.03922029,0.5343386,0.70726466,-0.03140595,A
0.47083077,0.7033258,-1.0348217e-08,0.3961917,0.6444903,-0.02154746,0.33327022,0.53697455,-0.035295207,0.3146878,0.4414436,-0.052977275,0.33206278,0.375234,-0.06540782,0.3672768,0.4223084,0.0016093792,0.34425557,0.34468323,-0.01305156,0.34348133,0.41775024,-0.010500727,0.35886478,0.46313244,-0.007900909,0.41896975,0.4105806,-0.008906078,0.39945194,0.32829535,-0.045696497,0.39579025,0.42352825,-0.055690356,0.40879264,0.46199334,-0.049867723,0.47387698,0.4126389,-0.023434866,0.45963353,0.32584512,-0.054075778,0.4478491,0.40986806,-0.05146073,0.4563995,0.45552823,-0.03991101,0.53452694,0.4267012,-0.041808758,0.5215707,0.3520453,-0.053007625,0.50275165,0.40495035,-0.04724851,0.50256455,0.44304976,-0.0384347,A
0.4960819,0.6351311,-8.043286e-09,0.41895515,0.5761939,-0.040270567,0.35836586,0.4623122,-0.058642037,0.33627778,0.35000908,-0.07796566,0.35415918,0.27049854,-0.09043941,0.4035126,0.33956754,0.0037011893,0.3834126,0.2594388,-0.013874433,0.3920223,0.3456263,-0.012858568,0.4122277,0.392176,-0.011144704,0.45701244,0.33011335,0.001208785,0.4374414,0.24302532,-0.045566734,0.43780097,0.35492092,-0.063245036,0.45070237,0.39228767,-0.05900475,0.51079524,0.3326939,-0.008187895,0.5001068,0.23468672,-0.053762563,0.48523933,0.33129567,-0.06240513,0.49026945,0.38230515,-0.05325872,0.5698476,0.34798795,-0.02202062,0.5625197,0.26071936,-0.045062248,0.54057187,0.31684318,-0.047962524,0.5360537,0.36235264,-0.042562596,A
0.514786,0.62608385,-3.905435e-09,0.42906216,0.55295515,-0.020100228,0.36853105,0.4339562,-0.027543237,0.3483977,0.31528237,-0.04202594,0.3670534,0.22515225,-0.0509935,0.40737703,0.32488582,0.04618135,0.3944998,0.22805955,0.03675101,0.39695653,0.30448577,0.03764346,0.41200003,0.35870123,0.038945273,0.4622792,0.30851144,0.03521936,0.44960397,0.20229073,-0.0049325596,0.4446519,0.30831662,-0.029986365,0.4547319,0.3637164,-0.030795315,0.5179967,0.30313718,0.01767922,0.5089314,0.19604488,-0.023358982,0.49402246,0.28983378,-0.040324435,0.5017544,0.35439807,-0.036735088,0.5816146,0.30934975,-0.0029372517,0.5731996,0.22231616,-0.022454193,0.5536109,0.27850813,-0.028435102,0.5530771,0.3302452,-0.025668148,A
0.5130152,0.59690547,-2.299448e-09,0.42252475,0.5129195,-0.019388951,0.36277032,0.3979293,-0.02156609,0.34758037,0.27191946,-0.03147906,0.37152874,0.18613179,-0.036256023,0.40959924,0.30059317,0.06205118,0.4018233,0.1932189,0.053574726,0.39886397,0.26119092,0.05340597,0.4088222,0.3156657,0.05449906,0.4670634,0.28185484,0.051335927,0.46237454,0.16048184,0.009715919,0.45282447,0.26145118,-0.020223517,0.45955992,0.3223857,-0.023033544,0.52248895,0.27859753,0.032477636,0.5231336,0.15172724,-0.014389539,0.5034675,0.23829612,-0.04091631,0.5070277,0.31357962,-0.04064828,0.5853083,0.28947738,0.011095097,0.5857178,0.19573642,-0.012829274,0.56407905,0.23692545,-0.02647186,0.5597271,0.28776434,-0.028026136,A
0.5210319,0.5843284,-2.6563685e-09,0.43078753,0.4975859,-0.02029345,0.37129015,0.37425327,-0.024388647,0.3567528,0.2452398,-0.03654845,0.381421,0.15831193,-0.04421288,0.41670606,0.27804774,0.05527619,0.40808287,0.16858797,0.04437267,0.40715858,0.23569605,0.04300871,0.4192662,0.2948653,0.043503452,0.47389892,0.25901496,0.043492258,0.46810612,0.13461126,-0.00012740743,0.46076372,0.23418081,-0.031135311,0.46946463,0.30311787,-0.035123724,0.529581,0.25741756,0.023945568,0.5295943,0.128327,-0.023456436,0.5106305,0.21177474,-0.050338153,0.5140687,0.290835,-0.051255867,0.5926269,0.27156356,0.001530875,0.5931819,0.17469774,-0.023040658,0.5716849,0.21262994,-0.037034124,0.56602895,0.2645787,-0.03925799,A
0.51708007,0.5543853,-7.7049994e-10,0.42900354,0.46413454,-0.028887741,0.3724347,0.34370047,-0.036385763,0.35814208,0.21758679,-0.049987562,0.38127184,0.1332294,-0.058798857,0.40933317,0.23719749,0.049413953,0.41063786,0.1345523,0.033398096,0.40957937,0.20866324,0.027054438,0.4143457,0.26489165,0.024236325,0.46991605,0.22195879,0.041080903,0.46735644,0.106069624,-0.006655446,0.4598844,0.21130282,-0.04244961,0.4642045,0.2707218,-0.04986731,0.5283656,0.22285178,0.023822227,0.5295822,0.10216403,-0.028219745,0.5102483,0.18847919,-0.060462743,0.51016855,0.25805706,-0.06474593,0.59288824,0.2356188,0.0033620105,0.59374845,0.14526255,-0.024184722,0.5739318,0.18882713,-0.041801076,0.56848586,0.23518722,-0.04682794,A
0.4965969,0.5156683,-2.052508e-09,0.40810323,0.4335835,-0.021559406,0.34783363,0.31029692,-0.026076527,0.32891026,0.18594387,-0.03854546,0.35078326,0.095050275,-0.046732333,0.38609332,0.206056,0.057442587,0.37724745,0.10131626,0.044409797,0.3739681,0.16782492,0.040521134,0.38434553,0.22578144,0.039745413,0.44375485,0.18836245,0.046158884,0.43640292,0.06466104,-0.0001535236,0.42753547,0.16447964,-0.034144096,0.43515265,0.23386452,-0.039444823,0.5005733,0.18558094,0.026696444,0.49988964,0.05767621,-0.02310754,0.48025933,0.14287698,-0.0517268,0.48430678,0.22035487,-0.053380396,0.5642291,0.19656844,0.004196693,0.5629701,0.10014109,-0.02296474,0.54228044,0.14278105,-0.03773451,0.53874946,0.19563602,-0.039948296,A
0.41109338,0.55170786,-3.0030742e-09,0.32264978,0.4787317,-0.020743491,0.2635613,0.34852707,-0.030888023,0.2470725,0.22807284,-0.048540268,0.26649147,0.13794737,-0.062820494,0.29587528,0.23667291,0.03479398,0.28782064,0.13168626,0.01914597,0.28215355,0.17830828,0.013665308,0.29113644,0.23194958,0.011544483,0.35219425,0.21709324,0.021273885,0.3467426,0.09370142,-0.020068184,0.33467734,0.1675613,-0.048907906,0.33969325,0.23406582,-0.05481693,0.40937418,0.21545257,0.0013192566,0.41056773,0.08935276,-0.038857166,0.38905615,0.15012318,-0.060542904,0.3885272,0.21999466,-0.062882,0.47464705,0.23293631,-0.022295935,0.47735983,0.13464983,-0.044520557,0.4560245,0.16198993,-0.054755047,0.44823787,0.209298,-0.056087647,A
0.37533548,0.5470052,-2.8512328e-09,0.28836226,0.46818805,-0.013725695,0.22825553,0.3368607,-0.020426506,0.21281198,0.21747969,-0.036121696,0.23548925,0.132814,-0.048039414,0.2720959,0.23453926,0.041641515,0.26942864,0.12400916,0.026988322,0.26209214,0.18621348,0.024662917,0.26973817,0.24955837,0.02524566,0.32717004,0.21915689,0.025507849,0.32506317,0.09231776,-0.018584033,0.3115353,0.18304867,-0.045306683,0.31692886,0.25869334,-0.047606554,0.38148904,0.21984485,0.0035903603,0.3836575,0.09186824,-0.038970627,0.3623949,0.17049554,-0.05563264,0.36409765,0.24939866,-0.052358426,0.44171575,0.23575157,-0.021525243,0.44275922,0.13506499,-0.042841557,0.42298633,0.17161703,-0.049084764,0.41774073,0.22376218,-0.046582527,A
0.34474617,0.56104386,-1.9451611e-09,0.2598647,0.48494357,-0.012854805,0.20385373,0.35722157,-0.019902123,0.1913978,0.24162805,-0.03547821,0.21483716,0.16072139,-0.04707087,0.24164626,0.2588414,0.037322283,0.23623267,0.15438074,0.021637347,0.23263916,0.2172688,0.019600239,0.24281046,0.2771525,0.02069802,0.2973566,0.24293481,0.02136285,0.2933702,0.12151174,-0.022728939,0.28238988,0.21331576,-0.04669363,0.28912404,0.28343254,-0.04709122,0.3530465,0.24238476,-0.00015436683,0.35483685,0.11650759,-0.04150059,0.33394518,0.19443485,-0.05478232,0.33525038,0.2695637,-0.04955409,0.41457134,0.25654528,-0.024752581,0.41552466,0.15716924,-0.04402859,0.3948167,0.19405025,-0.047946103,0.38893273,0.24429312,-0.044078555,A
0.30500504,0.6033146,-1.8110474e-09,0.2172112,0.52487105,-0.013601665,0.16214614,0.39431983,-0.019369436,0.15154855,0.27399716,-0.03349066,0.17276648,0.19467987,-0.04309322,0.20218399,0.29261956,0.041544065,0.20123091,0.1799121,0.027422726,0.19385153,0.24449918,0.026614688,0.20179267,0.30798167,0.028354913,0.25867707,0.2779994,0.02594527,0.26079556,0.15024012,-0.01846185,0.24626358,0.24199723,-0.043901507,0.25100118,0.31390467,-0.04495046,0.3140822,0.27935907,0.00466504,0.32113013,0.14666629,-0.03838992,0.29637837,0.22561651,-0.05422504,0.2948807,0.3067173,-0.049695037,0.3752973,0.29479152,-0.019681508,0.38007343,0.19203252,-0.040151168,0.3588311,0.22442073,-0.0460685,0.3516034,0.27503115,-0.043242633,A
0.25822026,0.6859576,-6.5413636e-10,0.17072132,0.6293138,-0.016343879,0.10901469,0.5232152,-0.028553765,0.08895111,0.42105144,-0.0474513,0.09338486,0.349411,-0.06211628,0.14245042,0.4159328,0.019716788,0.12622064,0.31595728,0.003958824,0.12410912,0.37653726,0.0021682265,0.13594529,0.4346958,0.0026215217,0.19683301,0.3965867,0.005011816,0.18329191,0.28425306,-0.035202656,0.17722628,0.36434203,-0.0570078,0.18634528,0.42299858,-0.05885883,0.2518089,0.392156,-0.014136889,0.24558179,0.27671865,-0.04879409,0.22763251,0.3417327,-0.061607216,0.22901797,0.4057836,-0.059592493,0.3136171,0.40254962,-0.036529,0.31111783,0.3104382,-0.051339816,0.2902291,0.34402657,-0.054772973,0.28308257,0.3900774,-0.052584324,A
0.2444739,0.7773213,-1.0872658e-09,0.16176559,0.7174618,-0.009779958,0.09702852,0.59995484,-0.0153159555,0.072164804,0.49417907,-0.02897957,0.08743641,0.41044664,-0.03892012,0.13363752,0.4991106,0.03941318,0.118946984,0.40007055,0.031770185,0.11778269,0.46086615,0.032645073,0.12927385,0.51784766,0.034423728,0.1845624,0.48187134,0.025305798,0.1695804,0.3727581,-0.0075060767,0.16469689,0.45265344,-0.029351942,0.1752086,0.5180196,-0.031271372,0.23613136,0.4777659,0.0070472015,0.22729738,0.3635763,-0.022001427,0.21118665,0.42880186,-0.035678405,0.21471782,0.49671105,-0.034312464,0.29320934,0.48568654,-0.013939168,0.29379538,0.3875822,-0.026212234,0.27643144,0.4095896,-0.030365711,0.27043325,0.44838554,-0.028694177,A
0.2702869,0.87298054,-6.7850987e-09,0.1827727,0.8198893,-0.02844097,0.11827343,0.6925217,-0.039480153,0.09738796,0.57238555,-0.054094713,0.109394714,0.48684585,-0.06266007,0.15029839,0.58343047,0.017919982,0.13916048,0.4818195,0.0017004482,0.14210445,0.5627023,0.0017150631,0.1550003,0.6223241,0.0032384652,0.2051832,0.56538266,0.010809679,0.19756544,0.45912415,-0.034973253,0.19374083,0.5542303,-0.05738658,0.20227325,0.6074447,-0.057503615,0.25854543,0.5634936,-0.0022781023,0.2558866,0.44502714,-0.044570893,0.2408423,0.52567947,-0.058684114,0.24389718,0.59142494,-0.053604607,0.31611001,0.57494605,-0.01931311,0.31808674,0.48268735,-0.04036112,0.30553302,0.4844514,-0.049935073,0.30431968,0.48932356,-0.050275132,A
0.3305117,0.89022005,-5.480667e-09,0.24238206,0.8227577,-0.0070193526,0.1827586,0.7009841,-0.014703628,0.16639999,0.58864504,-0.03103789,0.17159127,0.50335705,-0.04452131,0.21804142,0.59581333,0.031290017,0.20439017,0.49888808,0.017122444,0.19707721,0.56155026,0.013776738,0.20734,0.6220181,0.0123988,0.2684484,0.58117735,0.011180534,0.2550443,0.47599322,-0.027307192,0.24142697,0.55538857,-0.05286889,0.24885379,0.6221073,-0.058995813,0.32070234,0.58225185,-0.012852691,0.31275573,0.4710976,-0.04858286,0.2842588,0.5379685,-0.06488418,0.27951622,0.6061487,-0.06679848,0.3793382,0.59442496,-0.03946403,0.3713092,0.5000278,-0.05837915,0.340303,0.5348648,-0.06469113,0.3254791,0.58363825,-0.06549021,A
0.41897613,0.8565764,-3.959259e-09,0.33814335,0.77543974,-0.007769175,0.28682214,0.65085155,-0.017533297,0.27067065,0.5490013,-0.036398385,0.26997817,0.47838432,-0.05348255,0.33877337,0.5580483,0.026134329,0.3302809,0.45920855,0.0024304707,0.29692715,0.48467106,-0.012692226,0.28092033,0.5318421,-0.021013085,0.38505694,0.5560649,0.005152891,0.3753849,0.45392573,-0.034882016,0.33738446,0.49253753,-0.069665395,0.32087353,0.54541075,-0.085218415,0.4318588,0.5673799,-0.020635374,0.42627773,0.464476,-0.057451822,0.38073012,0.49073824,-0.08289789,0.35307926,0.5393554,-0.09324649,0.48335406,0.5891375,-0.049298313,0.4847385,0.49320477,-0.07334665,0.45300177,0.4786393,-0.08809448,0.42662382,0.4883005,-0.09650142,A
0.52892625,0.83111477,-4.140214e-09,0.44597983,0.761178,-0.030192792,0.37697598,0.634851,-0.044335544,0.3520304,0.5150635,-0.062757604,0.37057617,0.43401557,-0.07573659,0.4138894,0.5296086,0.013854273,0.402809,0.4292176,-0.003966776,0.40388244,0.49355814,-0.0053782114,0.4157253,0.5433581,-0.0049696276,0.46695542,0.5141499,0.005433214,0.46034786,0.4084341,-0.036103543,0.45456353,0.4962453,-0.056945343,0.46062523,0.5439355,-0.05770267,0.52090585,0.5142856,-0.009495347,0.520558,0.40445656,-0.04940041,0.503701,0.47738883,-0.062094856,0.5037635,0.53369904,-0.058306545,0.58138496,0.5281313,-0.02888994,0.5827818,0.43804377,-0.0491343,0.56217897,0.47294304,-0.054655313,0.5529665,0.5118738,-0.052603368,A
0.5750254,0.80159223,-3.0588374e-09,0.4913954,0.7413972,-0.042850755,0.418374,0.6207603,-0.05787111,0.38714254,0.4902466,-0.0735629,0.39544487,0.40422094,-0.082707085,0.44650546,0.5169187,0.010970035,0.4443826,0.4161539,-0.006648827,0.46207967,0.49816865,-0.0069233854,0.46945298,0.54479563,-0.006407847,0.504141,0.49448565,0.011334342,0.50494844,0.39151508,-0.03218453,0.5133521,0.49445364,-0.052281346,0.5121743,0.52907354,-0.051513623,0.5606312,0.48855343,0.0033798483,0.56375974,0.3756678,-0.043404415,0.55955964,0.4643397,-0.05900916,0.55602723,0.520023,-0.053512223,0.62017703,0.4959765,-0.008974386,0.62046564,0.41204387,-0.030631384,0.61018676,0.4588491,-0.038752444,0.60299903,0.4997949,-0.037473626,A
0.6148598,0.792905,-9.2660934e-10,0.5344712,0.7340977,-0.044091582,0.4632702,0.62043315,-0.05845435,0.43549615,0.49788016,-0.07316567,0.44869623,0.41380382,-0.081586316,0.49107254,0.5099486,0.014902922,0.49540496,0.4146726,-0.0028275144,0.5101804,0.492062,-0.0051814946,0.5155461,0.53413814,-0.0061798277,0.5479918,0.4882376,0.016243005,0.55105555,0.39219177,-0.026658127,0.55808944,0.4990803,-0.048341777,0.5569827,0.53001755,-0.04864778,0.6032021,0.48109984,0.008867616,0.608203,0.37807786,-0.03670139,0.6042819,0.4711461,-0.05307039,0.6003081,0.51704603,-0.04873553,0.66246945,0.48514572,-0.0031839001,0.6646537,0.40467578,-0.024920143,0.65672153,0.4584167,-0.033234507,0.65021944,0.4960202,-0.032152094,A
0.6299331,0.80526334,2.241051e-10,0.54396164,0.74633574,-0.050143994,0.4760391,0.6281817,-0.06302117,0.45579156,0.49672183,-0.07311615,0.47289068,0.4148528,-0.074993074,0.5098035,0.5181356,0.012677045,0.5185269,0.42250758,-0.0032828278,0.52998275,0.51590514,-0.0015854655,0.53025466,0.5543119,-0.000104117724,0.56737685,0.5024949,0.018563515,0.56960434,0.4079076,-0.025122866,0.57450116,0.5268382,-0.04286286,0.5715717,0.54231644,-0.03893211,0.62218255,0.49839923,0.015191037,0.6267537,0.39211962,-0.033805434,0.6215263,0.4962949,-0.04738591,0.61727726,0.536007,-0.03836223,0.68088937,0.50293565,0.00732925,0.68467844,0.42048746,-0.01548304,0.674881,0.47967824,-0.022647614,0.6679759,0.5159035,-0.019212324,A
0.6790217,0.80481243,7.9209156e-10,0.5979703,0.74813795,-0.037971858,0.53311336,0.63191396,-0.04893345,0.5163939,0.5108817,-0.06065131,0.534951,0.43393874,-0.06607581,0.5661252,0.5316515,0.017519373,0.5718312,0.44157296,0.0025169875,0.58293563,0.5222801,0.00207707,0.5831508,0.5683325,0.0022527669,0.62022567,0.5142636,0.01702291,0.62053454,0.42715466,-0.020981519,0.62939084,0.52769643,-0.040686924,0.6294781,0.55718493,-0.040929455,0.6722702,0.5077118,0.008771747,0.67448294,0.4154091,-0.03166923,0.6741237,0.5005546,-0.046287455,0.67136884,0.54208237,-0.042517826,0.7269505,0.5106068,-0.0036600437,0.7293076,0.42910647,-0.022365721,0.72318923,0.4828569,-0.028870208,0.71755713,0.52373165,-0.027324654,A
0.7219031,0.7946725,-3.1968561e-09,0.65358603,0.7236647,-0.027040167,0.6083328,0.60555226,-0.038342062,0.60240966,0.49871844,-0.05349208,0.62090087,0.429023,-0.06460872,0.66705626,0.52104676,0.019123849,0.6706966,0.4395271,0.005013479,0.6663389,0.4987597,0.0025969795,0.6689744,0.5462171,0.0019287468,0.7183156,0.5167048,0.012819615,0.7209135,0.43152338,-0.021068998,0.7083193,0.51030976,-0.04190631,0.7083769,0.5555327,-0.04498009,0.7675031,0.5238189,0.00029382584,0.7728364,0.43760514,-0.032951605,0.7513506,0.50000167,-0.047788616,0.7451071,0.5458697,-0.048115805,0.8193799,0.5429729,-0.016226716,0.8217795,0.46495667,-0.033179563,0.7956002,0.5028942,-0.0396424,0.78139395,0.542529,-0.03991648,A
0.77359104,0.806506,5.515191e-10,0.69101787,0.73296726,-0.036781494,0.63971704,0.60763717,-0.044503577,0.63823795,0.4768948,-0.052124087,0.66650736,0.3973241,-0.053041734,0.7007884,0.51036227,0.023457168,0.7224054,0.41169092,0.013204098,0.72119725,0.50178385,0.018411232,0.7143912,0.5506482,0.022580948,0.759542,0.50543,0.024732558,0.77659357,0.40493524,-0.013186941,0.7646557,0.518197,-0.029700546,0.7552468,0.550459,-0.025342904,0.81497204,0.5130626,0.017942745,0.83377075,0.4095203,-0.025417252,0.81623477,0.50241125,-0.040969573,0.80342686,0.54763436,-0.034706917,0.8700416,0.5315959,0.008019717,0.8846381,0.44526,-0.013513064,0.8662802,0.49572206,-0.022841943,0.85111,0.53257775,-0.021527357,A
0.76950824,0.7108257,-3.20767e-09,0.6895348,0.6420312,-0.04266456,0.63509405,0.50584316,-0.053056728,0.6299626,0.3764181,-0.062156614,0.65786874,0.29341343,-0.06434305,0.6861541,0.39150372,0.015679676,0.7046388,0.3049869,0.0033525892,0.7040883,0.40420902,0.0074214167,0.6989479,0.4479663,0.010770235,0.7467604,0.38862994,0.018916002,0.7582186,0.29655942,-0.02046911,0.7477209,0.41740197,-0.034782346,0.7419605,0.44366753,-0.028928611,0.80475765,0.40002638,0.013965348,0.8207385,0.30038202,-0.028439172,0.8039827,0.40038776,-0.038055606,0.7955473,0.44183445,-0.028437406,0.8636198,0.41914657,0.0048046084,0.87828726,0.34312886,-0.014265742,0.861877,0.40094483,-0.018643292,0.851411,0.43279305,-0.013929205,A
0.76440364,0.6310886,-2.8775347e-09,0.6792787,0.57119817,-0.050432026,0.61290705,0.43304616,-0.06492153,0.60219276,0.30230328,-0.079245284,0.6304474,0.22083177,-0.08822594,0.6652193,0.31945673,0.01585889,0.6797756,0.22461253,-0.0029441423,0.6884834,0.30545443,-0.008016822,0.6882639,0.35945588,-0.010216162,0.7276501,0.30689082,0.019948151,0.73613095,0.20663492,-0.02435067,0.73663646,0.3144135,-0.05251232,0.73454547,0.36312938,-0.056651376,0.78741044,0.31057912,0.014331509,0.79937327,0.20279984,-0.03223193,0.79130816,0.29334366,-0.056390237,0.78451145,0.3528563,-0.057532836,0.8487774,0.32672212,0.0033847212,0.8590779,0.2437798,-0.02023252,0.8481393,0.2950635,-0.033563815,0.8384667,0.33849043,-0.036125127,A
0.7444707,0.6000092,1.3392827e-09,0.64708436,0.51498127,-0.028566306,0.5814146,0.38405532,-0.030021533,0.5707399,0.24258707,-0.03761769,0.6040938,0.15221909,-0.03936452,0.6352649,0.27991417,0.0669601,0.64419603,0.16893055,0.060921993,0.6486543,0.25192055,0.061020274,0.65131605,0.30995652,0.0610185,0.69793487,0.26294684,0.061423615,0.7085101,0.14098836,0.021370621,0.7026777,0.25158313,-0.0121908365,0.7001687,0.31137437,-0.018059846,0.75708634,0.26372513,0.04642009,0.76944345,0.13559204,-0.0015150508,0.75483525,0.2314707,-0.03408781,0.749516,0.3075295,-0.037434116,0.8216107,0.2782514,0.028392201,0.8297731,0.1817823,0.0035058518,0.8154349,0.22899781,-0.01463729,0.80697477,0.28053656,-0.019370632,A
0.73033243,0.595278,1.9267972e-09,0.6293311,0.4914537,-0.028011065,0.56878614,0.37015703,-0.029140929,0.556977,0.22455159,-0.036426563,0.58412045,0.13188833,-0.036548857,0.6167271,0.2635259,0.074317604,0.6250398,0.14779155,0.06616355,0.6277398,0.23524298,0.06629965,0.6282798,0.2895399,0.06695559,0.6802774,0.24673498,0.06772729,0.68933713,0.117931604,0.021226937,0.6818191,0.24128309,-0.012405057,0.6776124,0.2935539,-0.01529814,0.74023503,0.24896859,0.050748035,0.7526857,0.11216764,-0.006063574,0.7369703,0.21710384,-0.038838055,0.734278,0.29036152,-0.03828183,0.8049384,0.2653955,0.031301413,0.81524473,0.16462027,0.0031363324,0.7974168,0.2168287,-0.014649721,0.7903988,0.26888454,-0.017523963,A
0.7150054,0.5623174,9.97374e-10,0.61062026,0.49706358,-0.019719962,0.5333526,0.37220386,-0.022468492,0.51969,0.24712856,-0.034174643,0.5571035,0.16261473,-0.042038687,0.56582916,0.26905027,0.06278142,0.552569,0.18123746,0.053602234,0.5581624,0.24121031,0.047159865,0.57188565,0.29396296,0.04226454,0.62224805,0.24082065,0.04981364,0.61344385,0.1469307,0.015737223,0.6143443,0.24162011,-0.019355582,0.6249188,0.30413347,-0.031211432,0.68002176,0.22811839,0.028890274,0.67833936,0.1344417,-0.0076596444,0.6685666,0.2159892,-0.03641099,0.6741218,0.28259686,-0.045049902,0.74522007,0.23012054,0.004045459,0.7433953,0.1564744,-0.015929459,0.72806686,0.208623,-0.029935893,0.72494686,0.26130432,-0.035482608,A
0.5593157,0.61357826,2.56337e-09,0.47224274,0.5423613,-0.01406757,0.4117056,0.41759807,-0.017554704,0.39298147,0.31161463,-0.029951686,0.40905917,0.24220666,-0.04336109,0.48588192,0.31413308,0.051529657,0.48802808,0.21922019,0.033417024,0.44728118,0.24155113,0.014409145,0.42288622,0.29151547,0.0021198075,0.5355589,0.3093521,0.03514936,0.53182906,0.19932382,-0.0026389803,0.48764107,0.24040279,-0.0501618,0.4672951,0.3078947,-0.07461968,0.58539236,0.31782675,0.012041509,0.57871825,0.20902944,-0.030251006,0.52798134,0.24520075,-0.07458521,0.4982375,0.31187266,-0.09642273,0.63750386,0.33640325,-0.013986618,0.62158805,0.2525025,-0.045818433,0.5736179,0.27180088,-0.07263556,0.5376044,0.31794578,-0.088900626,A
0.4186177,0.6681113,-6.145173e-10,0.341386,0.6062675,-0.0033506858,0.28498685,0.5058808,-0.010658801,0.26514387,0.41087097,-0.027122663,0.27837753,0.3359647,-0.04124631,0.34761846,0.39585796,0.035579298,0.3425457,0.29793617,0.023993032,0.3118247,0.3344083,0.020529937,0.30403972,0.39022434,0.020212281,0.38912436,0.38506833,0.016626358,0.38094407,0.27545238,-0.012379465,0.3443044,0.3268291,-0.03653749,0.33629224,0.38970974,-0.043943834,0.43203768,0.3873551,-0.0061240993,0.42565638,0.27385777,-0.03496989,0.3840762,0.32030964,-0.051510874,0.37018108,0.38678288,-0.05480098,0.48124933,0.40085208,-0.031076914,0.46966442,0.30404535,-0.047736645,0.43198904,0.32601833,-0.053387303,0.41133854,0.37585354,-0.054023743,A
0.38865077,0.73513895,-2.0785296e-09,0.31207132,0.6730455,-0.004189474,0.2563991,0.56770885,-0.009416281,0.23913072,0.46696305,-0.022637108,0.25469735,0.38660342,-0.03156772,0.2907995,0.4641709,0.036445275,0.28227806,0.38151222,0.029084742,0.28353906,0.4548037,0.032098074,0.29351524,0.50535554,0.03460638,0.33732083,0.45026582,0.020009235,0.32710004,0.359168,-0.0128418375,0.3219783,0.45113957,-0.028396731,0.33022964,0.5035426,-0.026258424,0.3854453,0.44903052,0.00039393094,0.3764769,0.35031122,-0.029715601,0.3621782,0.43087453,-0.03402597,0.36699572,0.48946294,-0.026119623,0.44015846,0.4587864,-0.021168992,0.43113488,0.3695473,-0.032718796,0.4127608,0.41596082,-0.029824678,0.4104368,0.46303603,-0.022988608,A
0.3933686,0.839201,-2.0612483e-09,0.31435788,0.7795091,-0.029012015,0.2546742,0.6641053,-0.04210748,0.23622683,0.5539741,-0.05742886,0.25832364,0.47522008,-0.06705126,0.2970052,0.5625699,0.0053433003,0.2877036,0.48052567,-0.009813556,0.28866202,0.56627524,-0.007258063,0.30092987,0.60611606,-0.0046994933,0.34743816,0.55179894,-0.00041586548,0.33714908,0.46402913,-0.041652672,0.3308107,0.56683403,-0.054855816,0.34098774,0.5989562,-0.049705666,0.39837548,0.55470043,-0.011226319,0.39271805,0.4582073,-0.049897715,0.37429842,0.5434679,-0.052408036,0.38009012,0.5869808,-0.041147646,0.45299593,0.5675242,-0.025714887,0.4490841,0.4824688,-0.04383216,0.42787448,0.5311821,-0.042436313,0.42682257,0.56650394,-0.03502006,A
0.36010936,0.89690727,-3.0851048e-09,0.28106487,0.8340578,-0.021773364,0.22688839,0.7139397,-0.031831212,0.214543,0.600231,-0.04735736,0.23168695,0.52067155,-0.05810134,0.265777,0.61732596,0.024200827,0.26268783,0.52714086,0.006215577,0.26088834,0.60120296,0.0031793334,0.2674505,0.6538811,0.0029522518,0.31750795,0.60489744,0.012748829,0.31347218,0.50625515,-0.03392407,0.30357516,0.60064024,-0.0574531,0.30705997,0.6531257,-0.058238357,0.36821496,0.60687566,-0.004749128,0.3685788,0.49721682,-0.05040525,0.34693754,0.57430005,-0.064777724,0.34457636,0.6374494,-0.059910707,0.42304328,0.6205205,-0.025446767,0.42666432,0.52831745,-0.04924928,0.40440488,0.55997723,-0.05597245,0.39501768,0.5993457,-0.0540204,A
0.27893415,0.918352,-2.2717832e-09,0.1952532,0.8619856,-0.023239575,0.1365404,0.74316907,-0.034587637,0.122449756,0.6270812,-0.051040478,0.13357852,0.5429647,-0.062492114,0.16555588,0.6450363,0.021970028,0.1617483,0.5480293,0.0045407675,0.17074694,0.6264269,0.00019318538,0.17964807,0.6826966,-0.0019965684,0.22028336,0.6285772,0.011535504,0.21645066,0.5306784,-0.03321253,0.21772239,0.6266593,-0.060015235,0.22174537,0.6797637,-0.06445987,0.2746975,0.6249162,-0.0043554013,0.27593037,0.51765347,-0.045103393,0.2637206,0.5945156,-0.06245241,0.25919068,0.6576971,-0.061915446,0.33457908,0.63319165,-0.02357736,0.33831143,0.5425809,-0.042920876,0.3223099,0.5786581,-0.05065956,0.31224385,0.621205,-0.051024955,A
0.74873006,0.6466894,6.5455197e-09,0.6703686,0.54203945,0.07616109,0.5732609,0.510212,0.1031301,0.49954346,0.54236376,0.11932351,0.454513,0.59207004,0.13219947,0.5155706,0.50774986,0.015994603,0.3887226,0.514408,0.015647609,0.3141778,0.51782584,0.027106343,0.25960758,0.51939017,0.035716735,0.5104696,0.5827698,-0.023889236,0.36413312,0.59080565,-0.029743217,0.28439248,0.59724706,-0.015215223,0.2223509,0.5984527,-0.0030481997,0.5165747,0.6612793,-0.053996317,0.38073254,0.6615823,-0.05725695,0.30298084,0.6627806,-0.03999053,0.24292439,0.65919214,-0.026416507,0.53444946,0.74084383,-0.07810754,0.42799616,0.7363551,-0.078618996,0.36631414,0.73243666,-0.06664746,0.31300226,0.72528124,-0.05701346,B
0.7777989,0.6549374,6.6772206e-09,0.70219076,0.5393829,0.07447904,0.60341257,0.4984546,0.09821454,0.5268878,0.52242655,0.11161302,0.47867307,0.564323,0.12176886,0.5400797,0.4972034,0.006129612,0.4082988,0.50120574,0.0031575281,0.3316057,0.504934,0.014005821,0.2767518,0.5082483,0.02257554,0.5340677,0.5767898,-0.03323809,0.382199,0.58030504,-0.04307467,0.29943627,0.58503723,-0.029288415,0.23610702,0.5852763,-0.016885022,0.53904736,0.65807784,-0.062096905,0.39809263,0.6546672,-0.06773435,0.31834865,0.6528108,-0.05027889,0.2579783,0.6478214,-0.0359288,0.5561954,0.7366096,-0.0848099,0.44802564,0.7285595,-0.084985435,0.38549963,0.72300583,-0.07221036,0.33264232,0.71657157,-0.061919495,B
0.7553483,0.65086704,4.4081436e-09,0.68063706,0.5334026,0.07575278,0.58057165,0.49361187,0.10012085,0.50228405,0.51724994,0.114120916,0.45337138,0.5580785,0.12491764,0.5251313,0.49019828,0.004192005,0.3892979,0.4972753,0.00036337515,0.31408256,0.50379366,0.012051749,0.2606594,0.50969076,0.021278078,0.5190203,0.56964576,-0.036264233,0.36208183,0.5806987,-0.047393218,0.27947044,0.58750737,-0.032796573,0.21690536,0.58880866,-0.019683743,0.5223204,0.65181357,-0.06623974,0.37837285,0.6555616,-0.07397618,0.29755956,0.6558198,-0.056164313,0.23668116,0.6518137,-0.041150805,0.5367619,0.7325695,-0.0897237,0.42603794,0.73036677,-0.09250122,0.36183214,0.72702736,-0.08035886,0.3062982,0.72128403,-0.070155665,B
0.7563093,0.65311855,5.4361813e-09,0.681189,0.5346545,0.071191534,0.5821321,0.49490738,0.09420536,0.5054786,0.52443624,0.108302966,0.45875788,0.57239693,0.11962689,0.5242521,0.49399173,0.00029763326,0.39065844,0.49971795,-0.003232408,0.31483275,0.5064058,0.008228158,0.26086706,0.51338315,0.017659439,0.51749414,0.5752587,-0.035697315,0.36287004,0.58299845,-0.045229856,0.2812631,0.58937633,-0.030220363,0.21897963,0.5914619,-0.016885808,0.52085453,0.65778196,-0.06114377,0.3790286,0.6578183,-0.06607066,0.29998094,0.65624315,-0.047746845,0.24049976,0.6520735,-0.032746837,0.53560925,0.73716116,-0.080568686,0.42804557,0.7310781,-0.07993312,0.36512,0.725349,-0.06698149,0.31085277,0.718673,-0.056568995,B
0.76416767,0.65689874,6.7622894e-09,0.68672705,0.5433903,0.07595025,0.58668435,0.50564224,0.10180851,0.5104285,0.53668875,0.1173893,0.46615276,0.5873054,0.12970133,0.5285887,0.50247616,0.008384733,0.3969642,0.5101362,0.006131538,0.3206206,0.5151804,0.01771228,0.26633605,0.51926297,0.02678832,0.5225708,0.5825369,-0.031205527,0.37017286,0.59098583,-0.039582506,0.2890587,0.5975638,-0.024790144,0.22702688,0.5987725,-0.011936654,0.5271901,0.6640841,-0.060439404,0.38595235,0.66457415,-0.06564354,0.30728778,0.6646242,-0.04816401,0.24716648,0.66085076,-0.03386103,0.543109,0.7435923,-0.08340539,0.43452048,0.7365383,-0.08432497,0.37198004,0.73175704,-0.072208256,0.31785578,0.7252369,-0.062311254,B
0.7270162,0.65330905,4.751605e-09,0.65231776,0.5402087,0.06723872,0.5525243,0.499896,0.08815784,0.4753877,0.52501714,0.099658854,0.4264276,0.5664661,0.107894175,0.49426848,0.49895048,0.00051945116,0.36599952,0.50751126,-0.0055456674,0.29177755,0.5124147,0.002858333,0.23726287,0.5182876,0.009864738,0.48922646,0.57646865,-0.036863104,0.34038055,0.58461165,-0.04865457,0.2589134,0.5892794,-0.035762444,0.1972445,0.5896158,-0.0244268,0.49439847,0.65740937,-0.064943336,0.3567167,0.65769666,-0.07289246,0.27936065,0.6557202,-0.055676673,0.22098732,0.649667,-0.041595716,0.511532,0.7388388,-0.087712884,0.40761262,0.73285663,-0.090581976,0.34662783,0.72760224,-0.078773126,0.2938177,0.7198603,-0.069156244,B
0.6648998,0.6522492,3.8426515e-09,0.5937335,0.5318358,0.07180493,0.49807644,0.49034104,0.09843727,0.42249745,0.5166737,0.11664633,0.37384176,0.5657735,0.13315085,0.44652975,0.502055,0.0136221275,0.32050353,0.5122127,0.018089186,0.2517667,0.5193212,0.034885842,0.20464468,0.52665627,0.047740154,0.43933368,0.58136016,-0.018914012,0.2935177,0.59050584,-0.020419933,0.21663556,0.5966559,-0.0011072843,0.15948266,0.5980887,0.014905899,0.44131425,0.662164,-0.041373074,0.30721164,0.66055477,-0.039932456,0.23389582,0.6563316,-0.017963339,0.18152848,0.64919263,-0.0006208657,0.45486856,0.7396081,-0.057844456,0.35134453,0.72941244,-0.05268165,0.29629713,0.719402,-0.036302257,0.25267413,0.70873004,-0.023139441,B
0.63570523,0.6883902,4.7501874e-09,0.5634238,0.568426,0.06468215,0.4645696,0.53023064,0.08927874,0.38907585,0.5683424,0.10646612,0.34378165,0.6259115,0.12239274,0.4113235,0.5260951,0.013700985,0.2890423,0.5372467,0.017215976,0.21967764,0.5478073,0.030280536,0.17115422,0.55565506,0.04050517,0.40130654,0.61017364,-0.014358513,0.25971133,0.62047696,-0.014740972,0.18359593,0.6269278,0.00060875254,0.12523344,0.6271193,0.012884213,0.4002934,0.6941739,-0.0331118,0.2689783,0.68947524,-0.028652731,0.19508362,0.68166995,-0.010815632,0.14121047,0.6720982,0.0021598896,0.41112268,0.77266574,-0.046880126,0.3125847,0.744781,-0.037040524,0.26078027,0.7251454,-0.021558605,0.22003403,0.70954376,-0.010704935,B
0.58199847,0.7591629,4.102241e-09,0.51165247,0.60745263,0.065640435,0.407292,0.5611905,0.09142833,0.3181103,0.5903566,0.115432486,0.2612701,0.64173996,0.14044026,0.34691587,0.579228,-0.013116844,0.20828828,0.58800614,-0.003676339,0.13208927,0.6000622,0.02076296,0.080996364,0.6096018,0.041219246,0.33571184,0.68418103,-0.027470712,0.18134013,0.6883301,-0.02424972,0.09762433,0.6894936,0.0061816364,0.0393624,0.6846867,0.03207931,0.3376343,0.7803456,-0.028034296,0.20018071,0.7770835,-0.01333038,0.13194215,0.7615722,0.02328274,0.09024015,0.74394846,0.051406357,0.35302255,0.8570949,-0.022410786,0.25140956,0.8356879,0.0027335086,0.2080235,0.81266516,0.03284258,0.18239129,0.79068995,0.055843797,B
0.5859664,0.84218127,5.453566e-09,0.5176426,0.67544746,0.04067001,0.39949068,0.5981555,0.059207644,0.29816514,0.60847116,0.07918907,0.24222934,0.6632256,0.10131143,0.3297833,0.6468827,-0.019770533,0.18609,0.6527711,-0.00873878,0.10944642,0.6570033,0.015836451,0.058917522,0.6589409,0.035611164,0.31793743,0.7638061,-0.025566949,0.15918471,0.7653158,-0.014408245,0.0723705,0.76239264,0.014620626,0.009844422,0.7564903,0.036287107,0.3194672,0.86780214,-0.020718858,0.17477944,0.8510914,-0.0040526963,0.10271494,0.83050036,0.025982307,0.058786035,0.8118689,0.04789599,0.33369592,0.9487728,-0.012351217,0.23120466,0.906705,0.012792252,0.19462574,0.87283707,0.040238265,0.177166,0.8467853,0.060038917,B
0.5621497,0.771515,4.561041e-09,0.48179495,0.62845874,0.0696518,0.36694375,0.5920129,0.0976837,0.2802912,0.6382614,0.12055394,0.22819397,0.7046634,0.14201197,0.32126704,0.59546494,-0.001519353,0.18321227,0.6162381,0.0030326503,0.10371673,0.6319159,0.021052735,0.04647711,0.64500976,0.035648942,0.3136768,0.6946048,-0.02622685,0.15258862,0.7124286,-0.028372481,0.06057456,0.72084445,-0.0071679675,-0.006937623,0.72495234,0.010301157,0.31423193,0.7887035,-0.03878753,0.16600633,0.79317415,-0.0363804,0.08030391,0.78631747,-0.013280569,0.019981802,0.7784888,0.0053377473,0.32645297,0.8702292,-0.04482182,0.2211702,0.85000366,-0.034022857,0.16587125,0.82946163,-0.014813114,0.12535521,0.8126938,-0.00027443934,B
0.6045084,0.8117022,6.4373804e-09,0.5139841,0.6828514,0.0810922,0.39402366,0.6511345,0.11681908,0.30555886,0.6968198,0.14524883,0.25757992,0.7700013,0.17218503,0.32840613,0.65107644,0.013624986,0.1846896,0.6805362,0.024835326,0.10291375,0.7056076,0.048330624,0.046062082,0.72311443,0.06639702,0.32264495,0.74857223,-0.01627782,0.16002907,0.77239364,-0.00954125,0.07086104,0.7909174,0.019278063,0.0044994056,0.801571,0.041505262,0.33049545,0.8458451,-0.03360849,0.18176007,0.85599077,-0.021984067,0.10034239,0.8619853,0.009055293,0.040384203,0.8602273,0.03131363,0.35291082,0.93578136,-0.044450697,0.24295466,0.9305115,-0.028403196,0.18212095,0.9259005,-0.0050328607,0.13514918,0.9191928,0.012229964,B
0.6965031,0.8357928,7.802855e-09,0.6028279,0.70525026,0.06273367,0.4779393,0.64341193,0.082237795,0.3720768,0.6333893,0.09559505,0.30284274,0.6332721,0.1076863,0.41620246,0.68936723,-0.012392764,0.2695854,0.70903003,-0.013440663,0.18564971,0.7246594,0.0037024799,0.12782189,0.7364594,0.017741337,0.41615665,0.7906172,-0.041010436,0.24487825,0.8183082,-0.049979802,0.14246064,0.83096886,-0.030223915,0.06726387,0.8351525,-0.013174261,0.4275394,0.88975966,-0.057985082,0.26800346,0.90979993,-0.060113084,0.17436686,0.9122362,-0.033513267,0.10912284,0.9058865,-0.012394693,0.45088136,0.97294354,-0.06943176,0.32548428,0.98028773,-0.06334044,0.25632256,0.9754321,-0.042312164,0.20505603,0.9664006,-0.025748946,B
0.79196566,0.8306438,2.6350357e-09,0.6909183,0.69677454,0.06950009,0.55285513,0.6541982,0.09122224,0.4350298,0.66802263,0.10772681,0.35416508,0.6956796,0.12404905,0.4997126,0.6777977,-0.020990405,0.33782506,0.70194584,-0.019596677,0.24957186,0.7186578,0.0051217414,0.1929614,0.7278706,0.024715522,0.5006656,0.78525186,-0.050542176,0.31385818,0.80676246,-0.05995959,0.20879495,0.8158525,-0.03184867,0.13281664,0.811885,-0.007455717,0.51347256,0.8895219,-0.066626035,0.33790642,0.9042569,-0.069039196,0.24399307,0.90547466,-0.033601318,0.18174478,0.89457154,-0.004773242,0.5396646,0.9770417,-0.07601457,0.4012456,0.98038995,-0.06891976,0.32927415,0.9757894,-0.042774446,0.27809066,0.9660395,-0.021229208,B
0.87316287,0.85078406,3.4352134e-09,0.76617205,0.7050884,0.07127547,0.61806166,0.66293395,0.09657021,0.4966588,0.6871685,0.11520527,0.41378006,0.7274904,0.13355763,0.57106644,0.65179944,-0.0070980336,0.40118694,0.6847002,-0.0037663046,0.3085113,0.7024292,0.020626837,0.24778476,0.71006775,0.039801113,0.56932795,0.7639619,-0.039798986,0.3742233,0.79556435,-0.04467616,0.2677231,0.8048905,-0.01693767,0.19196764,0.80192953,0.00601098,0.57716787,0.873581,-0.060697753,0.39296722,0.8909376,-0.060689524,0.29585633,0.8949884,-0.028155629,0.22817332,0.88852036,-0.0027131636,0.5972229,0.9669752,-0.07532773,0.45011222,0.9662605,-0.06858883,0.36913288,0.9625987,-0.04536936,0.3073361,0.955006,-0.027093701,B
0.9066256,0.8686966,3.2530185e-09,0.8056947,0.71470153,0.062835105,0.6583998,0.66559917,0.08439775,0.5370354,0.69637454,0.10030344,0.4601404,0.7387618,0.11508394,0.6100097,0.6515227,-0.017104996,0.4378,0.6802466,-0.019592987,0.33803645,0.69564784,-0.0034829564,0.26592073,0.7031366,0.009529657,0.6065514,0.7659604,-0.04680538,0.41721624,0.78980505,-0.054869834,0.3105169,0.80022573,-0.033320166,0.23122299,0.8008526,-0.015848156,0.61221397,0.87628144,-0.06506785,0.4357366,0.8841368,-0.06713143,0.33657795,0.88929236,-0.039799795,0.26530385,0.8860146,-0.019083971,0.62999344,0.9706671,-0.07818748,0.4881892,0.96353495,-0.07367251,0.40402538,0.9572533,-0.054483127,0.3370769,0.9475131,-0.04020567,B
0.92021346,0.8406754,5.153522e-09,0.84297717,0.6836501,0.044397555,0.7233333,0.6332386,0.048165604,0.6184508,0.6659999,0.053133514,0.5434922,0.71377933,0.057324022,0.69404817,0.64368826,-0.07833315,0.53239334,0.65446043,-0.09462375,0.4422512,0.6655716,-0.084227026,0.37682894,0.67100984,-0.07494331,0.687554,0.7576875,-0.09756056,0.5029486,0.7716236,-0.124802545,0.39683887,0.7791469,-0.109918915,0.31980675,0.7788078,-0.09635644,0.6879114,0.86341435,-0.10209315,0.5202738,0.8725376,-0.11620734,0.42448077,0.8679908,-0.09342418,0.35810992,0.85846114,-0.07518894,0.69920206,0.947942,-0.10067895,0.5719719,0.9380909,-0.10190721,0.5039739,0.92752904,-0.08556698,0.45360613,0.9161861,-0.073628545,B
0.9259088,0.8396249,4.140824e-09,0.85128903,0.6814713,0.03581207,0.7299574,0.62677765,0.0329109,0.6202366,0.65316343,0.032988515,0.53747016,0.69626534,0.032384377,0.71355116,0.64082867,-0.09794959,0.54978603,0.64809394,-0.11976502,0.46002334,0.657184,-0.109928265,0.3951625,0.663188,-0.100629896,0.7080254,0.75417715,-0.11550814,0.52142566,0.76524293,-0.14917222,0.41665244,0.7710447,-0.13426457,0.340936,0.769017,-0.12011547,0.70704985,0.8600224,-0.118448,0.5363332,0.8640295,-0.13978374,0.44034153,0.8572783,-0.118315265,0.37504283,0.8452339,-0.099846765,0.71428394,0.9446904,-0.11536717,0.5851462,0.93149924,-0.12234872,0.51413447,0.9206079,-0.108179405,0.46083087,0.9076002,-0.09730038,B
0.97449815,0.8292212,6.1424026e-09,0.89036965,0.679204,0.065193504,0.76404977,0.63013744,0.08083573,0.65878123,0.6581676,0.09231339,0.5856588,0.70584255,0.1020849,0.7293757,0.62889355,-0.042372707,0.5704473,0.6359197,-0.05231632,0.48088896,0.6448398,-0.038439743,0.41559064,0.65030205,-0.026929198,0.72425026,0.73586327,-0.07321014,0.54319847,0.74771905,-0.093584016,0.44172305,0.7548869,-0.07490789,0.3667327,0.7556108,-0.058281794,0.7274096,0.84103775,-0.09025669,0.56132734,0.8448795,-0.10214582,0.46742737,0.8412857,-0.07789044,0.40002427,0.833796,-0.057864323,0.74164593,0.93372476,-0.1002064,0.6161782,0.9234846,-0.10167963,0.54646486,0.9154983,-0.084919,0.49138302,0.9058254,-0.07179746,B
0.9544866,0.6782314,5.611983e-09,0.8814428,0.53085244,0.043898094,0.7620792,0.4772783,0.046167932,0.6596282,0.5114924,0.046562076,0.58995116,0.5671537,0.045294575,0.7336029,0.46533692,-0.06867025,0.5758605,0.45650688,-0.0940063,0.4856602,0.45602077,-0.09145569,0.41778833,0.455774,-0.0872309,0.7224926,0.56856215,-0.09558018,0.54091954,0.54888994,-0.12937783,0.4358107,0.5370991,-0.12164427,0.35725528,0.52402854,-0.113245994,0.7189085,0.6698982,-0.110671975,0.5508764,0.651835,-0.13333789,0.45594954,0.6361169,-0.11782247,0.38770267,0.619614,-0.10392067,0.72540224,0.76122344,-0.12082527,0.6030419,0.7362169,-0.12919064,0.53490424,0.7175914,-0.11853035,0.4800383,0.69893897,-0.110738136,B
0.94947106,0.6020968,5.8535687e-09,0.8727115,0.46136555,0.0577186,0.7532011,0.41067505,0.064544424,0.6545315,0.45269382,0.066070125,0.59247506,0.5153232,0.064846136,0.71720624,0.38650185,-0.05853742,0.55668074,0.37731832,-0.084048234,0.46482486,0.3834474,-0.08161073,0.39709252,0.3903633,-0.07798141,0.7075099,0.48427212,-0.09515318,0.52127683,0.46768188,-0.13034937,0.414649,0.46440503,-0.12353077,0.33473533,0.45919704,-0.115576126,0.70698017,0.5842835,-0.11933899,0.5348942,0.5672191,-0.14534386,0.43738323,0.55720353,-0.13198817,0.36506498,0.5459493,-0.119024195,0.7165933,0.6810318,-0.1373156,0.59318036,0.658619,-0.1499422,0.5237552,0.6442796,-0.14117448,0.46540952,0.6294886,-0.13420068,B
0.93439054,0.56042176,6.9283037e-09,0.8491716,0.42789477,0.063143164,0.729677,0.38531816,0.07183995,0.6349525,0.43258274,0.073736526,0.57484496,0.49613062,0.07237898,0.69205153,0.35567525,-0.05016317,0.5302515,0.35318875,-0.07479178,0.4369863,0.3613546,-0.07367789,0.36754987,0.37021643,-0.071424544,0.6886071,0.44829828,-0.09032529,0.5037832,0.44190937,-0.12361941,0.39776045,0.44400722,-0.11859885,0.31627798,0.44360211,-0.112824924,0.6927337,0.54550815,-0.118023805,0.52106494,0.5389893,-0.14334832,0.4207905,0.5349288,-0.13308121,0.34499532,0.5290602,-0.12300913,0.7050834,0.6422711,-0.13903667,0.5813406,0.6248071,-0.15311413,0.50909525,0.61270523,-0.14666702,0.44734514,0.6003644,-0.1417789,B
0.9240359,0.50356066,7.1898003e-09,0.8367449,0.3823517,0.05658883,0.7188549,0.34637824,0.059315797,0.62809783,0.39560863,0.056493893,0.57144594,0.457642,0.050373662,0.69054216,0.3253696,-0.066382766,0.5341182,0.32635176,-0.0960011,0.44513112,0.334094,-0.0962782,0.38069782,0.34151208,-0.094395325,0.68993294,0.4159364,-0.10492982,0.50696504,0.4147886,-0.14282273,0.40540496,0.41692054,-0.13819724,0.3286804,0.41528553,-0.13267376,0.69597965,0.510389,-0.13094774,0.5236163,0.5082675,-0.15878327,0.4255619,0.50305086,-0.14889716,0.35227844,0.49454382,-0.13951427,0.7088973,0.60295963,-0.15050428,0.5830717,0.587334,-0.16630703,0.50785124,0.5747473,-0.16113472,0.44296783,0.5616782,-0.15769354,B
0.943,0.40909705,5.7005325e-09,0.8631598,0.30590576,0.03035692,0.7569592,0.27096805,0.01631873,0.67516786,0.30660638,0.0017073879,0.6237405,0.35395843,-0.016867217,0.7358131,0.25584707,-0.11463943,0.5864038,0.24890791,-0.16248642,0.4960283,0.24269074,-0.17503606,0.42592844,0.24301538,-0.181456,0.7377191,0.33284986,-0.14564542,0.56332225,0.3217961,-0.20316873,0.45774758,0.31083602,-0.2101534,0.37491307,0.3047672,-0.21304475,0.74502665,0.41807103,-0.1641728,0.5802938,0.40705082,-0.20975411,0.4780425,0.3897101,-0.21009031,0.39800176,0.37210384,-0.20740554,0.757653,0.5042047,-0.17732884,0.6378021,0.49175793,-0.20630927,0.5623869,0.47568324,-0.20839559,0.49886337,0.45883012,-0.21079424,B
1.0128686,0.30029303,2.188432e-09,0.92963886,0.18372086,0.055832703,0.81697667,0.13457625,0.047833778,0.7220792,0.14407733,0.034167174,0.6510675,0.16305037,0.014854405,0.7981931,0.13015705,-0.10784484,0.6436284,0.108269826,-0.16138758,0.54961044,0.09277055,-0.17496073,0.4764864,0.08229324,-0.18226375,0.7988811,0.21370319,-0.15591316,0.61836547,0.19157961,-0.22774601,0.50729,0.1691455,-0.23772635,0.41983503,0.14673132,-0.23985524,0.80604273,0.30729383,-0.18905738,0.6363829,0.28905144,-0.24663527,0.5297295,0.26288694,-0.24407288,0.44768655,0.23226885,-0.2367258,0.8188874,0.4032691,-0.21423703,0.68858564,0.3864065,-0.25415325,0.60478103,0.3617287,-0.25729042,0.53585285,0.33229375,-0.25805688,B
1.0378975,0.26560614,5.5543996e-09,0.94932634,0.13813064,0.0499418,0.8392242,0.091182515,0.03383481,0.7471067,0.12636125,0.017547822,0.6816963,0.17279682,-0.004551578,0.8242646,0.07908639,-0.15579584,0.6495048,0.05593379,-0.21903716,0.54197097,0.045096725,-0.23793063,0.45772007,0.037963867,-0.2483476,0.8240368,0.1763229,-0.19538382,0.6260932,0.14417455,-0.27940023,0.5075065,0.123505384,-0.2932707,0.41522515,0.101904824,-0.29798067,0.82788956,0.2793012,-0.21558012,0.6452584,0.25089505,-0.27987516,0.53294146,0.22139597,-0.2816495,0.4474807,0.1883504,-0.27730793,0.83610207,0.38028818,-0.22639678,0.70090973,0.35315645,-0.2679933,0.617755,0.3231296,-0.27380094,0.54969263,0.28962016,-0.2778712,B
1.0094692,0.26538613,4.5920343e-09,0.9185453,0.141705,0.067606024,0.80734336,0.09772273,0.061277274,0.7169639,0.122756846,0.04851442,0.65263003,0.15823516,0.029435242,0.78907335,0.078999445,-0.115778714,0.6230526,0.060002923,-0.1706128,0.5243459,0.04914324,-0.18477373,0.45119208,0.04102099,-0.19272183,0.7915678,0.16735393,-0.16845028,0.5969187,0.14207016,-0.2433154,0.4818958,0.12518936,-0.25505203,0.39351338,0.10498012,-0.25919154,0.79861444,0.26578265,-0.20353533,0.61933744,0.24433558,-0.26356697,0.5086056,0.22265233,-0.26450798,0.42379186,0.19401081,-0.26014546,0.80954516,0.3633666,-0.22869685,0.67512214,0.34443125,-0.27056095,0.59190786,0.32157847,-0.27612957,0.52105224,0.2927063,-0.27966142,B
0.9655925,0.2690096,5.2492974e-09,0.87453675,0.1428937,0.078269705,0.7629958,0.104426,0.08454164,0.67270696,0.1398943,0.08356063,0.6129548,0.19546185,0.07568348,0.7295985,0.081068575,-0.089768365,0.56338376,0.06831783,-0.1326264,0.46247697,0.058716983,-0.1410937,0.38879374,0.049489945,-0.14546362,0.7290773,0.168404,-0.1407872,0.5305295,0.14870098,-0.20489867,0.4110349,0.13424787,-0.21346563,0.3217934,0.11664925,-0.21544574,0.73511636,0.2672604,-0.1735605,0.5531683,0.24988009,-0.22621691,0.43850836,0.23035975,-0.22734834,0.35176337,0.20510674,-0.222901,0.74740756,0.36439508,-0.19565897,0.6103846,0.34963652,-0.23264623,0.52707136,0.3278566,-0.23764719,0.45638198,0.3025884,-0.24045579,B
0.93500745,0.2107577,5.841298e-09,0.8204398,0.10461876,0.11379099,0.69851273,0.08497686,0.13690682,0.6070414,0.13057765,0.1438988,0.55225897,0.19170448,0.14171955,0.64906585,0.038856357,-0.04222048,0.4653058,0.044213593,-0.08002856,0.35434297,0.05159539,-0.090063974,0.2694692,0.05396411,-0.09715147,0.6577069,0.1148342,-0.11401395,0.44793677,0.11182848,-0.17599215,0.32561773,0.11156802,-0.18859933,0.23099399,0.10167401,-0.19370708,0.6740646,0.21380746,-0.1669093,0.47963193,0.21022849,-0.22222556,0.3597506,0.1993442,-0.22799277,0.26823848,0.1775033,-0.22624663,0.6954431,0.32366076,-0.20658295,0.5481285,0.31456596,-0.24996383,0.46032616,0.293726,-0.25896356,0.3851639,0.26984507,-0.26404092,B
0.92085016,0.20585097,9.3670725e-09,0.80160785,0.10043569,0.12259762,0.6803659,0.08776319,0.15339386,0.58968395,0.15908335,0.16434592,0.5359404,0.24558046,0.1661285,0.6195423,0.03809762,-0.00563854,0.43081808,0.035575062,-0.032658737,0.31776828,0.04207015,-0.03831729,0.23138624,0.04487206,-0.043847017,0.62527287,0.11000561,-0.08282994,0.40702152,0.103706755,-0.13185824,0.28031915,0.1032744,-0.14222099,0.18279961,0.09294403,-0.14734453,0.6393018,0.20454405,-0.14281894,0.4361769,0.20541723,-0.18963416,0.3127442,0.1944775,-0.19622648,0.22048423,0.17303142,-0.19611107,0.6593734,0.31470224,-0.19025612,0.50649136,0.31260103,-0.22931062,0.41872144,0.29534686,-0.23841393,0.34591627,0.27476442,-0.24388215,B
0.8864051,0.21009248,8.238664e-09,0.76038647,0.099797376,0.10328654,0.63515556,0.077101454,0.120681584,0.54192543,0.14230466,0.121064074,0.48918653,0.21897094,0.113815464,0.5699601,0.03124781,-0.03527634,0.37235707,0.029169202,-0.0706676,0.25747702,0.036284328,-0.07842671,0.16892195,0.039858773,-0.084267296,0.5794509,0.10953254,-0.10739993,0.35495,0.10630856,-0.16025794,0.23011708,0.11106451,-0.16764049,0.13445818,0.10481812,-0.1701303,0.5991687,0.20691875,-0.16347891,0.3891757,0.21316656,-0.21124615,0.2663912,0.20649342,-0.21425012,0.17370954,0.18687505,-0.21145687,0.6269004,0.3175558,-0.20882815,0.47046623,0.31590933,-0.24530324,0.3797709,0.30046138,-0.2506736,0.3024888,0.27899808,-0.2535253,B
0.85897803,0.23268157,6.593754e-09,0.7413559,0.112245075,0.12458615,0.6097862,0.08416518,0.16141665,0.50770426,0.14398125,0.17714526,0.44760966,0.22157913,0.18480408,0.54726166,0.04273781,0.023166398,0.35866302,0.045678183,0.008889898,0.24897754,0.049410537,0.011395055,0.16624722,0.047442883,0.011516682,0.54811233,0.119323984,-0.05285982,0.32435304,0.13176304,-0.08627315,0.19715026,0.13526899,-0.09000023,0.09948474,0.12522957,-0.090397514,0.5562,0.21476598,-0.113214284,0.34564823,0.22821712,-0.14609817,0.22094727,0.22398156,-0.14590764,0.1277391,0.20640172,-0.14172888,0.5724329,0.32222438,-0.16201885,0.40788394,0.3198569,-0.19029132,0.31636107,0.3017244,-0.19239175,0.23878825,0.2783098,-0.19251984,B
0.85010505,0.23722291,5.582055e-09,0.7281727,0.1109377,0.13485064,0.5964444,0.078609526,0.179767,0.49624053,0.13171917,0.20256114,0.43675503,0.20727801,0.21773836,0.5293276,0.03637074,0.041709132,0.34492016,0.03623885,0.03701164,0.23587704,0.039143905,0.046364993,0.15484619,0.03643188,0.051358327,0.5272146,0.11553858,-0.034557804,0.30689663,0.12726271,-0.058389764,0.18212047,0.13325518,-0.054070547,0.08807182,0.12501302,-0.048351508,0.534452,0.21606459,-0.09463207,0.32762593,0.22737499,-0.11950988,0.20516062,0.22303426,-0.112219475,0.11382204,0.20389548,-0.10303634,0.55248964,0.32996613,-0.1426507,0.3912297,0.3300599,-0.1638264,0.30088645,0.3142313,-0.1604477,0.22424486,0.2907888,-0.15621473,B
0.838241,0.25224838,7.204664e-09,0.71272135,0.12596834,0.13032667,0.58227533,0.09575626,0.17328236,0.48373333,0.14687526,0.19520748,0.42354462,0.21611664,0.20893711,0.51879513,0.053374067,0.03154344,0.33395642,0.05578947,0.02449308,0.22595546,0.058425263,0.03301932,0.1462898,0.053947642,0.03722206,0.5195386,0.13240314,-0.043914367,0.300911,0.14209977,-0.06933338,0.17607921,0.14819047,-0.06599727,0.082291424,0.14096448,-0.061981924,0.5309303,0.23265424,-0.10338646,0.32564864,0.24159373,-0.13147128,0.202508,0.2373384,-0.12809591,0.110937506,0.2190508,-0.12206923,0.55253416,0.3461201,-0.15058964,0.39650095,0.34586245,-0.1761766,0.3062768,0.33333594,-0.17645995,0.23039111,0.31393164,-0.17513373,B
0.8127576,0.28377602,6.1113385e-09,0.69093,0.16207612,0.13357694,0.5567337,0.1279682,0.17931187,0.45370132,0.16584867,0.20212588,0.38792098,0.21840867,0.21772632,0.48994127,0.0889916,0.05119688,0.3104844,0.0995159,0.04884579,0.20626959,0.10396403,0.06028425,0.12958792,0.10233879,0.06648449,0.4914118,0.16411003,-0.027550658,0.27948657,0.18124741,-0.046117187,0.15985852,0.18811491,-0.038463667,0.06848508,0.18143702,-0.03133756,0.5035251,0.2600197,-0.0921145,0.30438077,0.2719063,-0.11372678,0.18573096,0.2705307,-0.10378505,0.09558639,0.25574908,-0.09368599,0.52725583,0.37030864,-0.14509776,0.37114954,0.37448722,-0.16605565,0.28188622,0.3652656,-0.16119368,0.20567238,0.34753996,-0.15587294,B
0.780254,0.35809183,4.0812274e-09,0.6612676,0.24961634,0.10836483,0.5213995,0.22739917,0.13964064,0.41467705,0.27098066,0.15244271,0.3421198,0.32363892,0.15877214,0.45988277,0.18315521,0.020606883,0.28875113,0.20016581,0.008180533,0.18708909,0.20569876,0.013463715,0.11201987,0.20949672,0.016575003,0.4662599,0.25360906,-0.048396457,0.2618705,0.27237877,-0.073535964,0.14450228,0.2782754,-0.06959288,0.053291976,0.27610597,-0.06527231,0.48290244,0.34308192,-0.104849905,0.28732985,0.3559018,-0.12967995,0.16949385,0.3534905,-0.12121883,0.07983947,0.34207198,-0.1126028,0.51171434,0.4450454,-0.15188165,0.3565485,0.45182157,-0.17322892,0.26558232,0.4451318,-0.16823436,0.18908358,0.4317631,-0.16341226,B
0.7732589,0.39449292,6.1141745e-09,0.659375,0.28381225,0.11962933,0.5263663,0.25867337,0.16029711,0.4280745,0.30821857,0.18108507,0.36518112,0.37342924,0.19484264,0.45893323,0.22483996,0.040108,0.29147968,0.24301873,0.035015613,0.19133261,0.24937676,0.04390299,0.114684075,0.25254533,0.049613893,0.45880488,0.29850665,-0.02925187,0.25911885,0.32274076,-0.04612614,0.14617908,0.33275446,-0.036906485,0.056731164,0.3336168,-0.028473789,0.4698509,0.3867361,-0.085700385,0.2796742,0.40356845,-0.10364752,0.16641054,0.40671444,-0.091102,0.07936832,0.40049863,-0.079392776,0.49309537,0.4853931,-0.1322451,0.3443761,0.4889991,-0.14835954,0.25651884,0.4833176,-0.14132936,0.18123543,0.47316188,-0.134635,B
0.79046977,0.44666186,6.812874e-09,0.6732427,0.33677804,0.12516952,0.54302835,0.31400976,0.16540924,0.45015976,0.35758454,0.18488446,0.39180025,0.41639215,0.19658655,0.46685362,0.28351623,0.03377615,0.3005658,0.30796367,0.026107881,0.20120141,0.31723332,0.03342778,0.12681553,0.32155102,0.03867355,0.4710409,0.359417,-0.038256858,0.27316064,0.39349934,-0.05918817,0.16308662,0.4103895,-0.050276387,0.07703629,0.41433507,-0.04120877,0.48659337,0.44865766,-0.096041255,0.30012536,0.47238275,-0.11520184,0.18912795,0.4797635,-0.101041,0.1037758,0.4742799,-0.08791071,0.51413256,0.5453972,-0.14327732,0.36899707,0.555143,-0.15804933,0.28193915,0.55470145,-0.14931588,0.20738533,0.5479337,-0.14149804,B
0.80000937,0.4712643,6.5309402e-09,0.6858585,0.35529062,0.114812344,0.5540242,0.32645267,0.14928843,0.4580583,0.36652124,0.16526067,0.39898562,0.42253888,0.17424506,0.48038086,0.3052174,0.01565255,0.310035,0.3275761,0.0040093823,0.20864338,0.33877295,0.010848294,0.133607,0.34644014,0.016094351,0.47975758,0.38714767,-0.051944084,0.27922553,0.4139973,-0.07508987,0.1656909,0.43030235,-0.06576471,0.07695606,0.43650028,-0.05659547,0.49226943,0.48185548,-0.10528049,0.3047157,0.5021884,-0.12450068,0.19292223,0.51123935,-0.10952703,0.10656437,0.5091084,-0.09638809,0.5186436,0.5836994,-0.14891964,0.37417647,0.60137165,-0.16203234,0.28694868,0.60437185,-0.15250508,0.21075034,0.60042477,-0.14450593,B
0.8008295,0.5586021,6.7043238e-09,0.6858775,0.44752988,0.09891454,0.5497896,0.42404783,0.12608325,0.44902772,0.46688253,0.13761589,0.38216448,0.5167713,0.14280333,0.485105,0.397541,0.006712734,0.3241881,0.4281956,-0.0071155345,0.22736317,0.43462354,-0.0019666355,0.15557957,0.43325293,0.002110132,0.48651692,0.48076224,-0.054029614,0.29361117,0.5121086,-0.07871857,0.18228066,0.5199059,-0.07167792,0.09198949,0.5173271,-0.064649515,0.50028867,0.573952,-0.102177195,0.31787667,0.5936738,-0.123254925,0.2070736,0.59470904,-0.11041794,0.11994234,0.58813107,-0.09890037,0.5288098,0.6719675,-0.14181095,0.38785404,0.6821288,-0.15699804,0.3031292,0.67945665,-0.14878578,0.22994095,0.6726383,-0.14190274,B
0.7847452,0.6539345,8.503485e-09,0.67575717,0.5246101,0.104748115,0.5461428,0.49691215,0.14414673,0.45439264,0.5446756,0.17050043,0.4002928,0.6132281,0.19331297,0.4807778,0.49660653,0.023451198,0.32247338,0.52200615,0.029319147,0.23358878,0.5371853,0.04962783,0.17161775,0.541804,0.06464095,0.47897157,0.5955853,-0.025384706,0.2877935,0.6205453,-0.029128974,0.18328917,0.6318183,-0.006430809,0.10698542,0.63078564,0.011491943,0.4888346,0.6937403,-0.060056444,0.30831456,0.7067286,-0.058961898,0.20868102,0.70343935,-0.033684123,0.1352537,0.69049484,-0.014704026,0.5123057,0.7837232,-0.08590508,0.37754223,0.7814339,-0.07995809,0.3031289,0.76816916,-0.061345797,0.24337749,0.7520937,-0.04759228,B
0.7861663,0.6828843,6.8217885e-09,0.678545,0.5591524,0.08177513,0.55233604,0.5277586,0.104096666,0.45956513,0.5749043,0.11584811,0.4080891,0.6376153,0.12371488,0.49108604,0.5258556,-0.014917694,0.3312565,0.54882157,-0.02548451,0.23776054,0.56504416,-0.01580588,0.17126769,0.57758784,-0.008135894,0.4910032,0.6232313,-0.06157191,0.30431706,0.6489443,-0.08050271,0.19973463,0.6659977,-0.067363754,0.12100598,0.67454046,-0.056228,0.50513154,0.72338206,-0.09523257,0.33136138,0.7413769,-0.10811075,0.23273483,0.7472865,-0.091113955,0.15812391,0.7455201,-0.07763931,0.53286153,0.8215058,-0.121685416,0.40192354,0.8404332,-0.12694873,0.32500148,0.8450998,-0.11559407,0.25911212,0.8446862,-0.10724174,B
0.811492,0.7391457,8.954927e-09,0.70309997,0.6172143,0.09130154,0.5707837,0.5848802,0.11881352,0.47441515,0.6249984,0.13377781,0.41728672,0.6859422,0.14481148,0.5120103,0.57504714,-0.0002779317,0.3519367,0.59421384,-0.006038922,0.25853172,0.60906005,0.0074383994,0.19241336,0.61959195,0.017382573,0.50862235,0.6711962,-0.051985975,0.31654042,0.6973139,-0.06751513,0.20779091,0.7129714,-0.05173603,0.12734312,0.71909064,-0.038734462,0.52001643,0.77257425,-0.09063637,0.33899388,0.79039204,-0.102032654,0.23665828,0.7961927,-0.08238228,0.1604513,0.79306465,-0.06685095,0.54497236,0.873125,-0.12133961,0.41054487,0.88700044,-0.12557131,0.3333801,0.89015067,-0.111945085,0.26974538,0.8875717,-0.10175446,B
0.85721993,0.7807414,6.0718652e-09,0.74856263,0.63948035,0.07887759,0.6091397,0.5979158,0.0974604,0.50091743,0.6444345,0.10704185,0.4334066,0.708119,0.113247775,0.5649577,0.57906866,-0.030347709,0.39060044,0.6028565,-0.045718163,0.29123405,0.623133,-0.036321513,0.21983796,0.63823074,-0.028348606,0.562839,0.6886695,-0.07590298,0.3618472,0.7077222,-0.102000505,0.25169775,0.7221928,-0.089217976,0.1677039,0.7274265,-0.07689826,0.57165927,0.7996931,-0.1078617,0.38237363,0.81179756,-0.1265207,0.2773868,0.8177735,-0.10839655,0.19923738,0.8158645,-0.09263138,0.5923613,0.90562236,-0.13210054,0.44618264,0.9020208,-0.14104779,0.36168596,0.89927316,-0.12975049,0.28991157,0.8925413,-0.120815195,B
0.9239272,0.7751392,7.949413e-09,0.81477475,0.6371067,0.07565837,0.6798957,0.5994509,0.09400628,0.5779693,0.6453192,0.10427117,0.51787186,0.71441764,0.11231134,0.63034457,0.57651585,-0.025460197,0.46262068,0.59746397,-0.03754134,0.36450145,0.6154585,-0.028288167,0.29312497,0.62727094,-0.02017607,0.6288271,0.68694097,-0.06608706,0.4359349,0.71357226,-0.0885124,0.3271183,0.72787756,-0.075496145,0.24497136,0.73191065,-0.06302199,0.6381809,0.7990575,-0.09305617,0.45833528,0.8164273,-0.10660781,0.35273403,0.8211214,-0.0875572,0.27305135,0.8189062,-0.071627855,0.6593535,0.9010463,-0.113014005,0.5212137,0.89617,-0.11291034,0.44492978,0.88916266,-0.09723379,0.3828329,0.8818549,-0.086315356,B
0.9510313,0.7979824,6.280899e-09,0.85222477,0.6536034,0.04548056,0.71359307,0.60417515,0.04305968,0.5955163,0.63027656,0.038420055,0.5076102,0.6668424,0.032034785,0.6966369,0.5865363,-0.07744293,0.52895045,0.60374576,-0.10276707,0.4323507,0.6167898,-0.09891287,0.35938507,0.6252225,-0.09478635,0.70012456,0.6961705,-0.10850968,0.50897735,0.7207034,-0.14548704,0.40130416,0.7347915,-0.13761337,0.3193857,0.73896587,-0.12922707,0.7093973,0.80875283,-0.12642655,0.5320505,0.8202877,-0.15454753,0.4279402,0.821484,-0.14050618,0.3518121,0.81710404,-0.12743495,0.7270379,0.91055167,-0.13811073,0.5928677,0.90056646,-0.1516673,0.51709926,0.8936317,-0.1417513,0.45565194,0.88663834,-0.13450955,B
0.9690981,0.81744367,6.753049e-09,0.8839802,0.6744078,0.054149397,0.7577499,0.62728477,0.05654219,0.64866346,0.6618138,0.057325777,0.57111365,0.712043,0.05636808,0.73380965,0.6117159,-0.08003762,0.56688595,0.6239963,-0.103264816,0.47149798,0.635366,-0.09690402,0.40019497,0.6434904,-0.090638794,0.73208004,0.7221686,-0.11087122,0.54203916,0.7355342,-0.14603493,0.43460006,0.7452814,-0.13373531,0.35452345,0.74881023,-0.12161647,0.7359123,0.8328601,-0.12674005,0.56084037,0.8400346,-0.14945056,0.4594887,0.83557695,-0.12922177,0.38656348,0.82656527,-0.11218542,0.74869627,0.93240446,-0.13556685,0.6132856,0.9231124,-0.14478998,0.5376377,0.9157977,-0.13141154,0.47734857,0.9049393,-0.12157314,B
0.96580863,0.82633823,6.09519e-09,0.8885686,0.67909354,0.045821607,0.77081484,0.62983227,0.044505276,0.6674716,0.65824944,0.04374738,0.5901507,0.7055354,0.041052774,0.7441661,0.6201933,-0.09446665,0.5801901,0.63045466,-0.121559106,0.48700982,0.6417775,-0.11676983,0.4177342,0.65152,-0.11086274,0.74079204,0.7276508,-0.11992296,0.5526941,0.7398788,-0.15987392,0.44698307,0.74740475,-0.14900096,0.36956474,0.74961483,-0.13697812,0.7434639,0.8349248,-0.13029139,0.56964004,0.84400076,-0.15731141,0.47099626,0.84073937,-0.1388677,0.40021127,0.83272225,-0.12216251,0.75517744,0.92975515,-0.13380238,0.6281329,0.92636776,-0.14470066,0.55518425,0.92277193,-0.13260804,0.49745154,0.9151644,-0.123346224,B
0.98654366,0.8033156,4.7153e-09,0.9070603,0.6677074,0.043858875,0.7833175,0.61998415,0.040552247,0.6791391,0.6546945,0.03431814,0.6059226,0.7046146,0.025799455,0.75775605,0.5954646,-0.07839424,0.6021878,0.5991928,-0.11015685,0.5103288,0.605566,-0.111665815,0.43976113,0.6122207,-0.11048645,0.75573343,0.6941963,-0.111069016,0.5719054,0.6973643,-0.15227829,0.46462524,0.6987768,-0.14720297,0.38266015,0.69831115,-0.14077215,0.7599367,0.79833657,-0.13190252,0.5878974,0.8004217,-0.16252631,0.48810214,0.7937873,-0.14832985,0.4131924,0.7849031,-0.13526247,0.7722701,0.8989111,-0.1474025,0.6439546,0.8915152,-0.16311046,0.57157624,0.8812478,-0.15365113,0.5119593,0.86880285,-0.14682044,B
0.9865941,0.74235904,4.8451323e-09,0.90708685,0.6058168,0.044627097,0.7845308,0.5521378,0.04015304,0.6789231,0.5760299,0.03195413,0.600834,0.61351234,0.02042827,0.7614638,0.52817476,-0.08122383,0.60104,0.5294741,-0.1158942,0.5067871,0.5317459,-0.120051004,0.4341508,0.5352928,-0.12090926,0.75723356,0.6265951,-0.116278745,0.5706887,0.62433517,-0.16105142,0.4633378,0.6216621,-0.15959068,0.38133702,0.617075,-0.15569456,0.7585598,0.7302786,-0.13939261,0.5844993,0.72253674,-0.17385021,0.48205873,0.7111106,-0.1645537,0.405269,0.6979416,-0.15486768,0.7682749,0.83128524,-0.15671532,0.6410881,0.81495094,-0.17585364,0.5667431,0.80284405,-0.17006212,0.50465184,0.78795457,-0.16608725,B
1.0034075,0.66075504,6.247571e-09,0.9199752,0.52369416,0.051998053,0.7958125,0.47640342,0.04939589,0.69344586,0.5136158,0.043728117,0.6224825,0.5649471,0.03467083,0.7745014,0.45026588,-0.09412568,0.6113112,0.44260556,-0.1336579,0.51473373,0.44290859,-0.13754568,0.44303817,0.44677618,-0.13734898,0.77034956,0.55156696,-0.13106169,0.577037,0.5361516,-0.18395555,0.46130618,0.52922213,-0.18269482,0.37477523,0.52379113,-0.17750251,0.7724067,0.656679,-0.1539665,0.590407,0.64292055,-0.19453774,0.4828139,0.6282286,-0.18438964,0.40273407,0.6122945,-0.17243078,0.78156495,0.75846875,-0.16975488,0.64811546,0.7423091,-0.19314717,0.567596,0.72963905,-0.1881345,0.5002388,0.71229637,-0.18375863,B
1.021135,0.61359364,7.0910993e-09,0.9287861,0.48319325,0.050121382,0.7989857,0.43753105,0.042071924,0.69194984,0.47812986,0.02994474,0.6175191,0.527113,0.014389514,0.77757245,0.4046641,-0.10080977,0.61101466,0.39258587,-0.14519294,0.5113441,0.39094022,-0.15264146,0.4367254,0.39247352,-0.15557799,0.77636063,0.5036478,-0.14222585,0.57704526,0.4871841,-0.19885387,0.45787624,0.48017785,-0.20150803,0.36641788,0.47322804,-0.20045452,0.78157014,0.61112326,-0.16970624,0.5933555,0.59862685,-0.21314025,0.4819383,0.584938,-0.20623711,0.398784,0.57036793,-0.19768496,0.79314053,0.7187172,-0.19034435,0.65378964,0.7037993,-0.21681753,0.57049567,0.6900025,-0.21391304,0.5005144,0.67328584,-0.21191376,B
1.032791,0.562446,6.02143e-09,0.94325626,0.43721932,0.043004792,0.8133613,0.38917255,0.032020353,0.7083218,0.42652223,0.017674465,0.63763547,0.4761598,-0.00083097955,0.79356515,0.36460572,-0.11018661,0.62405133,0.34725863,-0.1592068,0.523121,0.33596957,-0.16876999,0.44565478,0.3311335,-0.17304109,0.7915337,0.45794252,-0.15091145,0.5899664,0.43857256,-0.2102069,0.46897805,0.4275041,-0.21309246,0.37422243,0.4199134,-0.21273121,0.795365,0.5591994,-0.17860232,0.6033227,0.5380269,-0.22707433,0.48612654,0.5173205,-0.22245122,0.39614984,0.49802482,-0.21543556,0.80568177,0.6620092,-0.20002264,0.66657925,0.64084715,-0.23177119,0.5789482,0.6221493,-0.23117873,0.50515795,0.6026026,-0.23090716,B
1.0350915,0.4854936,5.3129123e-09,0.9430864,0.3631391,0.053808417,0.8189108,0.31507123,0.04602438,0.71541685,0.34345463,0.034650452,0.6412343,0.3822356,0.018271925,0.8016892,0.2824079,-0.116566435,0.6276309,0.2598795,-0.16790867,0.5205857,0.24533638,-0.17954376,0.43831933,0.23750338,-0.18546024,0.8026281,0.37198246,-0.16066453,0.599283,0.34329736,-0.22618854,0.4747703,0.32353964,-0.2314794,0.3779944,0.30720997,-0.23244324,0.808246,0.47341412,-0.18904786,0.6171396,0.44890627,-0.24111181,0.49623343,0.42363104,-0.23683798,0.40344122,0.39728,-0.23007785,0.8193481,0.5803902,-0.20951094,0.67809296,0.55804855,-0.24471262,0.587754,0.53436387,-0.24513099,0.5142598,0.5077258,-0.24545176,B
1.0235207,0.4368048,6.139598e-09,0.9337698,0.31138262,0.06475402,0.8162499,0.2594677,0.060728103,0.71724665,0.2847332,0.05022164,0.6459618,0.324701,0.033516362,0.79210114,0.23357128,-0.10638625,0.6164548,0.20460798,-0.15778771,0.51021975,0.18462217,-0.17029046,0.4281186,0.17034213,-0.17709,0.78852403,0.3201516,-0.15741734,0.58308876,0.28668898,-0.22429658,0.45969337,0.2631365,-0.23153467,0.3631745,0.24103887,-0.23344024,0.79000443,0.42069715,-0.19207393,0.59811395,0.39364827,-0.24581036,0.47767904,0.36710644,-0.24383391,0.38554248,0.33708984,-0.23836401,0.79850256,0.52727216,-0.21800043,0.65779746,0.505546,-0.25503165,0.56727326,0.4823073,-0.25727344,0.49291638,0.45532626,-0.25856623,B
1.0238302,0.38764277,4.098269e-09,0.93435746,0.2651336,0.060573757,0.82098645,0.21221772,0.050900485,0.7239301,0.23605782,0.03521291,0.6511724,0.27489656,0.013133745,0.79407716,0.19082859,-0.12226748,0.62074894,0.15742365,-0.18188956,0.5138046,0.13345273,-0.19907156,0.42998287,0.11434938,-0.20926373,0.79096377,0.27647904,-0.17537023,0.58653224,0.24386792,-0.2536767,0.46230674,0.22095126,-0.266489,0.36446518,0.19839185,-0.27151456,0.7943835,0.37824008,-0.21180773,0.60395116,0.35127068,-0.2754983,0.48319292,0.32255542,-0.27771825,0.38918477,0.28804943,-0.27415755,0.8050603,0.4878621,-0.23923686,0.6585652,0.46251908,-0.28493863,0.56508625,0.43491322,-0.2918498,0.48827934,0.4021861,-0.29608676,B
1.0085996,0.3644871,5.7730736e-09,0.9116245,0.23520952,0.06255934,0.7963893,0.18098842,0.050001495,0.6962617,0.18901011,0.03200957,0.6230808,0.20544544,0.0076019275,0.7805312,0.16520733,-0.13595895,0.6043557,0.13232946,-0.19812462,0.4989011,0.1096454,-0.21457884,0.422542,0.09132098,-0.22423528,0.7811038,0.25457603,-0.19031137,0.5698837,0.22145331,-0.27597684,0.44121355,0.19531463,-0.29224,0.3435942,0.16764665,-0.29907134,0.7859572,0.35718346,-0.22604375,0.59197855,0.3337884,-0.29583728,0.46796837,0.30673754,-0.3011292,0.37439317,0.2743182,-0.298911,0.79622746,0.46045488,-0.25149134,0.6503159,0.4384292,-0.3013549,0.55767035,0.414313,-0.31039482,0.48109502,0.38593215,-0.31609052,B
1.010203,0.35046697,3.660548e-09,0.910992,0.21969949,0.07753066,0.7953149,0.16430764,0.072216816,0.69398427,0.17086166,0.05806028,0.6180432,0.18621801,0.037297096,0.7774274,0.14323664,-0.114220545,0.6002842,0.11163227,-0.17066431,0.49321237,0.09123422,-0.18397932,0.41627347,0.073670834,-0.19202453,0.77891284,0.2329891,-0.17595887,0.5659226,0.1998951,-0.25644013,0.43699813,0.1753156,-0.26961735,0.34083378,0.14768827,-0.27411532,0.78480214,0.3375947,-0.21872942,0.5884603,0.31173614,-0.28408572,0.4653386,0.2859641,-0.28472817,0.3738267,0.25269154,-0.27952188,0.7963732,0.44509503,-0.2504611,0.6447992,0.4212836,-0.297979,0.5519174,0.39573956,-0.30356207,0.4766071,0.3642404,-0.30641034,B
0.9953624,0.35129875,3.921939e-09,0.8988398,0.21978812,0.06770184,0.7833158,0.16383566,0.05714105,0.68323946,0.17205633,0.03946593,0.6075746,0.19042271,0.015001556,0.7695577,0.14549297,-0.12854801,0.591593,0.11713153,-0.19021071,0.48551396,0.098355055,-0.20680161,0.4083781,0.083317265,-0.21676658,0.7712964,0.23346102,-0.18688187,0.5600498,0.20386332,-0.2720496,0.43345076,0.18142594,-0.2884083,0.33748895,0.15570115,-0.2950471,0.7764584,0.33577254,-0.22678994,0.5826404,0.3102925,-0.29697886,0.46156144,0.28441316,-0.30159503,0.370665,0.25128937,-0.29873613,0.78573745,0.44192326,-0.2561813,0.637336,0.41896212,-0.30743262,0.54569894,0.39426768,-0.31629202,0.4710892,0.3633446,-0.3215181,B
0.9583208,0.35285243,3.6275243e-09,0.8741547,0.223576,0.08054097,0.7650685,0.1764402,0.081821136,0.6725533,0.19070786,0.07446124,0.60102475,0.22252144,0.058497537,0.7289511,0.14097759,-0.10552678,0.5521287,0.11784591,-0.15719719,0.44669026,0.10245517,-0.17047781,0.36887562,0.0891777,-0.17874411,0.72815514,0.2251295,-0.16418874,0.51851004,0.20068318,-0.24006782,0.3931088,0.1816239,-0.25502834,0.29931918,0.15899491,-0.26147568,0.7324481,0.32435012,-0.20375644,0.5404703,0.30328652,-0.26886216,0.41966766,0.28091353,-0.27638867,0.32766193,0.2505948,-0.27570614,0.7419512,0.42536557,-0.23146047,0.5949962,0.41140547,-0.28192437,0.5056553,0.3883169,-0.29363337,0.4302925,0.3589228,-0.30056846,B
0.9218883,0.33694485,4.0877626e-09,0.83079064,0.20936328,0.102882564,0.7141576,0.16165742,0.12016619,0.619981,0.1851801,0.12309467,0.55264235,0.23161355,0.11826686,0.6672049,0.13547036,-0.050400153,0.48803863,0.11381361,-0.0875223,0.38071743,0.10485561,-0.09310772,0.3012096,0.10043375,-0.096339956,0.6605223,0.2196522,-0.11766016,0.4510888,0.197078,-0.17597057,0.326343,0.18223819,-0.18175468,0.2318832,0.16492097,-0.1812539,0.6615122,0.3201421,-0.16701631,0.46727967,0.30039054,-0.21661992,0.34819812,0.28183594,-0.21269529,0.25831714,0.25587326,-0.20423402,0.672488,0.42729962,-0.20485215,0.5220593,0.41138065,-0.2420406,0.43255404,0.3877638,-0.24338315,0.35795674,0.35923898,-0.24199842,B
0.89639604,0.3588277,7.541115e-09,0.79345006,0.22625609,0.098152705,0.66732764,0.1838474,0.11587111,0.5715001,0.22823703,0.119269095,0.50977427,0.2905002,0.1152386,0.613416,0.15252465,-0.038697116,0.4342149,0.13150941,-0.07106734,0.32652906,0.121328786,-0.07531461,0.24329019,0.113428354,-0.07752447,0.6112803,0.24032354,-0.103137754,0.39675716,0.22295085,-0.15083167,0.27182573,0.20977174,-0.15326849,0.17450103,0.19353467,-0.15223353,0.6178422,0.34182876,-0.15160131,0.41537732,0.33278906,-0.19183399,0.29352686,0.31588805,-0.18708497,0.20114645,0.29348338,-0.17950578,0.6337609,0.44774008,-0.18996304,0.47697,0.42853338,-0.22005764,0.3847704,0.40217626,-0.21976256,0.307159,0.37437633,-0.21814646,B
0.8619431,0.3848786,6.3742656e-09,0.7580812,0.24816059,0.106672235,0.6239995,0.19942805,0.13533604,0.5197703,0.24329561,0.1481905,0.45187664,0.3076121,0.154315,0.5701823,0.17064963,-0.006680621,0.38723367,0.14990139,-0.02550935,0.2777629,0.13858877,-0.020542815,0.19662115,0.13352631,-0.016805276,0.56158185,0.25432906,-0.071704045,0.34457624,0.23346479,-0.10419845,0.21826714,0.2193853,-0.09865745,0.1211465,0.2048814,-0.09192354,0.56274587,0.35340273,-0.12171992,0.3596456,0.3355023,-0.15009524,0.23767,0.3146752,-0.1399739,0.14422283,0.29027876,-0.12907426,0.57653,0.4627878,-0.16172011,0.4192518,0.44370452,-0.18351905,0.32619584,0.42268276,-0.17876157,0.24773538,0.39829794,-0.17354056,B
0.82398415,0.38974822,5.303502e-09,0.716211,0.25020558,0.11511259,0.57863146,0.20277572,0.14980638,0.47199196,0.24591608,0.16704074,0.4009135,0.30815628,0.17786786,0.521123,0.17419158,0.011646502,0.34049168,0.15851356,-0.0001654465,0.2327789,0.15208423,0.009397773,0.15307915,0.15053561,0.015831782,0.5122579,0.2584167,-0.056332666,0.29580367,0.24130061,-0.0828628,0.17055097,0.23175682,-0.07390514,0.07458827,0.2206237,-0.06475259,0.51495045,0.35960028,-0.10941402,0.31176475,0.34230322,-0.13471675,0.18883628,0.32359108,-0.1224498,0.0941363,0.30110607,-0.10991233,0.531675,0.47271645,-0.1518168,0.37608266,0.45457515,-0.17152849,0.28421122,0.43479368,-0.16494691,0.20551485,0.41193566,-0.1582884,B
0.8056983,0.38647968,5.1017093e-09,0.69413006,0.24619022,0.12299951,0.55151016,0.20131005,0.1634128,0.4437331,0.242321,0.1846822,0.37370503,0.3004824,0.19926782,0.48361993,0.16494021,0.027456475,0.30240506,0.15370463,0.020842403,0.1928401,0.14946927,0.03199287,0.11287224,0.14886717,0.039713487,0.47557607,0.24949497,-0.042119376,0.25756994,0.24244446,-0.062352333,0.13295758,0.24115527,-0.051131405,0.039279073,0.23594175,-0.040585175,0.47924724,0.3520941,-0.09669512,0.27574438,0.33857512,-0.11568683,0.15360028,0.32603058,-0.100622,0.061053365,0.3091892,-0.08676778,0.4971986,0.46535575,-0.14054738,0.33936775,0.44715297,-0.15476876,0.24739014,0.4289841,-0.1451463,0.16900185,0.40839702,-0.13663065,B
0.78942645,0.42389452,7.1846595e-09,0.6750948,0.28720567,0.118379675,0.5322128,0.24274097,0.15305056,0.42461944,0.285816,0.168615,0.3548296,0.34568545,0.17649476,0.46691415,0.20637655,0.014058762,0.2833097,0.20007889,0.00020655245,0.17245233,0.19618705,0.0072986363,0.08897224,0.19612913,0.01248583,0.4598414,0.2924073,-0.058111493,0.240668,0.2896502,-0.08356161,0.11874184,0.29057088,-0.073919244,0.02516219,0.28834116,-0.064591795,0.4653384,0.3961073,-0.115777664,0.25743333,0.38594565,-0.13911074,0.13593704,0.37907276,-0.12509139,0.04337263,0.36784938,-0.112240076,0.4837999,0.5136896,-0.16327454,0.3231791,0.49707288,-0.18242781,0.22869988,0.48216438,-0.17483644,0.14757857,0.4628676,-0.16780882,B
0.791404,0.48177224,9.099037e-09,0.6734669,0.34527078,0.11789162,0.52533877,0.3023914,0.1578252,0.41612998,0.3569692,0.18024881,0.35062194,0.43510905,0.19712622,0.45183587,0.24923386,0.0281145,0.2664518,0.24913533,0.023106597,0.15562633,0.24837954,0.035296984,0.07241014,0.2481903,0.04513904,0.44205704,0.34220976,-0.035320293,0.22706245,0.33903375,-0.048369575,0.111896574,0.34006786,-0.0295104,0.021994859,0.3364198,-0.012908893,0.44453505,0.44735053,-0.08475173,0.23975165,0.43492758,-0.09290513,0.12472251,0.42874056,-0.06803654,0.035776675,0.41870305,-0.048297774,0.46030375,0.5633744,-0.12531497,0.30387104,0.538795,-0.12773596,0.21137479,0.5229922,-0.11116902,0.1306889,0.50642115,-0.09837533,B
0.79250693,0.5128812,1.0052278e-08,0.669538,0.364214,0.12220157,0.5229634,0.3187309,0.16231862,0.4163658,0.366965,0.18441544,0.35096434,0.44339603,0.20043433,0.44261974,0.2826992,0.02425882,0.2536194,0.28815398,0.018833246,0.1425797,0.28895682,0.032215558,0.05995983,0.2885515,0.043055512,0.43706125,0.385695,-0.04131535,0.21717648,0.39916447,-0.05755275,0.09878975,0.40656647,-0.038346328,0.007858545,0.40800616,-0.02038265,0.44582048,0.497138,-0.09182016,0.24035722,0.50420785,-0.103434935,0.123446256,0.50632733,-0.07918346,0.030989558,0.5030867,-0.058559377,0.469751,0.6120398,-0.13251545,0.31192297,0.6074429,-0.13657677,0.2177854,0.5999892,-0.120421916,0.13396102,0.5906715,-0.10719965,B
0.7880918,0.5443614,8.6803045e-09,0.66826904,0.39219496,0.11718146,0.52149284,0.34615368,0.15302265,0.4115135,0.38868326,0.17238319,0.34363693,0.45915702,0.18571651,0.44647893,0.3141096,0.0038162747,0.2551099,0.31678465,-0.006456992,0.14322212,0.32338384,0.006566092,0.06192386,0.32798302,0.017068971,0.4396308,0.42332,-0.061295178,0.21627954,0.43217957,-0.085350096,0.094551355,0.4433828,-0.06708244,0.0037132502,0.44702744,-0.049256068,0.448693,0.542136,-0.11035627,0.24109432,0.5491333,-0.12918794,0.123788446,0.5518036,-0.104897484,0.032936126,0.5461096,-0.08333842,0.47413367,0.66427314,-0.14927448,0.31276274,0.67089236,-0.15889035,0.21930087,0.6692056,-0.14343266,0.13761836,0.66153824,-0.13009278,B
0.7883793,0.5847094,8.8968e-09,0.6723176,0.42772073,0.10581379,0.5283482,0.37706202,0.13509664,0.41838923,0.41868764,0.14995423,0.3514835,0.4895347,0.1586012,0.4554238,0.35115877,-0.011993063,0.2643975,0.35397074,-0.027770767,0.15100461,0.3626466,-0.019079627,0.06777361,0.37247592,-0.011761576,0.4480885,0.46181315,-0.07351644,0.22196385,0.46850663,-0.10179844,0.09619352,0.4743564,-0.08881567,0.0019258857,0.47573555,-0.07602306,0.45609704,0.5805847,-0.11915782,0.24445374,0.58742034,-0.14146881,0.12311667,0.5842003,-0.122753754,0.029520035,0.5764888,-0.106017426,0.48038447,0.69959545,-0.1552423,0.32009158,0.69840586,-0.16753906,0.22701119,0.6906998,-0.1552602,0.1460655,0.6816672,-0.14517199,B
0.8031069,0.5996108,7.3774316e-09,0.6853703,0.44607115,0.11235413,0.5433948,0.39839244,0.14178525,0.4341188,0.4433053,0.15547349,0.36410445,0.5125026,0.16296658,0.47018456,0.36570707,-0.010494199,0.27392963,0.37447596,-0.02511606,0.15962166,0.3868389,-0.015426894,0.07658154,0.39539087,-0.008339562,0.4632813,0.475268,-0.07620984,0.22887,0.48453823,-0.1061116,0.09626064,0.4921083,-0.09463321,-0.003090173,0.49247026,-0.08342698,0.47141534,0.59429145,-0.124931015,0.25291157,0.5978934,-0.1478823,0.12812248,0.59536064,-0.13003023,0.03227809,0.58625984,-0.114524245,0.49594468,0.7130219,-0.16323127,0.33018634,0.7029288,-0.17746298,0.23656067,0.6882439,-0.16603974,0.15487906,0.67427367,-0.15675648,B
0.80602044,0.6171884,9.780957e-09,0.68779504,0.46187317,0.09419124,0.5416505,0.41643822,0.11576898,0.4322476,0.47422805,0.12543428,0.3637446,0.5514354,0.13046493,0.46926367,0.38762957,-0.02549304,0.27255958,0.40160054,-0.043286573,0.15996164,0.4131568,-0.03746565,0.07823253,0.4192676,-0.032629274,0.4641233,0.503456,-0.0795611,0.2343106,0.51563007,-0.10924509,0.10388151,0.52194417,-0.10139577,0.0039402544,0.5216065,-0.09364425,0.47297537,0.62346864,-0.117664255,0.26113215,0.63129616,-0.13607301,0.1404762,0.63090867,-0.120656304,0.04802686,0.62670183,-0.10819856,0.496771,0.7377084,-0.1471163,0.3401653,0.7187259,-0.15469931,0.2517317,0.69835114,-0.14361028,0.17398337,0.68237984,-0.13620752,B
0.8150118,0.63684934,6.581819e-09,0.6995114,0.48440543,0.09973883,0.55142915,0.43456218,0.12625054,0.43681747,0.4612255,0.13996916,0.36194283,0.5015608,0.14871638,0.48019737,0.41829914,-0.017508313,0.29007283,0.42820162,-0.031200396,0.18197638,0.43747944,-0.020052457,0.1042521,0.4416562,-0.010622311,0.47777468,0.52891535,-0.07225033,0.2531649,0.54410505,-0.09837451,0.13025805,0.55262446,-0.08381002,0.03784409,0.55181974,-0.07011821,0.48796964,0.6452908,-0.111036725,0.27773178,0.6497476,-0.1292807,0.16168267,0.64958483,-0.10814444,0.074056,0.6433344,-0.08995675,0.5124196,0.75563616,-0.14044662,0.35440093,0.74135864,-0.14850457,0.26342222,0.72475886,-0.13391733,0.18423983,0.71073276,-0.122272916,B
0.82037926,0.68486094,7.03142e-09,0.7060957,0.5291168,0.08684792,0.56147176,0.48211497,0.10985981,0.4492924,0.5266197,0.12408388,0.38301608,0.58909804,0.13530047,0.4942211,0.47198236,-0.032724928,0.30486786,0.48039442,-0.045237314,0.1948986,0.48805743,-0.032106694,0.11437696,0.49179986,-0.020834206,0.4904367,0.5916998,-0.076867394,0.26808983,0.601289,-0.10005266,0.14309561,0.6055046,-0.08032066,0.049655437,0.59997153,-0.06277286,0.5001243,0.7122726,-0.10494872,0.2947825,0.71933246,-0.1175266,0.18403396,0.71251845,-0.08913853,0.10240844,0.6975562,-0.06607492,0.52476764,0.82323015,-0.12512097,0.37069413,0.82272404,-0.12511778,0.28944194,0.8070612,-0.10424977,0.22352025,0.7880378,-0.08819665,B
0.80959475,0.7284128,7.3471518e-09,0.6969921,0.56958115,0.08950233,0.55480164,0.524989,0.1145865,0.44358525,0.5656562,0.13116573,0.37989137,0.6263725,0.14530899,0.4906823,0.52502966,-0.028809732,0.3090262,0.5368419,-0.036230013,0.20416293,0.55081123,-0.018743284,0.13037068,0.5613494,-0.0043333494,0.48823434,0.6432516,-0.07142257,0.27433056,0.6598452,-0.089982815,0.15404159,0.6713997,-0.06588671,0.066164136,0.67289007,-0.04490786,0.4990127,0.761385,-0.09734555,0.30099103,0.77551585,-0.10547773,0.19608825,0.7706786,-0.07220815,0.120452285,0.75768274,-0.045784,0.5247444,0.86795676,-0.1150446,0.37713403,0.879408,-0.10997991,0.30338484,0.8697779,-0.08460319,0.24635325,0.85544586,-0.065134265,B
0.85183316,0.76411515,8.402107e-09,0.73361003,0.6136326,0.09731002,0.58807063,0.5716495,0.1257872,0.47526863,0.6155057,0.14299148,0.40622294,0.68464845,0.1571782,0.52636516,0.55445874,-0.014103564,0.34125316,0.5741079,-0.02069229,0.23543665,0.5917897,-0.0032016828,0.16157106,0.6024677,0.010670993,0.522518,0.66941845,-0.06482099,0.30665478,0.6929045,-0.08315901,0.1868777,0.7086803,-0.060834378,0.09896791,0.712024,-0.041414678,0.5326839,0.7870233,-0.09992957,0.33174443,0.80308443,-0.1099046,0.22213376,0.8076409,-0.08075099,0.1421259,0.8010879,-0.057436578,0.55686176,0.8963771,-0.12634632,0.40167886,0.900258,-0.12654431,0.31693894,0.8977236,-0.10616116,0.24912077,0.8890338,-0.09019481,B
0.8790895,0.78342575,9.533433e-09,0.7626301,0.62080806,0.08049333,0.6144431,0.5729764,0.099545844,0.49700034,0.6185141,0.110911146,0.42573282,0.68390393,0.12065329,0.5657594,0.5611624,-0.03476317,0.3770182,0.57708657,-0.045145866,0.27035758,0.5927367,-0.029151732,0.19374457,0.60281384,-0.015765728,0.560746,0.68555635,-0.07688153,0.34509414,0.70073164,-0.09699669,0.22488922,0.7112543,-0.07475748,0.13695386,0.7119677,-0.055720255,0.5669635,0.80789614,-0.103862286,0.3652163,0.81365275,-0.11357423,0.2544277,0.8093511,-0.0842317,0.17531613,0.7977041,-0.061273485,0.58518356,0.91572595,-0.12345462,0.42892858,0.9075615,-0.120492116,0.3453536,0.89713645,-0.099050835,0.28020987,0.88432133,-0.083390586,B
0.94548726,0.8021487,8.148325e-09,0.84466046,0.63923514,0.062331185,0.69790965,0.58642644,0.065502405,0.577753,0.627114,0.064851075,0.4927238,0.68553865,0.060788404,0.66820866,0.56606287,-0.083555214,0.4785947,0.58070636,-0.113192126,0.36932775,0.59222114,-0.11026168,0.2876139,0.5995673,-0.10552274,0.66506547,0.68864596,-0.12092356,0.44581476,0.7085936,-0.16271645,0.32397914,0.71828794,-0.15421641,0.23308796,0.7197918,-0.14428972,0.6682908,0.8098403,-0.14226522,0.46281913,0.81758857,-0.17077564,0.34438655,0.81326675,-0.15491955,0.25876966,0.80546606,-0.1403204,0.6805512,0.9159235,-0.15587749,0.5273864,0.89520043,-0.16774017,0.4380383,0.88103664,-0.15700823,0.36466327,0.8682995,-0.14942797,B
0.951434,0.8056808,7.696965e-09,0.8592858,0.6539969,0.058230434,0.7211562,0.5991932,0.058652908,0.6061496,0.6322305,0.05539038,0.5252284,0.6824865,0.049209572,0.68690866,0.57722694,-0.0856078,0.5037056,0.58410895,-0.117307775,0.3978704,0.5944454,-0.115497924,0.31803778,0.6018988,-0.11178675,0.6854729,0.6891749,-0.12297654,0.4747784,0.69611007,-0.16586962,0.355773,0.7011784,-0.1570792,0.26627275,0.6998221,-0.1472895,0.6904396,0.8045044,-0.1452422,0.4939558,0.807967,-0.17557023,0.3814621,0.80458736,-0.15853302,0.29888064,0.79683673,-0.143035,0.70477116,0.91111624,-0.16032282,0.56116146,0.89667296,-0.17453693,0.47809327,0.8847381,-0.16312943,0.40952718,0.8718202,-0.1546571,B
0.9599204,0.80500466,6.3426118e-09,0.86572087,0.6525458,0.052257113,0.7249205,0.60060954,0.050050076,0.6059174,0.6322741,0.045936633,0.5178299,0.678722,0.039447937,0.7074892,0.58164656,-0.09545643,0.52646416,0.59438306,-0.12852958,0.42216986,0.6056458,-0.12660757,0.34390888,0.61509895,-0.12258846,0.70802456,0.6977662,-0.12888865,0.5003116,0.7141808,-0.17421305,0.38220996,0.7230338,-0.16537754,0.29368043,0.72467154,-0.15519151,0.7126939,0.81544524,-0.14720035,0.51995987,0.82479984,-0.17913985,0.40792027,0.8259113,-0.16086665,0.32721317,0.8211552,-0.14418362,0.7253241,0.9219042,-0.15836336,0.58181244,0.9075301,-0.17356044,0.49789232,0.8977711,-0.1619256,0.42969048,0.88545585,-0.15313567,B
0.9863467,0.73782015,6.652289e-09,0.89715457,0.5998838,0.05486583,0.76312923,0.5602823,0.055161394,0.65525055,0.6125841,0.050582726,0.5821855,0.68035966,0.042640757,0.7368291,0.5331971,-0.074884504,0.5699532,0.53464925,-0.11015684,0.47130275,0.5375943,-0.113500744,0.3969136,0.5420701,-0.113379434,0.73442686,0.63411516,-0.11393142,0.53483367,0.6347372,-0.15970887,0.41749132,0.6333908,-0.15756316,0.32854158,0.63113683,-0.15288025,0.7388182,0.74050504,-0.14011994,0.5499542,0.742688,-0.17511514,0.43890902,0.73593056,-0.16442408,0.35594073,0.7283757,-0.15320684,0.7522963,0.8431486,-0.15997198,0.6150335,0.83644575,-0.17822729,0.53511244,0.82760733,-0.17086196,0.46822548,0.8189942,-0.16564234,B
1.0020006,0.68093973,7.0974777e-09,0.9113591,0.5398999,0.043524727,0.7805566,0.49195427,0.030941023,0.6695032,0.53400946,0.015682708,0.58995885,0.58905137,-0.0027788512,0.756693,0.45887056,-0.11246986,0.57833856,0.45496315,-0.16104281,0.47277462,0.4604159,-0.17156997,0.39232627,0.46648055,-0.17628978,0.75746965,0.5653838,-0.15034303,0.54928434,0.5618146,-0.21137883,0.42639238,0.5616854,-0.21591003,0.33295134,0.55747753,-0.21551497,0.7628263,0.6779963,-0.17412305,0.5691816,0.67827266,-0.22011206,0.45473772,0.6715987,-0.21300714,0.36979753,0.66174805,-0.20375931,0.77365065,0.7880242,-0.19163184,0.62996876,0.7775026,-0.21746776,0.5473097,0.76508194,-0.21332917,0.4787904,0.74970835,-0.21061067,B
1.0000813,0.588451,6.601751e-09,0.9062214,0.4576187,0.053392377,0.7753076,0.4161626,0.048128076,0.67051244,0.46271992,0.038684364,0.60039175,0.5211814,0.024935983,0.75302804,0.3882846,-0.10160414,0.5833664,0.3768248,-0.1485892,0.48010302,0.3737315,-0.15776545,0.40211263,0.37536025,-0.16158496,0.75077826,0.48950613,-0.14405845,0.54897326,0.47399732,-0.20461734,0.42628142,0.46602052,-0.20890322,0.3313086,0.45990753,-0.20810668,0.7560795,0.59642094,-0.17215832,0.56484216,0.58453196,-0.22017224,0.44886354,0.5703551,-0.21559358,0.3600701,0.55533594,-0.2075041,0.76911575,0.703176,-0.1929348,0.6295239,0.6874982,-0.22274977,0.54288477,0.6748597,-0.22196624,0.46959734,0.65981054,-0.22096884,B
1.0022011,0.5534566,8.333879e-09,0.9067943,0.42235458,0.05401201,0.77845687,0.37327567,0.045365483,0.6711895,0.40890226,0.032034393,0.5962347,0.45672548,0.0144369835,0.75592554,0.34438378,-0.10791169,0.5786227,0.3294971,-0.1560369,0.47311053,0.32806212,-0.16551885,0.39325884,0.3314454,-0.17015837,0.75503093,0.4439111,-0.15306023,0.5466515,0.4243085,-0.21442004,0.42302832,0.42016664,-0.2195906,0.32789668,0.41622344,-0.22023487,0.76017857,0.5536157,-0.18319796,0.56612444,0.53465915,-0.2319359,0.45175654,0.5234564,-0.22778311,0.36565176,0.5106829,-0.22065403,0.77052146,0.6652035,-0.20554475,0.6283724,0.6418068,-0.23688461,0.5435682,0.6272958,-0.2362904,0.47150177,0.61130655,-0.23582467,B
0.992425,0.5250075,7.225368e-09,0.8960099,0.39346784,0.06666055,0.76594955,0.34432977,0.0646161,0.6593097,0.3794552,0.055625673,0.58405274,0.42288733,0.042369224,0.7443463,0.3161219,-0.09147722,0.5651123,0.30107594,-0.13390675,0.46020058,0.3017193,-0.13841118,0.3821493,0.30704862,-0.13962682,0.743288,0.4153943,-0.14126447,0.53219783,0.39356047,-0.19806303,0.4090585,0.3885011,-0.19841002,0.31562594,0.38283083,-0.195124,0.7470556,0.52439064,-0.17563377,0.54869574,0.5021822,-0.22106576,0.4334485,0.48833504,-0.21289085,0.34747067,0.47238788,-0.20259848,0.7563808,0.6362817,-0.20130172,0.6094307,0.6110763,-0.23115377,0.52300245,0.592808,-0.2284088,0.45033073,0.5723881,-0.2257158,B
0.9752176,0.5151486,7.483052e-09,0.8815167,0.37990877,0.065061,0.75354713,0.3271613,0.06207154,0.64882416,0.3591495,0.053425804,0.57584405,0.40343744,0.040619563,0.7331144,0.30131102,-0.09982822,0.5533253,0.28590247,-0.14335962,0.4481579,0.28568673,-0.14787419,0.3699651,0.29045433,-0.14869751,0.73273426,0.40046448,-0.1469871,0.5215166,0.3779649,-0.20499788,0.39886326,0.37250572,-0.2043204,0.30596232,0.3675429,-0.20006545,0.7361205,0.5088054,-0.17802715,0.5381069,0.48620158,-0.22320025,0.42385626,0.47222784,-0.21361849,0.33849335,0.45714736,-0.20235671,0.74419796,0.6187479,-0.20029373,0.599445,0.5908778,-0.22896576,0.5137896,0.57029366,-0.22544889,0.44140786,0.54907924,-0.22231779,B
0.9558114,0.51447994,8.467522e-09,0.8643379,0.376359,0.055108923,0.73874146,0.32294756,0.04816708,0.63406485,0.35367176,0.036226828,0.5596911,0.39651114,0.019806493,0.71876246,0.30069312,-0.103651926,0.5402915,0.2875067,-0.14874041,0.43746632,0.2838601,-0.15530932,0.36279896,0.28198662,-0.1579338,0.715034,0.40016222,-0.14845498,0.50482917,0.38103187,-0.20824657,0.38216448,0.3713702,-0.21256004,0.29001203,0.3597226,-0.21230336,0.71629727,0.5081558,-0.17824386,0.5195085,0.49009368,-0.22606423,0.40412143,0.47638342,-0.22310981,0.31815386,0.45939833,-0.21671169,0.723534,0.61664236,-0.20003961,0.5811097,0.5933664,-0.23104957,0.49521825,0.57635117,-0.23165719,0.4225655,0.55807704,-0.23194066,B
0.94246256,0.50239056,9.299146e-09,0.85490036,0.3658979,0.05458769,0.7300246,0.31626028,0.048327554,0.62749726,0.35218784,0.037184846,0.55526453,0.39923233,0.020924438,0.70640016,0.29607958,-0.10238542,0.5297876,0.28542,-0.14821757,0.42721128,0.28132552,-0.15693927,0.34969285,0.28052628,-0.16081777,0.70250165,0.39357004,-0.14598824,0.49552655,0.37574837,-0.20493232,0.37580863,0.36670834,-0.20972581,0.28441933,0.35751384,-0.21001996,0.7036709,0.49845624,-0.1749547,0.5087904,0.48084542,-0.22178449,0.39492074,0.46662173,-0.21979555,0.30939403,0.4507287,-0.21441412,0.71109253,0.6035421,-0.19616896,0.5740496,0.5800913,-0.22657223,0.48866898,0.56376123,-0.2281587,0.4143599,0.5464808,-0.229416,B
0.9310649,0.43906698,6.376323e-09,0.8358457,0.30998474,0.05815896,0.703835,0.258552,0.054772396,0.5977811,0.27257332,0.044698253,0.5216633,0.28840786,0.028920565,0.6844563,0.25476795,-0.09072454,0.5062412,0.2480187,-0.13469791,0.40417483,0.24299195,-0.14257501,0.32525972,0.24164766,-0.14639875,0.6855827,0.34227538,-0.13813043,0.48135203,0.32812446,-0.19420364,0.36116317,0.31780934,-0.19860038,0.26818192,0.30711198,-0.19946267,0.6913495,0.43960303,-0.17153697,0.49911898,0.42568487,-0.21825473,0.38192925,0.40869975,-0.2159003,0.29432908,0.3881903,-0.21075279,0.703275,0.53890336,-0.1971741,0.5633098,0.5236057,-0.22976284,0.47563946,0.506929,-0.23100613,0.40278772,0.48736653,-0.23176576,B
0.9259604,0.36518037,6.169942e-09,0.8339287,0.23684247,0.05317971,0.7134082,0.19303617,0.04715431,0.6155647,0.22832829,0.036974084,0.54794294,0.27424416,0.022395318,0.6855778,0.18338269,-0.103745,0.51159215,0.18052492,-0.14679964,0.41253406,0.17715563,-0.15103368,0.34071985,0.1733161,-0.15178594,0.683555,0.27632883,-0.14573227,0.4787615,0.26401645,-0.20261401,0.3600582,0.25598156,-0.20305793,0.27042928,0.24506637,-0.20003226,0.68813574,0.37691018,-0.17275384,0.4964488,0.36422378,-0.21839786,0.38362536,0.3503333,-0.21224648,0.2986652,0.33087522,-0.2036134,0.700086,0.4778793,-0.19219021,0.5590321,0.46296203,-0.22205302,0.4732105,0.4467245,-0.22108924,0.40102062,0.42692134,-0.21987993,B
0.9031218,0.76334876,9.662412e-09,0.78689694,0.61394054,0.09880873,0.6405069,0.56948644,0.127578,0.53018653,0.6279608,0.14560674,0.46739322,0.7101177,0.15940519,0.58560044,0.557237,-0.020831399,0.39592573,0.5566347,-0.033421602,0.28411227,0.5637719,-0.02077052,0.20374009,0.572989,-0.010159016,0.57905614,0.66645294,-0.07199351,0.35815436,0.66271377,-0.09381944,0.23367888,0.66899246,-0.07604251,0.13812748,0.67160153,-0.06062628,0.5843907,0.7810003,-0.10689706,0.37555924,0.77338696,-0.121421866,0.25572234,0.76863503,-0.09887939,0.16725907,0.76084733,-0.08029686,0.6036087,0.89435256,-0.13265958,0.44329396,0.8756972,-0.13897307,0.35132092,0.8628226,-0.12396368,0.27522048,0.8497315,-0.112039015,B
0.8934797,0.8111915,8.769596e-09,0.7864331,0.64302605,0.056347042,0.6395463,0.59289974,0.060417548,0.5236031,0.6401331,0.061410327,0.45290488,0.70757884,0.059534058,0.6096814,0.5958734,-0.08338023,0.4180128,0.6152248,-0.11062195,0.3119362,0.6326729,-0.10352353,0.23538911,0.6473783,-0.09590164,0.60817486,0.72059405,-0.11881396,0.38927603,0.74114126,-0.155155,0.2694004,0.751586,-0.14196973,0.18154651,0.7528806,-0.13013706,0.6141412,0.8422471,-0.1395336,0.40732306,0.8543887,-0.16671853,0.2904546,0.8531272,-0.1501723,0.20672849,0.84421265,-0.13564067,0.6294392,0.9494791,-0.15335824,0.4755002,0.9497397,-0.16674675,0.38747394,0.9449159,-0.15640867,0.3172946,0.93598354,-0.14901239,B
0.87208855,0.8404618,1.869444e-09,0.7891178,0.6866638,0.004568505,0.648785,0.62702894,-0.017568327,0.5230032,0.65288776,-0.03144716,0.4340639,0.69136244,-0.047563013,0.653519,0.6759889,-0.16683285,0.4672004,0.68858784,-0.21557702,0.3605336,0.69505244,-0.21883191,0.28194934,0.7026771,-0.2180762,0.65767443,0.79748034,-0.18098988,0.4456436,0.8167976,-0.24094142,0.3192828,0.81930846,-0.23909716,0.22708514,0.81343156,-0.23563254,0.66154116,0.9078431,-0.18081704,0.46587837,0.9255221,-0.22838354,0.34085023,0.92385346,-0.22215167,0.25151223,0.91073346,-0.21406294,0.66892767,0.99449444,-0.17605397,0.51439476,0.9989595,-0.20816694,0.41815975,0.99189615,-0.20877615,0.34389305,0.97625303,-0.20886041,B
0.87515616,0.84489894,3.1977345e-09,0.8052634,0.70276266,-0.019040473,0.66483957,0.65781033,-0.055047616,0.5469086,0.70147485,-0.078165546,0.4697512,0.74907076,-0.10542659,0.6783544,0.68790054,-0.21427464,0.50504905,0.70276886,-0.28408736,0.3974973,0.71300316,-0.3028903,0.3131187,0.72831595,-0.31211907,0.67933244,0.8074225,-0.22141895,0.47652447,0.83642656,-0.30237448,0.35089347,0.8383398,-0.3137075,0.256781,0.8320778,-0.31953734,0.6822381,0.9145818,-0.21478422,0.49292314,0.9474158,-0.2793111,0.36875263,0.9417989,-0.28379926,0.27608296,0.92637765,-0.28283226,0.6883424,0.9992953,-0.20470837,0.5440414,1.016749,-0.24902216,0.45118195,1.0136207,-0.25832352,0.37692434,1.0014446,-0.26522502,B
0.88922584,0.83191204,1.9408641e-10,0.81633735,0.70770097,-0.021812262,0.68468255,0.6730069,-0.06774841,0.5765767,0.7190589,-0.09910767,0.5045449,0.77218497,-0.134506,0.710989,0.68558174,-0.24383624,0.5413025,0.7128092,-0.3224957,0.4375463,0.7298298,-0.3463235,0.35754395,0.7463753,-0.3591775,0.7242911,0.8012783,-0.25202098,0.52459925,0.8481518,-0.34559125,0.39671624,0.8588337,-0.36308953,0.3026719,0.8587474,-0.372774,0.73428863,0.9069822,-0.24398492,0.5485116,0.95091814,-0.31683624,0.4225061,0.9509487,-0.3246646,0.32738215,0.93924415,-0.32594767,0.74225736,0.99098116,-0.23138186,0.6001977,1.0120277,-0.27976704,0.5113873,1.009056,-0.28998357,0.4420846,0.9969412,-0.298437,B
0.89478666,0.8375255,-7.948495e-10,0.8341378,0.7075732,-0.035401456,0.7095511,0.66242427,-0.08369932,0.6017636,0.7043027,-0.1142232,0.528659,0.7557135,-0.14705466,0.74100006,0.6883629,-0.24416538,0.58126116,0.69463515,-0.31853727,0.48083657,0.708937,-0.33992833,0.39972734,0.72397065,-0.35090682,0.7540404,0.80495214,-0.24243924,0.5655652,0.83367854,-0.32986555,0.44757062,0.8382694,-0.34249768,0.36162764,0.82924914,-0.34799725,0.76041615,0.90812135,-0.22600022,0.58161867,0.93946224,-0.29272917,0.4699582,0.93471867,-0.29342428,0.38911745,0.91700035,-0.28922993,0.7614096,0.9872356,-0.20667349,0.6233342,1.003598,-0.2489954,0.54670936,0.9909078,-0.25311226,0.4911806,0.9689845,-0.25617614,B
0.8866957,0.82431054,-3.0039193e-09,0.82281536,0.6818876,-0.025147801,0.7030181,0.6424295,-0.06996968,0.5957824,0.68295336,-0.10015333,0.5187633,0.7310754,-0.13234065,0.71507585,0.6598833,-0.22175835,0.55184686,0.6735684,-0.29173043,0.4528789,0.6865035,-0.31373623,0.37351763,0.69948643,-0.32528663,0.7241515,0.7773793,-0.22343136,0.5313802,0.8135869,-0.30731025,0.41454455,0.81862026,-0.3214513,0.32861382,0.812544,-0.32753885,0.72978145,0.88127154,-0.21034855,0.5514509,0.9180626,-0.27011985,0.4433425,0.90918183,-0.26757208,0.36675668,0.8901171,-0.26176476,0.7330461,0.9600058,-0.19459492,0.59159935,0.9720006,-0.22944564,0.5128788,0.9605173,-0.23012325,0.4554698,0.9427065,-0.23125297,B
0.87837136,0.8140285,8.7471974e-10,0.80973315,0.6721307,-0.0013405615,0.68153757,0.6236142,-0.027660284,0.5692981,0.65358293,-0.046513993,0.49139446,0.6880017,-0.06827952,0.6761607,0.6487252,-0.15864362,0.51031303,0.6605619,-0.2080865,0.4136821,0.6702452,-0.21686804,0.3377969,0.67958796,-0.22031401,0.6800989,0.75852406,-0.17132963,0.4886617,0.77643675,-0.23052172,0.37597597,0.7792976,-0.23296122,0.29357517,0.77594244,-0.2322581,0.686784,0.86201704,-0.17151524,0.5061544,0.87927574,-0.21901116,0.39385563,0.87544286,-0.2161776,0.31272638,0.86299497,-0.2105481,0.6981078,0.9487313,-0.16781886,0.56111085,0.9490783,-0.19766085,0.4812368,0.94125867,-0.19826388,0.42090422,0.92840683,-0.1989273,B
0.8634699,0.825327,6.4983263e-10,0.7856196,0.67985743,0.0064794673,0.6505069,0.63069797,-0.018332535,0.53601825,0.6639967,-0.036795616,0.46000427,0.7104564,-0.058088228,0.6497743,0.64809966,-0.16216019,0.47636113,0.66458124,-0.21325302,0.37585303,0.67802864,-0.22035353,0.29896596,0.6893247,-0.22207569,0.65653795,0.76168764,-0.17956153,0.45574984,0.787675,-0.24200526,0.33984342,0.794933,-0.24159351,0.25618964,0.7935037,-0.23778662,0.66464883,0.87079144,-0.1833871,0.47348383,0.89350027,-0.2330673,0.35688198,0.8906941,-0.22702679,0.2732839,0.87794614,-0.218334,0.6763232,0.96386874,-0.18248753,0.529457,0.96533024,-0.21249565,0.4440319,0.9587479,-0.21091275,0.37931198,0.9467199,-0.2098495,B
0.8711238,0.8109216,5.3906284e-09,0.7743553,0.6667043,0.052803956,0.6367642,0.62811875,0.058287654,0.5274213,0.6696899,0.06175243,0.4591002,0.72617775,0.06317405,0.6003374,0.6300017,-0.08047989,0.4163601,0.6427862,-0.107487865,0.31337172,0.65849215,-0.101065405,0.23831487,0.67197204,-0.09326792,0.60307443,0.7470438,-0.10992592,0.39233014,0.7601594,-0.14917237,0.27466398,0.76649755,-0.13683043,0.18961588,0.7633755,-0.12314996,0.61173123,0.85887575,-0.12502412,0.41514897,0.8740823,-0.15301576,0.30309182,0.87717843,-0.13447909,0.22388297,0.87126976,-0.11613561,0.6297765,0.9542073,-0.13366795,0.4799483,0.94300854,-0.14638941,0.39448893,0.9324211,-0.13502115,0.32733685,0.92051435,-0.12510383,B
0.86100763,0.79798424,7.22838e-09,0.75369203,0.6533488,0.07947937,0.6182455,0.6151578,0.10062484,0.5142502,0.6668579,0.114926115,0.45415434,0.73691154,0.12656832,0.5627422,0.608101,-0.03741158,0.3834245,0.6217763,-0.053223304,0.2801206,0.6370948,-0.042616036,0.2039676,0.6524332,-0.03233001,0.55940294,0.7207625,-0.07607313,0.35335755,0.725694,-0.101950824,0.23743573,0.7322671,-0.085005246,0.14915568,0.7324369,-0.068599135,0.56679094,0.8324657,-0.09956769,0.37217766,0.8360465,-0.11548333,0.2628811,0.8371381,-0.09149649,0.18353444,0.83272034,-0.0705548,0.5867957,0.93415505,-0.11545657,0.43978035,0.91832113,-0.11833265,0.35969442,0.90549505,-0.100969166,0.29614034,0.89246875,-0.08698072,B
0.835193,0.78831613,8.175884e-09,0.7231674,0.6465419,0.103803016,0.58643425,0.611379,0.13850845,0.48461407,0.6662431,0.16137034,0.42799973,0.7408149,0.18016909,0.5262158,0.59764284,-0.0017465929,0.34821534,0.6109042,-0.007945622,0.24539402,0.62504804,0.006839032,0.17116678,0.63734984,0.018966928,0.5227457,0.7043816,-0.052037105,0.31688827,0.7189496,-0.06979151,0.20429823,0.7307692,-0.05107967,0.11823681,0.7334567,-0.033599723,0.53079265,0.81246525,-0.08654769,0.3384233,0.82528657,-0.09792591,0.22872937,0.8291788,-0.074403115,0.14743593,0.8258595,-0.05390925,0.5526978,0.9158438,-0.11160048,0.40456563,0.91226923,-0.11396105,0.32217175,0.90714717,-0.097392574,0.2545945,0.89878505,-0.08360463,B
0.8127545,0.7732364,9.284391e-09,0.6986838,0.63470054,0.103134595,0.55927914,0.60523325,0.14116603,0.4590487,0.66773766,0.16719316,0.40431318,0.7501065,0.18970156,0.4943833,0.5931098,0.011544266,0.31700903,0.60468125,0.009960421,0.21410033,0.61673456,0.026207676,0.14010805,0.62972146,0.039195072,0.49246454,0.6979297,-0.036416966,0.28906292,0.70814115,-0.046276785,0.17685387,0.7176843,-0.025548562,0.09153235,0.72115827,-0.007902376,0.5017134,0.803893,-0.069702305,0.31122342,0.8136037,-0.073853865,0.20533228,0.81515026,-0.04902687,0.12725246,0.8101992,-0.029071314,0.52456355,0.90596455,-0.09441764,0.38105917,0.90434587,-0.09168035,0.30126244,0.89694154,-0.0739749,0.23641834,0.88580716,-0.060113255,B
0.79977274,0.73018616,7.4309607e-09,0.68941194,0.5989106,0.07636028,0.5460741,0.57714087,0.0982713,0.44324204,0.6421601,0.112820596,0.38490152,0.721006,0.12498681,0.495709,0.5505661,-0.022805564,0.3274814,0.5542845,-0.03682264,0.22569251,0.5606319,-0.028452445,0.15098792,0.57560617,-0.019430565,0.49426353,0.6513601,-0.060289837,0.29909116,0.65451026,-0.07933437,0.18598306,0.65823454,-0.06376706,0.09827554,0.66258174,-0.049929556,0.5019969,0.75508463,-0.08471108,0.31521714,0.75680035,-0.094217256,0.20867473,0.7503258,-0.07167819,0.13153037,0.74405074,-0.053589184,0.5204654,0.8533559,-0.1028261,0.3796128,0.8454119,-0.10025119,0.30084205,0.83603656,-0.08251439,0.23939043,0.82821083,-0.06978398,B
0.78991294,0.67620194,6.1680008e-09,0.6842903,0.54945207,0.075731486,0.54400104,0.5273534,0.09395094,0.4428803,0.59569514,0.1035233,0.384534,0.67306334,0.11025345,0.49286833,0.497406,-0.026260305,0.3266615,0.50220263,-0.044366945,0.22605208,0.5073085,-0.038830694,0.152432,0.5172304,-0.032191332,0.4923592,0.59036374,-0.067963235,0.2942953,0.59745157,-0.0931795,0.18136328,0.60305244,-0.08125444,0.09423414,0.60580456,-0.06949898,0.5008315,0.68893516,-0.096891075,0.3139127,0.69286156,-0.11271407,0.20818657,0.6863842,-0.09275248,0.13081506,0.6792116,-0.07548889,0.5196906,0.784414,-0.11946634,0.37852696,0.7725795,-0.122241445,0.3026693,0.7551888,-0.10651546,0.24312198,0.7418294,-0.09467522,B
0.7906601,0.6295951,7.3794117e-09,0.68198806,0.5111132,0.08496755,0.5394049,0.49660262,0.106737,0.4396255,0.567624,0.11851386,0.3815133,0.64702433,0.12659256,0.4876173,0.47092494,-0.022189932,0.31994212,0.47858316,-0.039676953,0.21878734,0.48749822,-0.033213213,0.14606681,0.49911115,-0.026431028,0.48933014,0.5594559,-0.06895084,0.29163086,0.5686878,-0.09414404,0.17801282,0.57732284,-0.08214286,0.09006065,0.58229995,-0.07072669,0.50085145,0.65456885,-0.10223567,0.31161913,0.6643987,-0.119348094,0.2031936,0.66145194,-0.1006926,0.12461507,0.6561555,-0.084479794,0.52383524,0.7476367,-0.12799223,0.3792993,0.7478675,-0.135188,0.29624212,0.7403724,-0.12201747,0.2301265,0.73301077,-0.1114549,B
0.7899537,0.56812984,7.514528e-09,0.67918634,0.45380825,0.086758964,0.5437384,0.43431598,0.11076641,0.44680458,0.4945684,0.12278605,0.39283,0.5648483,0.13083555,0.49797282,0.41127932,-0.009075313,0.33477938,0.4139753,-0.024327591,0.23988172,0.42126608,-0.017255913,0.17001644,0.43278688,-0.010407363,0.49768344,0.49685273,-0.05921751,0.30677992,0.5012902,-0.080616884,0.20037407,0.50846994,-0.068250075,0.11925769,0.51202977,-0.057501484,0.50674367,0.58810836,-0.09719028,0.32261366,0.5925493,-0.11414039,0.21863511,0.5903054,-0.097501494,0.14188644,0.58314526,-0.08326917,0.5261059,0.6801341,-0.12782574,0.38917816,0.68173206,-0.13611928,0.30914974,0.67615634,-0.1246284,0.24324515,0.6678767,-0.1157422,B
0.7807072,0.5492376,8.24269e-09,0.67629135,0.4354583,0.08976908,0.54436773,0.41271174,0.11296627,0.44786942,0.46766546,0.1232323,0.38615775,0.5346638,0.12883687,0.49446747,0.39091402,-0.008074072,0.3267961,0.40034255,-0.022039764,0.23199585,0.41127154,-0.01430459,0.1628505,0.42294478,-0.007977262,0.49511746,0.47357568,-0.061399,0.30151135,0.4865891,-0.08370745,0.19542927,0.49718037,-0.072633184,0.11543998,0.50143087,-0.062633105,0.5050875,0.56377953,-0.10211418,0.32124102,0.5758661,-0.1205886,0.21749863,0.57702965,-0.10605886,0.14180982,0.57200164,-0.0931556,0.5256719,0.6564947,-0.13480914,0.39085987,0.6622513,-0.14594032,0.3129352,0.65814704,-0.13638306,0.24928348,0.6496908,-0.12854265,B
0.78721917,0.5194684,7.916237e-09,0.6848296,0.3993014,0.06960188,0.55204374,0.37830216,0.08203124,0.45584667,0.44157174,0.08637508,0.4004655,0.51468146,0.0876462,0.5074203,0.35452268,-0.037997384,0.3412845,0.35847282,-0.061454087,0.24310255,0.3637426,-0.060238965,0.17109638,0.37294453,-0.05710696,0.5081691,0.44351733,-0.079362825,0.31639796,0.44850177,-0.110142365,0.20556831,0.45187962,-0.10342287,0.121536344,0.4517948,-0.096007176,0.51734567,0.5382226,-0.10810077,0.33727092,0.54562247,-0.1294613,0.23291767,0.540638,-0.115499265,0.15748748,0.53279793,-0.1028123,0.53636926,0.6300528,-0.13057625,0.40348348,0.62728405,-0.13818872,0.32914555,0.6138268,-0.12677377,0.27123505,0.60028994,-0.11861506,B
0.7686009,0.4890666,7.345379e-09,0.6674368,0.37155268,0.069563165,0.53829074,0.34654358,0.08033822,0.4430293,0.4093681,0.081956185,0.38624376,0.48205712,0.080021605,0.491679,0.3209062,-0.036094997,0.32538742,0.32171935,-0.060178634,0.22869676,0.32567692,-0.060074322,0.15795308,0.33144993,-0.05855724,0.49182782,0.40785497,-0.08099046,0.29826695,0.41375795,-0.113066986,0.18811107,0.41585773,-0.10953727,0.104554296,0.41213176,-0.105005376,0.49981934,0.5013021,-0.11368763,0.31785357,0.5120545,-0.13725635,0.2120977,0.50448376,-0.1274352,0.13510442,0.49221286,-0.11815896,0.5166972,0.59469324,-0.14001964,0.38054067,0.59995353,-0.15132509,0.30453533,0.5917092,-0.1435698,0.24297865,0.58044606,-0.13832861,B
0.75280094,0.4462667,5.708884e-09,0.6523553,0.3290397,0.067933425,0.52258104,0.3090189,0.07944306,0.43080992,0.3763315,0.08281131,0.3777917,0.45512524,0.08255166,0.46782365,0.27697963,-0.039408054,0.30596983,0.2800784,-0.065280564,0.2066231,0.2818793,-0.06864972,0.13192204,0.28729272,-0.06902341,0.46539643,0.36479828,-0.08067454,0.27655798,0.37339652,-0.11335328,0.16437054,0.37263608,-0.112124085,0.07820207,0.36706227,-0.10955155,0.47300065,0.45946413,-0.109545805,0.29720432,0.47573245,-0.13158576,0.1886253,0.46757257,-0.12382591,0.10934207,0.45302427,-0.116815105,0.49155435,0.55291814,-0.13238344,0.36152557,0.5698058,-0.14064044,0.2823041,0.56814,-0.13401157,0.21795031,0.5605425,-0.13052365,B
0.7433913,0.38590598,5.0907114e-09,0.633918,0.2710731,0.09922572,0.5041979,0.25312006,0.12320283,0.4108496,0.30907914,0.1319529,0.35279033,0.37323153,0.13475777,0.45264506,0.22348964,-0.010020422,0.28556153,0.22493425,-0.030748565,0.18501616,0.22541638,-0.031162923,0.11091888,0.22733296,-0.031092715,0.4543075,0.30479422,-0.070511915,0.25752154,0.3151852,-0.10245106,0.14244753,0.31651235,-0.10135139,0.05740136,0.30853134,-0.09919495,0.46601212,0.3955059,-0.116928674,0.28186765,0.41302615,-0.1417545,0.17340389,0.40619382,-0.13435142,0.096791565,0.3859076,-0.12752178,0.4881615,0.4871772,-0.15445934,0.35172474,0.5061283,-0.17082913,0.2667416,0.5019103,-0.16693178,0.19774553,0.48531953,-0.16449453,B
0.74382424,0.33144593,7.696517e-09,0.6218332,0.22369495,0.12600969,0.49754694,0.21065103,0.16565438,0.40874144,0.2636279,0.18501464,0.35358402,0.32335493,0.19827902,0.44188902,0.1868873,0.031847578,0.2742235,0.19598503,0.025281474,0.1779989,0.20570451,0.03516502,0.10810456,0.21413523,0.041893635,0.4458549,0.26293328,-0.03946222,0.24715747,0.28425077,-0.058940057,0.13792297,0.2956171,-0.048978515,0.057552844,0.29370955,-0.040134706,0.46100238,0.35046393,-0.09611338,0.2742483,0.3757872,-0.11253453,0.16739884,0.37487888,-0.098225035,0.09113476,0.35712552,-0.08631258,0.4867932,0.44148946,-0.14200899,0.34544277,0.45854098,-0.15460517,0.26267555,0.45175686,-0.14626335,0.19571084,0.43238762,-0.13949473,B
0.7656112,0.29277134,6.225354e-09,0.6484423,0.1754877,0.114327565,0.5211192,0.15763272,0.14903456,0.42962924,0.21775189,0.16584337,0.37364757,0.28372145,0.1768826,0.4715535,0.1302967,0.022326633,0.30005285,0.13485368,0.012699942,0.20116499,0.14020596,0.019809885,0.12748265,0.14471444,0.025127044,0.47105712,0.2129718,-0.042171836,0.269604,0.22437188,-0.06260166,0.15756088,0.2283937,-0.055428848,0.072589666,0.22135158,-0.04855656,0.47824562,0.30354717,-0.09265043,0.28730983,0.31353748,-0.10794743,0.17729014,0.30414057,-0.09492411,0.09864876,0.28204966,-0.084153734,0.49403343,0.39700228,-0.13365573,0.34714696,0.39364508,-0.14483051,0.261065,0.37632433,-0.13707893,0.19105887,0.3505749,-0.131029,B
0.85832155,0.40004337,4.7339768e-09,0.7684138,0.27326292,0.07190402,0.63695544,0.23762104,0.08564049,0.5383905,0.2898169,0.09193498,0.476794,0.35077727,0.09364793,0.5845976,0.22287822,-0.04390782,0.40772375,0.19762775,-0.068261996,0.30343464,0.18231545,-0.06781793,0.22591388,0.1753458,-0.064521834,0.5770844,0.30397967,-0.08219106,0.37183797,0.28591895,-0.11725701,0.2541858,0.26530057,-0.11367266,0.16910449,0.24286233,-0.10700009,0.5765529,0.38273826,-0.106067196,0.3831367,0.3640554,-0.12921967,0.27214363,0.33038956,-0.117839344,0.19553071,0.29619107,-0.10588809,0.58405566,0.45076898,-0.12288261,0.4369074,0.42332587,-0.1324778,0.3512475,0.38565826,-0.12507834,0.2850866,0.34646815,-0.11924694,B
0.9407864,0.42602423,1.1539162e-08,0.8411062,0.29826322,0.06708221,0.71778727,0.2595138,0.07356975,0.6226349,0.30139568,0.071382955,0.56494915,0.355034,0.064407595,0.6827826,0.23351966,-0.0537594,0.5201284,0.21191129,-0.08666389,0.4220472,0.19785571,-0.09222193,0.34946692,0.18977673,-0.09456001,0.67895234,0.31792504,-0.100329466,0.49104956,0.29717112,-0.14415729,0.3796431,0.28123298,-0.14726105,0.29258806,0.26380473,-0.14712237,0.68299687,0.41442978,-0.13369699,0.50852025,0.39777875,-0.16889025,0.4016728,0.3759226,-0.16497697,0.3221856,0.3526585,-0.15898393,0.69579536,0.5152762,-0.16004673,0.56463253,0.49784762,-0.18190706,0.4878091,0.47855848,-0.17959775,0.42621624,0.45849615,-0.17785825,B
0.9457579,0.49882907,7.21857e-09,0.86219716,0.36607403,0.045859758,0.7412578,0.3195601,0.039918974,0.64100635,0.3481272,0.028617695,0.57302827,0.38715056,0.01324172,0.72380024,0.28994003,-0.08262526,0.56874096,0.263932,-0.1222902,0.4741,0.24922511,-0.13163935,0.40324667,0.23903883,-0.1375775,0.72251534,0.37733674,-0.1241449,0.5370275,0.35958964,-0.17513433,0.42488307,0.3432603,-0.18300219,0.33943358,0.32577926,-0.18779975,0.7270459,0.47639748,-0.15372165,0.55736953,0.46585757,-0.19658457,0.45122576,0.443203,-0.19848445,0.3699787,0.41871125,-0.19740324,0.73813623,0.5767268,-0.17721678,0.6117653,0.566514,-0.20520532,0.5401741,0.5508135,-0.207142,0.482413,0.533855,-0.20960344,B
0.9079253,0.69613814,8.993862e-09,0.8370293,0.55868316,0.045076832,0.71496123,0.5049877,0.04574523,0.6139724,0.5479856,0.044055015,0.55074054,0.6129027,0.03915659,0.6881966,0.48656422,-0.07977138,0.52542436,0.46842912,-0.112311706,0.4310507,0.4585077,-0.11371154,0.36032832,0.4512095,-0.1122307,0.67810386,0.58527374,-0.11157816,0.4895646,0.5630107,-0.15267837,0.38201705,0.5465526,-0.14770131,0.30019686,0.5293164,-0.14133848,0.6749257,0.6866181,-0.13139117,0.496591,0.6655623,-0.16262627,0.39345863,0.6436555,-0.15244016,0.3167245,0.6204854,-0.14174302,0.6797007,0.7828354,-0.14562632,0.55071306,0.7510383,-0.16230118,0.47671384,0.727362,-0.15631154,0.41656944,0.7047989,-0.15201896,B
0.8955692,0.7922107,8.296986e-09,0.82607126,0.6282155,0.05045679,0.70571613,0.55527884,0.055148356,0.5991099,0.5771522,0.056445092,0.52683306,0.6249875,0.05393501,0.6704873,0.55227745,-0.07035847,0.5007849,0.54257643,-0.09574464,0.40296167,0.54060674,-0.09305055,0.3282718,0.54128844,-0.08955613,0.6563996,0.65396553,-0.103091456,0.46390563,0.64142215,-0.13530868,0.35283244,0.6363731,-0.1282352,0.26915064,0.63067466,-0.12203886,0.6495207,0.75882745,-0.1229817,0.47055757,0.7401217,-0.14905542,0.36427683,0.72828376,-0.13987088,0.28647974,0.71556216,-0.13130367,0.652255,0.8585967,-0.13652909,0.5242482,0.83527315,-0.15245707,0.44817215,0.8190372,-0.14695711,0.3858506,0.8023802,-0.14304914,B
0.8244373,0.8660222,-5.924414e-10,0.7664378,0.70841765,0.009937831,0.6407985,0.6451898,-0.009892607,0.526214,0.65790755,-0.022813305,0.44383547,0.6876625,-0.037984706,0.6344733,0.6606896,-0.15350483,0.46863884,0.6386871,-0.20215535,0.37097657,0.630628,-0.20852493,0.29529467,0.62866014,-0.20876138,0.62624294,0.7779825,-0.16684696,0.43096226,0.7722146,-0.22709827,0.31860906,0.7577375,-0.22476543,0.23770052,0.7405648,-0.21861231,0.62011945,0.8852096,-0.16637607,0.43567526,0.88001597,-0.21103607,0.32960907,0.85428953,-0.1984445,0.25578734,0.8259596,-0.18442756,0.6190994,0.970227,-0.16151632,0.4765005,0.9459535,-0.1867765,0.39653462,0.91706425,-0.18101865,0.33738685,0.88644135,-0.17579165,B
0.7654105,0.8684726,2.177964e-09,0.70602024,0.71270525,0.025908634,0.58847463,0.6512671,0.021366395,0.48323354,0.6672322,0.019546185,0.4107321,0.7042463,0.015495305,0.5603494,0.67192805,-0.10178871,0.39939216,0.6557593,-0.13298756,0.30778703,0.6514193,-0.1316024,0.23857555,0.65135705,-0.12756258,0.54846895,0.7825244,-0.11888506,0.36595213,0.7633195,-0.15796547,0.2612068,0.747985,-0.14999068,0.18509945,0.7306371,-0.14139216,0.5432058,0.8841454,-0.12382736,0.37423062,0.863178,-0.15200692,0.27680683,0.8383641,-0.13800603,0.20894694,0.81079817,-0.12470595,0.547789,0.9675102,-0.12444209,0.42060935,0.9353889,-0.13899988,0.3515175,0.9072837,-0.13081023,0.30078357,0.87821615,-0.12409843,B
0.7390541,0.8654442,3.5317458e-09,0.6606585,0.7076696,0.05528793,0.53479147,0.64968836,0.0689825,0.42852038,0.67520165,0.08046434,0.36364955,0.7294135,0.090352684,0.48752993,0.6578399,-0.057396002,0.32019615,0.6533589,-0.071642816,0.22497973,0.6541047,-0.058997426,0.15751451,0.65368414,-0.04699224,0.47621924,0.7681452,-0.08230039,0.28745657,0.7616175,-0.10355296,0.18299499,0.7546024,-0.08316771,0.10846338,0.7398152,-0.06509829,0.47501114,0.8739445,-0.09357507,0.30080026,0.866257,-0.104591876,0.20668453,0.851706,-0.077716045,0.14255908,0.8299537,-0.055774186,0.48693943,0.96338224,-0.09928785,0.35348284,0.9432814,-0.09873281,0.28441748,0.92189705,-0.07939425,0.23536086,0.89818305,-0.06413552,B
0.75704277,0.86119866,4.3286317e-09,0.65837085,0.7201721,0.07860046,0.52322257,0.6753411,0.10240784,0.41406667,0.70628875,0.11686215,0.34229815,0.75633436,0.12867783,0.46623456,0.66421497,-0.013576483,0.29478028,0.67446554,-0.022459539,0.19852558,0.68073475,-0.0088448115,0.13252333,0.6841483,0.0028965464,0.46139514,0.7690164,-0.05541547,0.26301742,0.78211963,-0.07269106,0.15753499,0.7828353,-0.05433472,0.08091873,0.77333486,-0.037899006,0.4669425,0.8724812,-0.08507426,0.27896404,0.8825743,-0.09562747,0.17855468,0.8787419,-0.071939655,0.10790068,0.86450267,-0.05232908,0.48647705,0.96530306,-0.10801095,0.33964145,0.95873874,-0.11145925,0.2556079,0.94935,-0.09610435,0.18923074,0.9338837,-0.083455876,B
0.7573271,0.8498319,4.283703e-09,0.6480155,0.7172599,0.09659571,0.50708306,0.6807381,0.13231102,0.40114164,0.7125249,0.15546235,0.33317137,0.7649311,0.17600866,0.43204364,0.66717625,0.018942228,0.26236132,0.69134307,0.020719718,0.16542485,0.70527774,0.03969984,0.09987566,0.71399343,0.0548748,0.4312075,0.7721659,-0.027978487,0.23627475,0.8004339,-0.03486226,0.13235524,0.81004983,-0.011648801,0.056211352,0.80761945,0.0086106835,0.44292223,0.87564176,-0.06237375,0.26028752,0.8992647,-0.06415357,0.16373944,0.9051692,-0.03569503,0.093743384,0.8986077,-0.012746214,0.46946323,0.96791553,-0.08917836,0.3252892,0.9762056,-0.08560342,0.24149719,0.97630095,-0.06653364,0.17295554,0.968729,-0.050810568,B
0.75823355,0.83904314,5.9657648e-09,0.6427274,0.71415865,0.1133962,0.49785218,0.6865481,0.16043074,0.39118636,0.72536415,0.19192083,0.32420194,0.78516227,0.22078016,0.41762593,0.66641206,0.05066537,0.24816182,0.6954415,0.06181524,0.15086842,0.7153179,0.08490122,0.085462004,0.72998536,0.10233046,0.415825,0.7657285,-0.0014901882,0.21812731,0.8014572,0.0012414819,0.11193785,0.81739354,0.027024634,0.031831264,0.8215784,0.04854802,0.42715028,0.86977893,-0.040904727,0.24185601,0.89463955,-0.034762148,0.1400623,0.9049254,-0.004152345,0.06431571,0.90439725,0.019529069,0.4554784,0.96943915,-0.0719411,0.30877757,0.9774234,-0.06258519,0.2237906,0.97946405,-0.04053263,0.15264538,0.9761463,-0.02296677,B
0.7281256,0.803579,7.79055e-09,0.6157859,0.675891,0.09912205,0.47421438,0.6600832,0.13647293,0.37839192,0.72416204,0.16180362,0.32736495,0.80591124,0.18413188,0.40841684,0.63041466,0.019264515,0.24942102,0.64596796,0.018128313,0.15130275,0.6619723,0.031552795,0.08163935,0.68173647,0.04353246,0.40399897,0.7291731,-0.025702186,0.21780674,0.74806553,-0.031540584,0.11358765,0.76417387,-0.0117581645,0.034829766,0.7778737,0.0047868737,0.41141716,0.8307957,-0.05745578,0.23673902,0.8427163,-0.055546056,0.13833919,0.84968716,-0.029509863,0.06532687,0.85416573,-0.010003958,0.43239102,0.9298707,-0.08185643,0.30290356,0.929093,-0.07200339,0.22439368,0.9269729,-0.052318964,0.15921736,0.9244188,-0.03828513,B
0.70013577,0.755355,9.107172e-09,0.587577,0.62944126,0.10423902,0.45207122,0.6171245,0.14379661,0.3632332,0.6865605,0.1710449,0.31930536,0.77523404,0.1952455,0.39400616,0.6001797,0.024298482,0.23785695,0.6146654,0.026605863,0.14352793,0.6276622,0.04272539,0.07768345,0.64333034,0.05624081,0.38812184,0.6974857,-0.021596711,0.20838515,0.7111242,-0.022622896,0.10847071,0.7255259,0.00029014162,0.031495452,0.7364485,0.018223086,0.39351356,0.7970699,-0.053760566,0.22350016,0.8030004,-0.045820057,0.12726834,0.80671567,-0.01654157,0.056118637,0.806483,0.0035611547,0.41179192,0.8959781,-0.078492194,0.2836464,0.8961682,-0.06443359,0.20751701,0.89556754,-0.042815164,0.1456807,0.89258075,-0.028096396,B
0.6889485,0.70556337,4.82302e-09,0.58676964,0.5960456,0.07567636,0.45363072,0.5825015,0.09362828,0.36279118,0.64990664,0.10227085,0.30652845,0.73112655,0.107828945,0.39291468,0.54719275,-0.019211343,0.23696348,0.56180567,-0.034316927,0.14253807,0.5732312,-0.028858524,0.07554561,0.5831044,-0.022586815,0.39343277,0.6338158,-0.060380347,0.21021912,0.65819395,-0.08183296,0.10798916,0.6743908,-0.069870345,0.030682951,0.68361783,-0.058225557,0.40549317,0.72891533,-0.08927962,0.23547651,0.74566734,-0.10073263,0.13694316,0.7511738,-0.08109793,0.06318855,0.7514514,-0.0651115,0.42978856,0.82317066,-0.11203535,0.30092221,0.82606,-0.11198613,0.22644475,0.8190316,-0.096739575,0.16518715,0.8113813,-0.085793324,B
0.6955184,0.65272313,7.680171e-09,0.588024,0.5361038,0.08749573,0.45226467,0.51738393,0.11255407,0.35872898,0.5858317,0.1260402,0.30857226,0.66706645,0.135657,0.39466998,0.4961712,-0.0067624776,0.23048927,0.5073611,-0.020368652,0.13340223,0.5187832,-0.012766402,0.06278029,0.53153664,-0.005203268,0.3930254,0.5887632,-0.05473094,0.2023871,0.60014546,-0.07444061,0.098147124,0.6131624,-0.060353667,0.017081916,0.6209936,-0.047257625,0.40233397,0.685297,-0.090215944,0.22122991,0.6910798,-0.10327084,0.119148195,0.693322,-0.08344984,0.042300045,0.69166094,-0.066739105,0.42396256,0.77965164,-0.118645705,0.28555396,0.77289736,-0.122377135,0.20629787,0.76462346,-0.108229496,0.14073962,0.756582,-0.097311,B
0.70115745,0.64973134,9.5761665e-09,0.59044,0.5347516,0.09354671,0.46137005,0.51307964,0.11991505,0.3695545,0.5751542,0.13399638,0.3155297,0.65274847,0.14509493,0.40701166,0.49170896,-0.0005622861,0.23704271,0.49918562,-0.009380859,0.14099562,0.5106294,0.0020190403,0.07201594,0.5220653,0.0117190825,0.4062963,0.5835433,-0.049832735,0.20974869,0.59990215,-0.066906236,0.10294023,0.6151522,-0.050579723,0.021520883,0.6230024,-0.03584809,0.41499823,0.68043256,-0.08553111,0.23124468,0.69183564,-0.093748145,0.12919965,0.6952685,-0.07016079,0.053757727,0.6932829,-0.05145182,0.4340157,0.77470577,-0.113752715,0.29466295,0.76938057,-0.11224719,0.21850187,0.7578685,-0.094585665,0.15668546,0.74712837,-0.08148151,B
0.7118306,0.6567026,7.820902e-09,0.6013823,0.5404336,0.08915104,0.46726826,0.52079713,0.11405667,0.3734122,0.58636266,0.1278609,0.31675828,0.6644096,0.13802816,0.41315404,0.5036308,-0.010236037,0.24362962,0.5115541,-0.021791192,0.14672485,0.5210041,-0.011884037,0.07607639,0.52741635,-0.0031803753,0.41548416,0.5990687,-0.057729166,0.21786249,0.6175305,-0.07925815,0.111682534,0.6308986,-0.06467682,0.03099224,0.6342959,-0.05058929,0.42699495,0.6965056,-0.091613054,0.24310073,0.7079244,-0.10523599,0.13956732,0.70667076,-0.08469991,0.06348711,0.69913507,-0.0667937,0.44868118,0.78891355,-0.11780883,0.30911267,0.7808435,-0.12143503,0.23202576,0.7682081,-0.10685404,0.16898645,0.75460136,-0.09520651,B
0.76329905,0.58080804,6.2794023e-09,0.64302856,0.58433515,0.0639803,0.5517663,0.5516819,0.07933321,0.47388297,0.5646621,0.07383587,0.41245788,0.58626187,0.066306196,0.59120834,0.36120826,0.08415791,0.5080223,0.2842434,0.081330344,0.43478826,0.27002066,0.076352306,0.37581766,0.29017264,0.07129997,0.60500526,0.3527775,0.028159399,0.49650759,0.24766439,0.018459857,0.41997764,0.2510262,0.006871799,0.36838028,0.28719455,0.0005145368,0.61566347,0.36126405,-0.028407296,0.512324,0.25551662,-0.03802279,0.4323672,0.25693017,-0.045145035,0.37586302,0.286214,-0.049500223,0.60844386,0.40374905,-0.084040426,0.5235961,0.33455354,-0.094337575,0.4520014,0.32177165,-0.10010067,0.3974632,0.32308754,-0.1051454,C
0.7623862,0.56661004,5.1412705e-09,0.64234567,0.5713845,0.059022263,0.54624444,0.53964806,0.07031618,0.46466675,0.555674,0.06201674,0.40427428,0.5781083,0.05169446,0.583548,0.3406022,0.067315914,0.49473158,0.2607761,0.057171423,0.41784924,0.25243318,0.049353153,0.35692018,0.280924,0.043165036,0.5970163,0.33456245,0.011956528,0.4786082,0.22688505,-0.0071582384,0.40024942,0.23829857,-0.021787586,0.34908372,0.28300494,-0.028997812,0.6083275,0.34683105,-0.043657817,0.49760097,0.23973449,-0.06218338,0.41621542,0.24532363,-0.07300423,0.35991168,0.27944708,-0.07824532,0.6031034,0.39445516,-0.09818685,0.5143387,0.32587454,-0.11525217,0.44179878,0.31223232,-0.12464414,0.38631797,0.31329617,-0.13143854,C
0.7249872,0.5849676,4.731012e-09,0.6075588,0.5923134,0.057996422,0.50840414,0.56076205,0.06821678,0.42683494,0.5766576,0.059574388,0.36669308,0.6025508,0.04895245,0.54066724,0.35351598,0.058673266,0.45346582,0.27296114,0.044402935,0.37833828,0.2703526,0.033902034,0.32010388,0.30803895,0.026463626,0.5558458,0.34476626,0.004258988,0.4399783,0.2336069,-0.020179406,0.36395845,0.25269896,-0.038393263,0.31515783,0.3092019,-0.047437217,0.5688262,0.35699964,-0.049827937,0.45905384,0.25238883,-0.07244823,0.3781909,0.2629068,-0.08688189,0.32262087,0.30408117,-0.093858786,0.56593627,0.40616176,-0.10237417,0.4749718,0.34117052,-0.1218868,0.40120518,0.32938066,-0.1338601,0.3457331,0.33467773,-0.14235047,C
0.67858535,0.59503055,5.9481144e-09,0.5663575,0.600374,0.058909345,0.46695578,0.5662634,0.07129098,0.3844156,0.5768772,0.06638849,0.31992695,0.59796095,0.059989646,0.50443304,0.35601395,0.05662953,0.41174936,0.27243435,0.047513463,0.33619216,0.27440763,0.042656057,0.27776188,0.31307882,0.03930437,0.5177099,0.34715933,0.0076206666,0.39800698,0.23471318,-0.010864795,0.31863388,0.25777355,-0.02162035,0.26655978,0.31257707,-0.025791418,0.525586,0.36102557,-0.040017817,0.40926892,0.25374854,-0.057828728,0.32878375,0.2680089,-0.06558731,0.27432477,0.30960673,-0.067943595,0.5170206,0.41028348,-0.085583925,0.42171538,0.3411264,-0.1008542,0.35237545,0.3308256,-0.10792288,0.30070126,0.33902365,-0.11257093,C
0.6585207,0.6125165,5.2107447e-09,0.549494,0.6147741,0.060323846,0.44801074,0.57787824,0.0750172,0.36204556,0.58840346,0.07287196,0.3073904,0.6091541,0.06945192,0.49277633,0.3550958,0.05746317,0.3890978,0.2717018,0.05244984,0.30383188,0.27888608,0.050693557,0.24092512,0.32770836,0.049255155,0.50005496,0.35413104,0.009217813,0.3622802,0.24194242,-0.0073389607,0.28146198,0.27697992,-0.01610735,0.2389731,0.34767953,-0.017989466,0.50218034,0.3763836,-0.037226234,0.3761531,0.26825762,-0.052249126,0.29337454,0.2952993,-0.059788853,0.24337232,0.3506742,-0.061807342,0.48850715,0.43169826,-0.08137896,0.3840372,0.36708862,-0.095327154,0.31288588,0.3669216,-0.10342717,0.2629329,0.38491747,-0.108554326,C
0.62780815,0.62792355,6.988144e-09,0.5199013,0.6258696,0.057289105,0.41837212,0.58772767,0.06870789,0.33453447,0.5961725,0.06412329,0.2735325,0.615746,0.058452718,0.46503714,0.37405023,0.04446077,0.35458618,0.28216785,0.035168957,0.2711361,0.29636002,0.034470357,0.21119939,0.34911764,0.034665164,0.474649,0.36896333,-0.0027770884,0.33387432,0.24881487,-0.024243338,0.25318074,0.29338926,-0.029689267,0.21115156,0.36946142,-0.028092962,0.47503924,0.3873958,-0.047714386,0.34604558,0.26906914,-0.06498451,0.26451516,0.30496603,-0.06726996,0.21646857,0.366137,-0.06511821,0.45914072,0.43688458,-0.09063398,0.35724536,0.3635106,-0.10476996,0.28533542,0.3621427,-0.109986685,0.23316906,0.3808775,-0.112526596,C
0.6159625,0.634676,6.623773e-09,0.4970231,0.6321239,0.07315739,0.3930199,0.5943276,0.08984934,0.30877027,0.60588884,0.08699291,0.2514512,0.6268313,0.08261017,0.44383562,0.37121877,0.05973902,0.32984337,0.28932667,0.05286113,0.24200094,0.30895525,0.051604513,0.1795819,0.36531398,0.050484516,0.45303112,0.37167796,0.0029438045,0.302886,0.26155454,-0.018046852,0.22058386,0.30980188,-0.02609065,0.18003634,0.3885191,-0.026836837,0.45465785,0.3955059,-0.050626267,0.3164469,0.28751704,-0.06709136,0.23188892,0.3266397,-0.07089592,0.18376343,0.3912743,-0.07044731,0.44018015,0.45249438,-0.100799404,0.32923496,0.38331562,-0.114268556,0.25452182,0.38581556,-0.11985877,0.20264074,0.40747806,-0.12340663,C
0.6170101,0.6795585,8.063102e-09,0.5066495,0.6794283,0.06339201,0.4033179,0.64623773,0.07754324,0.32055968,0.6591095,0.07390634,0.26286045,0.6753331,0.069205835,0.44833982,0.43014497,0.05545665,0.3368105,0.34802032,0.047600906,0.2564727,0.3748455,0.04623111,0.20125426,0.4337871,0.045591827,0.45612746,0.42913893,0.0045399987,0.31173307,0.32849807,-0.016018836,0.23552868,0.38397682,-0.02388997,0.19971672,0.46186513,-0.02416296,0.4574261,0.4484411,-0.04407519,0.32848737,0.34833944,-0.058774345,0.25123504,0.3928736,-0.061977953,0.2088359,0.45651498,-0.061323363,0.4446311,0.4962672,-0.090390764,0.34776998,0.43381143,-0.10069924,0.27877313,0.44321677,-0.1056858,0.23076491,0.4681004,-0.109084316,C
0.64724135,0.7642261,7.1194384e-09,0.529448,0.7500206,0.057443343,0.42300963,0.7118579,0.06879834,0.33676282,0.7177621,0.06186972,0.30255085,0.7318275,0.05404578,0.49557832,0.49024904,0.054456804,0.38298586,0.4059282,0.044177923,0.29817292,0.4301687,0.03995492,0.24092634,0.49128687,0.036831997,0.50164276,0.5011832,0.0015854206,0.34561828,0.39552754,-0.026094027,0.27388,0.4495324,-0.04185909,0.24521124,0.5292456,-0.045926526,0.5017561,0.52779186,-0.04981591,0.3725387,0.4261684,-0.07134151,0.2987206,0.4685792,-0.08443325,0.2615813,0.53671944,-0.08885953,0.48839313,0.58302295,-0.099366665,0.38694414,0.5169215,-0.11708827,0.3192514,0.52944225,-0.12925299,0.27533942,0.5623406,-0.13691467,C
0.72261953,0.68770766,3.4563696e-09,0.61892986,0.68750596,0.05106195,0.52575094,0.6586232,0.055188913,0.44912255,0.678807,0.039043374,0.38941783,0.70376503,0.021886084,0.53931296,0.47237802,0.060111232,0.47098848,0.37353915,0.042276673,0.4113028,0.39998692,0.028053949,0.37316692,0.45514885,0.018407406,0.5578461,0.46586853,0.007252229,0.46875748,0.35377052,-0.024092738,0.40549356,0.3984376,-0.050724056,0.37558293,0.46755585,-0.06385348,0.57713133,0.4723568,-0.045262497,0.49027973,0.37213612,-0.07042585,0.4261741,0.40746075,-0.087295465,0.39401293,0.46662432,-0.095297456,0.58888656,0.50103045,-0.09727917,0.516773,0.444218,-0.11321628,0.4611577,0.45837268,-0.122320466,0.42850682,0.49278608,-0.12884411,C
0.7504138,0.67429787,2.0687898e-09,0.6455343,0.67107844,0.04598997,0.55344003,0.64328575,0.044714868,0.47590038,0.6660534,0.023240888,0.41952968,0.6883496,-6.854816e-05,0.57837677,0.45244688,0.047242053,0.50790524,0.3588174,0.019980691,0.4481253,0.38667202,-0.00063199725,0.4079085,0.4415864,-0.0143863605,0.59784216,0.44958383,-0.007689162,0.5065035,0.33693194,-0.052319054,0.44337207,0.38473812,-0.08613289,0.41170043,0.45422852,-0.10255992,0.6181333,0.45948762,-0.062732674,0.5324547,0.35421488,-0.10003257,0.4687456,0.39188397,-0.122618735,0.43405575,0.45098478,-0.13275154,0.6285772,0.4924569,-0.11727063,0.5576463,0.43537983,-0.14339031,0.50020206,0.44996655,-0.15797894,0.46285912,0.48102987,-0.16748035,C
0.76147234,0.6771644,2.8623155e-09,0.65641457,0.67130136,0.057040468,0.5637873,0.6432835,0.0629856,0.48727876,0.6646467,0.04738341,0.43536466,0.6839273,0.03050478,0.5958834,0.44708112,0.0619298,0.5262969,0.3463789,0.0416688,0.46537244,0.37324333,0.027852437,0.42446697,0.42799085,0.01889978,0.6128021,0.4477722,0.0042246636,0.5173398,0.32883337,-0.03473413,0.45553133,0.3788759,-0.060016226,0.42613596,0.45020404,-0.06923242,0.6301113,0.46116105,-0.053151846,0.5418449,0.3507036,-0.085071966,0.47990698,0.38918853,-0.09924701,0.44902945,0.45026782,-0.10272523,0.63705856,0.49767214,-0.10936005,0.5671973,0.4333673,-0.13096108,0.510068,0.44873494,-0.14031692,0.4746712,0.48187786,-0.14515336,C
0.765206,0.6572951,2.3713398e-09,0.662122,0.654383,0.05049506,0.5720583,0.62650466,0.054158967,0.4978839,0.64526224,0.036726877,0.44899788,0.66435313,0.017758772,0.59364647,0.44610035,0.061767872,0.53674084,0.33765417,0.039850347,0.4779144,0.35600936,0.022115229,0.4371573,0.40425336,0.009736513,0.61470187,0.44072998,0.0058947466,0.5387253,0.31082743,-0.03505558,0.47859234,0.35407445,-0.06674004,0.44899857,0.42380533,-0.08095252,0.63740367,0.44650912,-0.05014403,0.5658104,0.32876614,-0.08562118,0.5052861,0.36495566,-0.1059902,0.47266534,0.42568782,-0.11360601,0.6511304,0.47586232,-0.10566654,0.5914321,0.40943256,-0.13053793,0.5356675,0.42847937,-0.14319578,0.5003694,0.46539018,-0.15051405,C
0.77603185,0.6328649,-3.8229403e-10,0.6701411,0.63491046,0.042336144,0.5782201,0.6090257,0.036183976,0.50372833,0.63091236,0.010922569,0.45972067,0.64470017,-0.017435744,0.60179687,0.42582354,0.023034347,0.5435823,0.31415373,-0.015573819,0.4866122,0.3328331,-0.0421817,0.44650164,0.38628438,-0.060052283,0.6268469,0.42870116,-0.03465533,0.5512291,0.29094088,-0.096686736,0.4934509,0.33178252,-0.13753967,0.46101886,0.40414238,-0.1565962,0.6561715,0.43992844,-0.09149971,0.5902961,0.31118485,-0.14643657,0.52968645,0.3386487,-0.17655884,0.49052712,0.3980332,-0.18888001,0.67675143,0.47320536,-0.14691474,0.62435806,0.3995254,-0.18898417,0.5688336,0.40658632,-0.21135902,0.52759,0.43497607,-0.2245915,C
0.8098584,0.61365044,1.3579404e-09,0.7013018,0.6141407,0.053542677,0.6152709,0.5842476,0.05677992,0.54237056,0.6022952,0.038173348,0.49100357,0.61691225,0.016402842,0.63639474,0.4131132,0.05640071,0.5881965,0.30688274,0.029642355,0.53018165,0.3088258,0.0055968445,0.48669934,0.3419463,-0.012275685,0.6589535,0.40592235,-0.0036132727,0.5962337,0.26876205,-0.05080751,0.5336491,0.2932468,-0.09031229,0.49599457,0.3507006,-0.11188522,0.68520063,0.4087186,-0.06318616,0.6241844,0.28540426,-0.107496575,0.5613814,0.30640745,-0.13620977,0.52338123,0.35847157,-0.14990911,0.7047881,0.4364347,-0.121148415,0.6524515,0.36146826,-0.15606986,0.5972574,0.37006858,-0.1755495,0.5604522,0.40015465,-0.18781608,C
0.82993704,0.5946163,-1.8066532e-09,0.734947,0.5860323,0.043001443,0.6495161,0.54926926,0.03992348,0.58044946,0.5581645,0.01708229,0.5334978,0.5644277,-0.008664484,0.66116893,0.371875,0.040415484,0.6267429,0.25311399,0.009294151,0.5737726,0.2523811,-0.015947497,0.5355097,0.28762072,-0.033349954,0.68735623,0.36550993,-0.0145515315,0.64236414,0.21791296,-0.063918576,0.5848627,0.23819834,-0.102046736,0.55285156,0.29685527,-0.121975556,0.7191106,0.3690288,-0.06937051,0.67433214,0.23523389,-0.113471724,0.6155774,0.25236148,-0.13939202,0.580969,0.30404422,-0.15113711,0.7490823,0.39223355,-0.12370123,0.7065722,0.30766058,-0.15771632,0.65259576,0.30902755,-0.1749838,0.6157615,0.33515945,-0.1852087,C
0.82887024,0.58208936,-5.3037635e-10,0.73910964,0.56876343,0.030581214,0.6533738,0.5273883,0.02098931,0.5843656,0.53542763,-0.005898519,0.53853184,0.54905385,-0.035005055,0.6669099,0.3503401,0.023030479,0.6367669,0.21933934,-0.012077753,0.5850775,0.21778487,-0.036913346,0.5481132,0.25237283,-0.05305684,0.69704664,0.34491196,-0.026032548,0.65368676,0.19031549,-0.07964303,0.59652245,0.2145978,-0.11494117,0.56527454,0.2724097,-0.13114126,0.7324068,0.35006064,-0.0754471,0.68590355,0.21315947,-0.12177255,0.6275328,0.233297,-0.14434852,0.59250665,0.28218883,-0.15242428,0.7666646,0.3728033,-0.12562393,0.72125137,0.2829662,-0.15939997,0.6693141,0.2839333,-0.1742362,0.63465035,0.30776113,-0.1819798,C
0.8393969,0.5711311,-2.4345839e-09,0.7411747,0.55840623,0.04139211,0.6552578,0.51260525,0.03676325,0.5860686,0.51216817,0.011279696,0.53282845,0.5173945,-0.017206725,0.673632,0.32330996,0.046359938,0.6436736,0.1983219,0.013078314,0.59126264,0.18580596,-0.015082501,0.55018604,0.20776017,-0.034885243,0.7048335,0.3153608,-0.011017741,0.6641772,0.16041918,-0.06435101,0.60441905,0.17848438,-0.10554891,0.5664265,0.232243,-0.1266866,0.74103075,0.31983694,-0.06949862,0.6981221,0.17865855,-0.118356675,0.6352056,0.19635423,-0.14687894,0.5929814,0.24546014,-0.15923606,0.77356106,0.3458562,-0.12797332,0.730737,0.25258672,-0.16569456,0.675466,0.25401625,-0.18458219,0.63596964,0.27973133,-0.19542164,C
0.8218999,0.5370977,-3.5412377e-09,0.728257,0.52144337,0.03189312,0.64132404,0.47922534,0.025067072,0.57119334,0.48423356,-0.0013885219,0.5188787,0.49357244,-0.030762337,0.6527029,0.2948824,0.049499422,0.6163491,0.18571657,0.0207589,0.5668651,0.16333303,-0.0070158225,0.52634573,0.17155805,-0.027202288,0.6850568,0.28319797,-0.0018281513,0.6449275,0.14144133,-0.04486599,0.58853716,0.14474973,-0.08354673,0.54966354,0.18500894,-0.10540663,0.7217393,0.2857815,-0.05595371,0.6782156,0.1520032,-0.09693697,0.62035096,0.15731321,-0.12603752,0.5782609,0.19562002,-0.14068016,0.7544495,0.31130123,-0.11132653,0.71092457,0.22433557,-0.14404123,0.66149294,0.22009142,-0.16264902,0.62429845,0.2401646,-0.17429338,C
0.81216776,0.5196588,-7.3508105e-10,0.7129939,0.5021107,0.042552583,0.62377924,0.45432276,0.042511564,0.55088377,0.46003804,0.020357732,0.49524844,0.47424603,-0.0049299914,0.64249533,0.27920115,0.07000592,0.60439444,0.17586955,0.045640104,0.5529735,0.14995873,0.019293766,0.5098651,0.15347192,-0.00042719083,0.67264,0.2664042,0.013222535,0.62355393,0.13249283,-0.024510602,0.5613975,0.12970407,-0.06293049,0.5150222,0.16118401,-0.08550648,0.70804375,0.26606244,-0.046763174,0.65443933,0.13985747,-0.08261804,0.5906798,0.14292555,-0.11080737,0.54278183,0.17867,-0.12588114,0.73973906,0.28808418,-0.10764309,0.68707675,0.2023193,-0.13668919,0.63207555,0.19625728,-0.15426286,0.59061176,0.21441792,-0.16596472,C
0.7879115,0.49041745,-1.0089903e-09,0.68847674,0.48137087,0.043164197,0.5954329,0.435582,0.044602778,0.5189082,0.44201785,0.024756916,0.46495688,0.4552265,0.0019817736,0.6116583,0.2594939,0.066834114,0.56877464,0.14936636,0.04194447,0.51335526,0.13368854,0.017579531,0.47058225,0.1538048,0.00012491186,0.6402901,0.24662352,0.011493841,0.58645904,0.10324536,-0.02872555,0.52300113,0.10999194,-0.06678296,0.4812655,0.1578799,-0.08704033,0.67418987,0.24567068,-0.04642198,0.6155358,0.11306101,-0.08426577,0.5489134,0.118218854,-0.11327387,0.502499,0.16054149,-0.12725982,0.7032645,0.2686535,-0.104762815,0.64637774,0.18172714,-0.1350713,0.5870442,0.1765121,-0.15381783,0.54438597,0.19687857,-0.16544923,C
0.7774707,0.4837516,-2.4334346e-10,0.6727637,0.47918773,0.049043734,0.5812692,0.4376287,0.05207781,0.5066914,0.44583535,0.033497084,0.4486253,0.45793235,0.011369242,0.59934896,0.25364324,0.061654843,0.5603763,0.14516507,0.036091764,0.5040806,0.12883064,0.011437768,0.4592728,0.1465047,-0.00663942,0.6265846,0.24230155,0.0030564156,0.57492614,0.099898666,-0.03895505,0.5100627,0.10922207,-0.07683478,0.4664679,0.15580192,-0.098135725,0.65852374,0.24274683,-0.056875784,0.60155964,0.11214265,-0.09714147,0.53401583,0.12203145,-0.12543875,0.48760647,0.16592158,-0.13957722,0.6844275,0.26712903,-0.11632852,0.6301246,0.18162471,-0.14958708,0.57049805,0.17757627,-0.16895303,0.5272253,0.19736955,-0.18131866,C
0.76832616,0.49074155,-1.2431723e-09,0.66028,0.48246363,0.052051257,0.56652904,0.4371891,0.051205378,0.48948467,0.44645712,0.027218614,0.42914087,0.4577697,-0.0008478928,0.5903921,0.25208867,0.053985007,0.54466134,0.13348767,0.020483611,0.48341274,0.11892265,-0.008191012,0.4347276,0.14248326,-0.028740862,0.6179395,0.24426252,-0.01065214,0.55627507,0.09200947,-0.06338706,0.48741603,0.10307559,-0.10554422,0.44101173,0.15316543,-0.12803003,0.6494483,0.24989572,-0.07619203,0.5820128,0.113401785,-0.12372411,0.51107776,0.12003453,-0.15318657,0.4618802,0.16094582,-0.16718648,0.6716027,0.28172222,-0.14091645,0.60943484,0.19132246,-0.1785409,0.54726154,0.1836876,-0.1990018,0.5025248,0.19909862,-0.21194316,C
0.7372521,0.52106875,1.8411183e-09,0.6325233,0.509896,0.060743272,0.5391243,0.46416968,0.06743056,0.46397194,0.46885055,0.050363597,0.40016598,0.47650176,0.031159561,0.55666316,0.27173954,0.07165036,0.51774573,0.14240077,0.05020052,0.45499617,0.14182433,0.032070894,0.408691,0.18227307,0.018967686,0.58063376,0.2624067,0.008605696,0.5229958,0.10495302,-0.030467438,0.45446712,0.12696338,-0.06206794,0.41228557,0.18708606,-0.07815571,0.6073257,0.26505414,-0.054463703,0.5438942,0.12733814,-0.089588836,0.4739637,0.14533204,-0.109340556,0.42991203,0.19628769,-0.11771649,0.6276013,0.29182094,-0.11670292,0.56809705,0.19791639,-0.1436972,0.5083456,0.19227341,-0.1570788,0.46805584,0.2138786,-0.1651704,C
0.7208527,0.5281622,1.063108e-09,0.61612946,0.51889783,0.06098114,0.5203183,0.47266844,0.068210155,0.44159883,0.47834957,0.052492794,0.37904584,0.4855749,0.03424952,0.54594284,0.28041717,0.06602273,0.50054353,0.15339503,0.043627996,0.43379205,0.151196,0.025010295,0.38370264,0.18901609,0.011567813,0.56760657,0.2713344,0.003915931,0.5022708,0.11847563,-0.035914693,0.42786247,0.13986012,-0.068012364,0.3810141,0.19842419,-0.0847107,0.59125024,0.27487886,-0.057623867,0.5209688,0.1382677,-0.0941237,0.44623512,0.15587817,-0.11519003,0.3980822,0.2069423,-0.12431228,0.60588664,0.3030927,-0.11792589,0.54274476,0.21142659,-0.14657867,0.48019934,0.20406151,-0.16139147,0.43598652,0.22349115,-0.17044756,C
0.6824293,0.5713095,4.771589e-09,0.57347214,0.55462956,0.062931806,0.47386417,0.5006815,0.07540968,0.39029285,0.50518835,0.064771526,0.32159916,0.5217849,0.053112924,0.5030806,0.32298762,0.085827686,0.45525694,0.19888933,0.073085554,0.38803238,0.19521497,0.06020822,0.33812732,0.23151068,0.050490446,0.52246916,0.31208134,0.026635831,0.45578045,0.16618708,9.356531e-05,0.37948677,0.18478683,-0.02618437,0.32850078,0.2409352,-0.040232554,0.54343,0.3117151,-0.032905582,0.4724648,0.17754969,-0.057309244,0.39772528,0.19023871,-0.074650995,0.34751683,0.23936194,-0.082657464,0.5568024,0.3326152,-0.09184123,0.49564996,0.23534612,-0.109899305,0.4349047,0.22241484,-0.120996445,0.39013252,0.24067602,-0.12858108,C
0.64873344,0.55557877,4.2771617e-09,0.53660196,0.54553,0.06725609,0.43914592,0.5001512,0.08060186,0.35994458,0.51068234,0.069892265,0.2964163,0.5300736,0.05727779,0.47040075,0.30967474,0.08798487,0.41567585,0.19704781,0.07441786,0.34473443,0.19768555,0.059692614,0.29079068,0.23604687,0.04837989,0.48972225,0.3002796,0.025503444,0.41455337,0.16295421,-0.0030262042,0.33547467,0.18739581,-0.031396426,0.28502303,0.24698608,-0.046267755,0.510208,0.3042457,-0.037303396,0.43167853,0.17740199,-0.06324476,0.35295612,0.19595972,-0.08264113,0.30136222,0.24675179,-0.091767356,0.52069277,0.33258206,-0.09863721,0.45196488,0.2424816,-0.11894499,0.38349319,0.23680936,-0.13166645,0.33478206,0.25829965,-0.14010805,C
0.6278335,0.5297881,4.3615964e-09,0.51151925,0.52173483,0.08105855,0.41495275,0.48029214,0.099815555,0.33808747,0.49262914,0.09106893,0.27401403,0.51368225,0.080392726,0.44251356,0.28172255,0.10710875,0.38285342,0.16236483,0.096592955,0.31114173,0.16423288,0.08420201,0.25756925,0.20367487,0.07420126,0.4639831,0.27083996,0.036421895,0.38147008,0.12176952,0.0074757147,0.30235645,0.1493497,-0.019677367,0.2542082,0.21275301,-0.03218417,0.48534983,0.2740254,-0.03431741,0.39853948,0.13856964,-0.061088573,0.31694138,0.16219354,-0.07741304,0.26664114,0.21728462,-0.08332964,0.49527663,0.30512953,-0.10270551,0.41718328,0.21147309,-0.123526536,0.3465693,0.21393447,-0.13328484,0.3008186,0.2426146,-0.1387967,C
0.6098142,0.5181857,4.9640208e-09,0.49478823,0.51036394,0.07481336,0.396657,0.4700558,0.08994205,0.31925124,0.47910255,0.07964698,0.25320637,0.4899105,0.067767866,0.42558935,0.26911592,0.0911346,0.36426854,0.13587378,0.07861555,0.29050964,0.13755096,0.067834005,0.23748253,0.18080802,0.059619993,0.4465551,0.25725192,0.02463753,0.3607492,0.09304476,-0.0073192143,0.28004125,0.12449454,-0.03207355,0.23514517,0.19430915,-0.04215541,0.46614504,0.25822285,-0.041099846,0.37682784,0.1096624,-0.06990098,0.29466414,0.13741004,-0.08392599,0.24768107,0.1978595,-0.08754581,0.47493017,0.28706145,-0.104811125,0.394991,0.18754885,-0.12671055,0.32484788,0.19014688,-0.13574976,0.28135186,0.22102937,-0.14006874,C
0.59706134,0.525607,6.784428e-09,0.4794822,0.5193552,0.08702893,0.3811489,0.4748091,0.11110775,0.3043843,0.47893736,0.108055316,0.2364999,0.4854967,0.10372425,0.41164413,0.26557782,0.11295796,0.34548065,0.14211039,0.10975512,0.27078098,0.1484485,0.105018675,0.21882926,0.19402947,0.101004176,0.42883417,0.2557023,0.04498138,0.34045875,0.10399318,0.023710521,0.25922742,0.13766328,0.0056815683,0.2144065,0.20666292,-2.260968e-05,0.4437846,0.25969917,-0.022023449,0.3545443,0.117644936,-0.040685397,0.27162826,0.14581981,-0.048157994,0.22436169,0.20659247,-0.048158027,0.44567025,0.290466,-0.0863734,0.36844572,0.19263461,-0.09969375,0.298608,0.19322175,-0.1037388,0.25522014,0.22221749,-0.10494794,C
0.5848074,0.543229,5.7431544e-09,0.4736945,0.5324854,0.077072166,0.3757407,0.48595387,0.09555723,0.29914987,0.4886595,0.08915914,0.23167792,0.49614727,0.0817742,0.40287784,0.28123865,0.09550266,0.33786675,0.15213421,0.08859642,0.265948,0.16010262,0.083486535,0.21814856,0.2098138,0.08003845,0.42092657,0.27079153,0.032684788,0.3342768,0.11901754,0.010157095,0.2546674,0.15371637,-0.006740503,0.21040383,0.2227796,-0.012088693,0.43701905,0.2734195,-0.029186403,0.34856996,0.129936,-0.04825688,0.26718453,0.15921961,-0.054820415,0.22058897,0.22086391,-0.054700628,0.44142815,0.30080408,-0.08925087,0.36337736,0.199794,-0.102370806,0.29457572,0.19981621,-0.10579841,0.2518957,0.23056318,-0.10688245,C
0.5803251,0.5908538,5.7174745e-09,0.47599846,0.57639825,0.07337033,0.37740737,0.528309,0.09196147,0.29962116,0.53070045,0.08693082,0.2286897,0.5441924,0.08123788,0.39445633,0.329382,0.09541032,0.31391987,0.21178283,0.092466384,0.2453638,0.23987651,0.09097853,0.20759936,0.3015985,0.09044346,0.40854132,0.31863132,0.03748593,0.3114943,0.18550152,0.019998869,0.23461306,0.22752847,0.0041832393,0.19782561,0.30047226,-0.0005747669,0.42187828,0.3202351,-0.01924901,0.3259895,0.18955249,-0.03287175,0.24892175,0.22029147,-0.039445978,0.20818926,0.28199586,-0.040043164,0.42738837,0.3403673,-0.07431058,0.3483641,0.23610577,-0.08283386,0.28586525,0.23134261,-0.08507734,0.24857306,0.2597017,-0.08586449,C
0.5935799,0.6076483,7.740203e-09,0.4808516,0.60372025,0.08294175,0.38159573,0.5615454,0.10608985,0.30291566,0.5643078,0.105665855,0.2370165,0.57044315,0.104644544,0.42014024,0.34540728,0.09304367,0.32961017,0.23627552,0.09183804,0.25281948,0.26581192,0.09496149,0.20354365,0.3252971,0.097116545,0.43304145,0.33973002,0.03061139,0.31321332,0.20917812,0.011683771,0.23447554,0.26561248,0.0047141397,0.19691588,0.34353817,0.007272423,0.44026366,0.35313743,-0.02960716,0.32632497,0.22963175,-0.043682963,0.24661027,0.27663663,-0.04141288,0.20553927,0.34288043,-0.03529867,0.4332174,0.39317793,-0.08698654,0.34299535,0.31179094,-0.09630187,0.27531764,0.3248096,-0.09552486,0.23498382,0.35766214,-0.093197614,C
0.61437833,0.624401,5.6105485e-09,0.50921506,0.6121249,0.058066964,0.4140535,0.57027906,0.07100086,0.3338494,0.57634974,0.06639357,0.27277094,0.58830124,0.061276857,0.45840883,0.36142388,0.057046268,0.36520544,0.2559455,0.048214648,0.28875393,0.27857625,0.048643682,0.23844896,0.33543167,0.05022004,0.46780962,0.3599074,0.007960805,0.34346822,0.23043856,-0.016197715,0.27053666,0.28165728,-0.02263083,0.23723246,0.35837603,-0.01939792,0.47046506,0.37680876,-0.039973877,0.35799903,0.25536102,-0.05925985,0.28159708,0.29359254,-0.06137738,0.24121915,0.3539637,-0.057707228,0.45877504,0.42165896,-0.08643871,0.3703946,0.34824547,-0.1005327,0.30258852,0.3531081,-0.10516892,0.2588084,0.37695637,-0.10644311,C
0.63730496,0.6455455,7.2507866e-09,0.53222466,0.63242203,0.054738283,0.43831366,0.5889107,0.0646277,0.3582317,0.59293354,0.05541609,0.3033114,0.59981024,0.044960745,0.4832996,0.3950023,0.061210644,0.4060323,0.28492892,0.045861278,0.33083197,0.3019923,0.038257476,0.27575806,0.3582934,0.034201384,0.4955077,0.39350402,0.009136569,0.3854816,0.25560862,-0.022420194,0.3121138,0.29944918,-0.03993543,0.27150875,0.37316623,-0.04415609,0.50468457,0.40621108,-0.042836033,0.40394503,0.27917302,-0.068801984,0.3285163,0.3125523,-0.0789544,0.28429216,0.3737486,-0.08023967,0.49967682,0.44480923,-0.094022654,0.4158004,0.36911988,-0.11346295,0.34928846,0.37120444,-0.12236604,0.30436093,0.39433357,-0.12666944,C
0.66270673,0.65994424,6.993091e-09,0.5559276,0.64933574,0.058075562,0.46056333,0.6125704,0.06801792,0.37921613,0.6221969,0.057995338,0.324375,0.6284173,0.046881806,0.5104073,0.42573705,0.065252125,0.43885842,0.3189627,0.050884694,0.36614147,0.32748187,0.04246683,0.3104146,0.372953,0.03673909,0.5244497,0.4246304,0.010095489,0.41976076,0.2870879,-0.022339845,0.34852117,0.32270348,-0.041549303,0.30725574,0.3877725,-0.04699881,0.5357501,0.4370947,-0.044681687,0.43857297,0.30836672,-0.071333736,0.36716262,0.33616465,-0.081843,0.32420403,0.39199376,-0.08319408,0.53112847,0.47845784,-0.09820608,0.4484598,0.40174088,-0.11783401,0.38272637,0.40540496,-0.12648067,0.3380786,0.42759144,-0.13070962,C
0.6959681,0.6813536,5.521329e-09,0.59054744,0.66852015,0.048981674,0.497739,0.6283928,0.051552985,0.4182521,0.63536376,0.035454657,0.36669245,0.6396633,0.01783518,0.55086654,0.43965697,0.045718536,0.4855937,0.335715,0.023757877,0.41457397,0.3402289,0.008516216,0.35872236,0.38102996,-0.0024325214,0.56786835,0.44001997,-0.0083996765,0.4740195,0.3095392,-0.048558332,0.4018457,0.34044963,-0.07491373,0.3576333,0.40177992,-0.086533286,0.58175987,0.45445013,-0.061982226,0.49641147,0.3313868,-0.09672289,0.42611817,0.35371277,-0.114794515,0.37879574,0.40507084,-0.121672384,0.58028114,0.4965273,-0.11441578,0.5084512,0.4263881,-0.14120872,0.4455921,0.42831278,-0.15523584,0.39734694,0.44894275,-0.16373152,C
0.7213339,0.67722034,3.4029946e-09,0.6138968,0.66269374,0.04390389,0.5200362,0.6287458,0.046018355,0.4405328,0.6403207,0.029986005,0.3970852,0.646956,0.013513125,0.5761025,0.43011606,0.04884421,0.5013262,0.32917953,0.028986013,0.43463862,0.3555643,0.017949313,0.38933313,0.4117068,0.010914707,0.59026724,0.43638915,-0.0028229982,0.4848916,0.31012827,-0.04195223,0.42015216,0.357781,-0.06514808,0.38930848,0.4274212,-0.07238502,0.603842,0.4532673,-0.055082086,0.5131597,0.33415526,-0.087711446,0.44778302,0.37176046,-0.1025752,0.41206276,0.4323103,-0.10616626,0.60395217,0.4944194,-0.10706973,0.52796006,0.4267942,-0.13179207,0.46572804,0.4400413,-0.14396936,0.42492297,0.4695939,-0.15025382,C
0.75078064,0.6821668,5.1806452e-09,0.6438551,0.6634148,0.041809835,0.554903,0.6290053,0.046154886,0.47663963,0.63983744,0.032332033,0.4296413,0.6473683,0.017956663,0.61040103,0.44324845,0.060310543,0.5482431,0.3444757,0.044776857,0.4876002,0.3591983,0.032400236,0.4421183,0.4062503,0.023764674,0.62527645,0.4447874,0.01242353,0.53372055,0.32500046,-0.019211631,0.4728284,0.35837597,-0.04551861,0.44020718,0.41866386,-0.057427872,0.6387047,0.4565989,-0.036627654,0.5582432,0.3448289,-0.06441471,0.49790388,0.37131575,-0.083849415,0.4615642,0.42267206,-0.09202065,0.63719827,0.49295753,-0.08591473,0.5727816,0.42938912,-0.106682196,0.5173713,0.4341846,-0.12046564,0.47819307,0.45540273,-0.12916048,C
0.7906347,0.6634635,-7.482136e-10,0.68813735,0.66668963,0.04179726,0.59415936,0.64028156,0.038688082,0.5178738,0.6593365,0.016606329,0.4778894,0.6734124,-0.0067915046,0.62156415,0.4454628,0.036571555,0.5694121,0.32500276,0.0071455818,0.5110882,0.34759465,-0.010748352,0.47595322,0.402601,-0.02228756,0.6435376,0.4494786,-0.017579375,0.57132477,0.30714202,-0.07031837,0.51303244,0.3590208,-0.10134386,0.48850873,0.43344748,-0.11210411,0.66891855,0.4616317,-0.07140979,0.60339195,0.3310022,-0.116959006,0.54290515,0.37206185,-0.13593112,0.51161385,0.43603212,-0.14000174,0.68653226,0.4934468,-0.1248734,0.6303503,0.41720825,-0.1588157,0.5735815,0.43826795,-0.17269327,0.537935,0.47788692,-0.17877045,C
0.8084624,0.67381734,1.4795427e-09,0.70489347,0.67481107,0.040296856,0.61150396,0.6525299,0.037852127,0.53496486,0.675744,0.01589028,0.49517778,0.6933886,-0.0077750375,0.6405959,0.4598574,0.04561397,0.5860777,0.34419328,0.01572899,0.52585125,0.35772258,-0.00579589,0.48269886,0.4047944,-0.020069124,0.66304636,0.46339154,-0.008830977,0.58002055,0.32757473,-0.062196355,0.52448624,0.37375322,-0.09726608,0.49834847,0.44499925,-0.110484876,0.68857443,0.47337168,-0.06415638,0.6135481,0.35006687,-0.11146171,0.5555789,0.38677385,-0.13504349,0.52406925,0.45032218,-0.14144425,0.70497745,0.50481564,-0.11937888,0.64451206,0.43158507,-0.1541548,0.5894916,0.4510337,-0.17084244,0.55473936,0.4909316,-0.17887329,C
0.80343795,0.68119216,2.5342067e-10,0.702936,0.674574,0.04983642,0.6136402,0.6390356,0.047468793,0.5378671,0.65725493,0.024149405,0.4919592,0.66981363,-0.0028485497,0.6535747,0.45328218,0.036127962,0.6024395,0.34419098,0.00046557322,0.54081345,0.34270018,-0.027045134,0.49293956,0.37369812,-0.046309836,0.6758049,0.45716733,-0.024654591,0.60478264,0.31798428,-0.08431317,0.5402813,0.3540727,-0.123754844,0.5005786,0.41787928,-0.14182319,0.70012903,0.4707893,-0.084764905,0.63419837,0.34187663,-0.13757819,0.56974596,0.36971304,-0.1636363,0.5267644,0.42464507,-0.17324513,0.7138271,0.5060226,-0.14324987,0.6604735,0.43000573,-0.18334945,0.60481393,0.43825376,-0.20235325,0.5647069,0.46619365,-0.21315598,C
0.81352127,0.69520205,3.950441e-09,0.7160321,0.6765233,0.053317018,0.63411975,0.6319364,0.059498172,0.5612035,0.63938713,0.044689864,0.50763464,0.6495205,0.027844898,0.67765695,0.4671006,0.06671704,0.6342819,0.3643269,0.04741202,0.57389367,0.35653523,0.029526016,0.5257113,0.38235062,0.016591234,0.69582707,0.46410966,0.011285232,0.6319693,0.3323514,-0.02642175,0.5669741,0.35556704,-0.056300197,0.5256076,0.41102964,-0.070073284,0.7132151,0.47115356,-0.044533353,0.65032816,0.34804794,-0.07749797,0.58612686,0.36525917,-0.09702256,0.54360855,0.41256565,-0.10460237,0.7176617,0.49996185,-0.099508114,0.6639387,0.42305198,-0.12298522,0.6081853,0.4232571,-0.13580476,0.5678183,0.44526404,-0.14369275,C
0.82135,0.72066385,4.9932223e-09,0.72340256,0.69051623,0.059411407,0.64067566,0.63628256,0.0746553,0.56907475,0.63840914,0.069593325,0.5075492,0.6544141,0.06344459,0.67862964,0.48247084,0.08751955,0.635843,0.39859873,0.08561268,0.5771957,0.38543952,0.077336475,0.52870435,0.4020307,0.06999114,0.69541967,0.47433814,0.03698952,0.64113915,0.37184924,0.031499896,0.57685155,0.3705436,0.01556753,0.52622014,0.39905238,0.0041328287,0.7109444,0.47788578,-0.014356463,0.6491347,0.38060403,-0.020432714,0.5849374,0.38029978,-0.029887512,0.5378139,0.4121427,-0.037058733,0.71317476,0.50269634,-0.065204486,0.6571973,0.43248224,-0.070510216,0.6049196,0.42322648,-0.07465726,0.5671582,0.44025502,-0.07943055,C
0.78547347,0.71477556,6.3064656e-09,0.6866841,0.6918628,0.06733611,0.60379964,0.6441103,0.08599136,0.530769,0.64475894,0.08520313,0.47822136,0.6526554,0.08382273,0.6667777,0.46766648,0.08033412,0.5996741,0.37523645,0.07865085,0.52933854,0.37576175,0.07798446,0.4739434,0.41115314,0.0775953,0.6747116,0.4693157,0.0293402,0.5794895,0.34717268,0.014181498,0.5125344,0.37800422,0.006631845,0.47318557,0.43922642,0.0075080595,0.67696357,0.48439893,-0.020807933,0.59318566,0.3674611,-0.0319801,0.52371955,0.3870914,-0.03433082,0.48054746,0.43531653,-0.03221958,0.6616913,0.52248627,-0.06881323,0.5919332,0.4501316,-0.07648577,0.53134584,0.4451168,-0.079593055,0.48936355,0.45906857,-0.080807686,C
0.7386133,0.7089933,4.4799644e-09,0.6353813,0.68969303,0.065653935,0.5495648,0.64892745,0.08040123,0.47605821,0.6623944,0.07335736,0.4215374,0.68323,0.06558486,0.59437054,0.47044247,0.081604294,0.53586507,0.37219453,0.07267204,0.47071472,0.3853222,0.06419122,0.42314276,0.42897993,0.058204386,0.6084602,0.46721765,0.025519561,0.52832806,0.34554,0.0023427147,0.45874226,0.37936085,-0.017432831,0.41994724,0.44157386,-0.025417434,0.61975175,0.47846234,-0.030024644,0.5429415,0.36327618,-0.04735196,0.47232056,0.38868734,-0.05766133,0.43127117,0.44201177,-0.06112584,0.61570257,0.5135391,-0.08411498,0.5491415,0.44131202,-0.094911724,0.48733774,0.44485146,-0.101015866,0.44778258,0.46968204,-0.10501437,C
0.7014069,0.7107367,3.3831948e-09,0.59564286,0.6966016,0.053374786,0.5052315,0.6605425,0.05906326,0.4285267,0.6820942,0.04472614,0.3754225,0.7049827,0.02992154,0.5490781,0.47844988,0.06061484,0.48277166,0.37281668,0.043479014,0.41571593,0.3947067,0.03126219,0.36976793,0.4478099,0.023257902,0.56397563,0.47742927,0.007717177,0.47690877,0.35164332,-0.024972716,0.40569675,0.39713636,-0.048560977,0.36852723,0.46794584,-0.057910528,0.57693064,0.48980716,-0.04501831,0.4917585,0.37620202,-0.07019039,0.4200932,0.41268355,-0.08392427,0.3808971,0.4735893,-0.08844919,0.5757522,0.52630717,-0.09701559,0.5040701,0.45915416,-0.11298177,0.44075206,0.4713973,-0.121870615,0.40169168,0.5026094,-0.12736598,C
0.6556389,0.7269785,1.1199753e-09,0.5414689,0.7219224,0.07464363,0.4473325,0.68854827,0.08858293,0.37082827,0.7108524,0.07915054,0.31389302,0.7415073,0.06806599,0.48999655,0.46343008,0.07443678,0.39448532,0.3861339,0.064345196,0.32009065,0.4201253,0.056670308,0.27861345,0.47450414,0.050822563,0.50347793,0.46514422,0.012286296,0.37809083,0.38176835,-0.016369985,0.30822974,0.44799036,-0.034619566,0.28507483,0.52050847,-0.040237762,0.5119001,0.48647082,-0.04772991,0.39667413,0.40713665,-0.06909459,0.32399893,0.46441215,-0.07731811,0.29340068,0.529281,-0.07871559,0.5077714,0.5343246,-0.104853876,0.4182635,0.4792743,-0.11969572,0.35270175,0.50534916,-0.12557067,0.3170842,0.54285705,-0.12872478,C
0.6130844,0.73986244,3.6395118e-09,0.5007954,0.7347264,0.06723441,0.39899302,0.701568,0.07827299,0.3156119,0.725475,0.069472305,0.26294422,0.7549284,0.05972897,0.44786572,0.4675452,0.05310709,0.33714986,0.3803134,0.044115033,0.25940335,0.41685665,0.043295708,0.217134,0.48059043,0.042600077,0.45750123,0.47812572,-0.0038701098,0.31116682,0.38026226,-0.031112708,0.24279334,0.44689423,-0.041068397,0.22175181,0.52531976,-0.040798187,0.46191746,0.50867856,-0.058072906,0.3337566,0.4195704,-0.078015424,0.26081637,0.4712128,-0.08340207,0.22887509,0.5358563,-0.08293505,0.45361537,0.5654125,-0.109451964,0.35035166,0.5129249,-0.12509422,0.28604832,0.53110194,-0.13193588,0.25070918,0.56109804,-0.13550541,C
0.5822822,0.7509085,5.081518e-09,0.46994472,0.7449825,0.068459705,0.36633903,0.7102693,0.082834825,0.28298005,0.7285791,0.07734428,0.23569348,0.7488659,0.070586875,0.41753688,0.4789607,0.05601932,0.3074101,0.38858747,0.044625133,0.22653314,0.42568645,0.04384717,0.17682785,0.49500796,0.044309817,0.42529798,0.48854703,-0.0015069423,0.2733235,0.37900352,-0.032173175,0.2059005,0.4454598,-0.04135722,0.18105866,0.5302967,-0.03868457,0.42758793,0.51694894,-0.05685851,0.29733866,0.4150473,-0.08011523,0.22419342,0.46400732,-0.085072,0.1882763,0.5318817,-0.082735844,0.41634583,0.5744794,-0.10942233,0.3133022,0.515605,-0.12813315,0.24479833,0.5287009,-0.13644846,0.20219113,0.5569438,-0.13989596,C
0.5707409,0.73690486,5.323299e-09,0.45425683,0.73334694,0.071533605,0.34793708,0.70023835,0.08904795,0.2634827,0.7149758,0.086948715,0.21568991,0.73175097,0.08414164,0.4017673,0.46601558,0.061646327,0.28595188,0.37940246,0.055942863,0.20570049,0.4183163,0.06026067,0.15704155,0.4869521,0.064035684,0.40824866,0.47712827,0.004720176,0.2507413,0.37092435,-0.02012783,0.18470977,0.44028217,-0.023411345,0.16344438,0.5235357,-0.01680528,0.40884265,0.50614834,-0.04972719,0.27469942,0.40471792,-0.06721767,0.20340425,0.45906162,-0.06652666,0.17113245,0.52763975,-0.060809575,0.3964786,0.5623778,-0.101240575,0.29328653,0.5021947,-0.114695184,0.22553541,0.5218869,-0.11907043,0.18385114,0.55350363,-0.11989756,C
0.5468043,0.72877854,7.270806e-09,0.43138513,0.7255129,0.07998117,0.3306366,0.693526,0.099728756,0.25001758,0.71047306,0.09812754,0.19265321,0.7283082,0.09530955,0.3787814,0.46003023,0.07111064,0.2675494,0.37340242,0.06630566,0.18884173,0.41238362,0.06980556,0.13920556,0.48204535,0.072940975,0.3876318,0.46538496,0.0110754855,0.23803109,0.35719055,-0.01137613,0.16774577,0.4215917,-0.015161504,0.13864347,0.5017785,-0.009858801,0.38862884,0.49064448,-0.04597247,0.25538406,0.38640767,-0.061510295,0.18183255,0.43755084,-0.059406392,0.14605217,0.5038684,-0.0534463,0.37487888,0.544914,-0.099392146,0.26944506,0.48523563,-0.11065567,0.20117077,0.5034715,-0.112484545,0.15940471,0.5342916,-0.11186857,C
0.5421809,0.69522357,6.7815913e-09,0.42626208,0.69224066,0.087173946,0.32357332,0.6567626,0.111090764,0.24242759,0.67340755,0.11255328,0.18026021,0.6974486,0.11229325,0.36561725,0.43080223,0.07803059,0.254837,0.3440355,0.07452414,0.17339814,0.37589535,0.077301204,0.119603574,0.43658942,0.07950601,0.37514406,0.43198213,0.015179738,0.22891498,0.32086855,-0.0049637617,0.15404357,0.37949413,-0.008684934,0.120511025,0.45780364,-0.004503555,0.37685078,0.45530576,-0.044167366,0.24483915,0.3503411,-0.057632595,0.16814907,0.398086,-0.05437023,0.12906334,0.46304166,-0.04842664,0.3633594,0.5090667,-0.09951867,0.26041052,0.44548827,-0.109219626,0.19040689,0.45879334,-0.110065594,0.14609495,0.4865731,-0.10929817,C
0.51886606,0.63746345,7.664728e-09,0.40268874,0.63773835,0.095522046,0.30507314,0.6011341,0.12600522,0.22702028,0.61993253,0.13008215,0.16260749,0.6470159,0.13256478,0.34388912,0.37871066,0.117556475,0.25788182,0.28173864,0.118924536,0.17962262,0.29523253,0.11781879,0.12269491,0.3424073,0.11646219,0.35452968,0.37467802,0.050065044,0.23514995,0.25749886,0.034766838,0.15835899,0.30131468,0.023355125,0.1149974,0.37041044,0.022340285,0.3590185,0.38823438,-0.015852086,0.24764296,0.27956715,-0.027356626,0.16975653,0.31625366,-0.029510152,0.123609185,0.3763361,-0.026526876,0.34579587,0.43291336,-0.0781547,0.25553685,0.36058396,-0.086333424,0.18574578,0.36791313,-0.088584945,0.14046735,0.3937813,-0.08865104,C
0.5192528,0.59415,5.163772e-09,0.40251005,0.59604925,0.09707293,0.30332136,0.55778134,0.12790991,0.22520226,0.57497233,0.12960692,0.15825848,0.5964442,0.1298965,0.3348118,0.3377611,0.13570331,0.25972274,0.23041876,0.13687287,0.18523705,0.24681549,0.13313413,0.13240191,0.2980193,0.12962338,0.34877288,0.32919002,0.06422886,0.24246296,0.2055443,0.04740969,0.16847523,0.252468,0.02999743,0.1290219,0.32202157,0.02546256,0.35802633,0.33708248,-0.0068997093,0.2562262,0.22369273,-0.020537,0.18173109,0.26398557,-0.025801443,0.1410515,0.3261711,-0.024261272,0.35290027,0.3749311,-0.07505438,0.26821354,0.29830673,-0.08397653,0.20298153,0.31090105,-0.086231105,0.16443369,0.3419967,-0.08591463,C
0.53497213,0.58676445,6.392187e-09,0.4079282,0.58068,0.10574093,0.30948046,0.54155624,0.13743436,0.22929202,0.5591287,0.13724332,0.16265517,0.5806963,0.13546996,0.34676087,0.31473076,0.1359846,0.26381597,0.20319234,0.13371874,0.18829882,0.23198646,0.12979631,0.13889776,0.28750202,0.12633628,0.3621351,0.30829188,0.055731982,0.24758014,0.17721665,0.031017758,0.16799761,0.23659588,0.011852864,0.12851296,0.31142777,0.0074572368,0.3725062,0.31723094,-0.02318182,0.26219365,0.19698091,-0.042032532,0.18115458,0.25064147,-0.045504726,0.14205316,0.32158017,-0.04223354,0.3660582,0.35678387,-0.09863267,0.27284995,0.2743269,-0.11096977,0.20073059,0.29850417,-0.11205383,0.1636355,0.3419793,-0.11073429,C
0.54434097,0.53257406,7.974859e-09,0.41376317,0.5328181,0.107147984,0.3192376,0.49579027,0.14526743,0.24215926,0.5111009,0.15081686,0.17065364,0.5288911,0.15559462,0.35057893,0.27781788,0.1670885,0.269433,0.1728664,0.1772131,0.19862258,0.19890796,0.17970589,0.15398781,0.25257707,0.18047005,0.36259168,0.2669852,0.09063675,0.25545532,0.13518889,0.080435194,0.17842616,0.1862412,0.06608137,0.13914931,0.25762162,0.06474727,0.37053108,0.26892644,0.013761683,0.268396,0.14228876,0.007076473,0.1885056,0.18747549,0.006823698,0.1480456,0.25399867,0.0115574775,0.36274478,0.2989465,-0.060376193,0.277446,0.20584325,-0.06351044,0.20522457,0.22515489,-0.061142746,0.16553926,0.26593274,-0.057706434,C
0.61445254,0.4989332,8.1947995e-09,0.49831474,0.49214202,0.04505729,0.39013705,0.4534069,0.047592066,0.30302572,0.46577758,0.030244492,0.23334442,0.47672963,0.012434069,0.40642828,0.22354248,0.06428372,0.332121,0.092408925,0.048036896,0.252578,0.11332171,0.034086082,0.19632557,0.17116855,0.023875292,0.42270535,0.21125248,0.013083442,0.328888,0.061774105,-0.016194958,0.24371636,0.10514179,-0.045048553,0.19260557,0.18026754,-0.060996834,0.43799523,0.21739365,-0.039209075,0.34014675,0.09000717,-0.06719539,0.25811505,0.121999964,-0.091221385,0.20638108,0.18432416,-0.10360401,0.44347408,0.2502153,-0.09163963,0.358796,0.16890976,-0.11154571,0.29488102,0.17331026,-0.126781,0.2525873,0.20359392,-0.13759908,C
0.7194953,0.4709584,2.0758455e-09,0.5998758,0.4621688,0.079519816,0.4911505,0.4167067,0.094858505,0.40606815,0.43371078,0.08217026,0.336325,0.46202785,0.06616484,0.5135443,0.21268806,0.09777368,0.46060258,0.09330574,0.07991986,0.39033407,0.087458685,0.060917452,0.33411664,0.12209639,0.046336953,0.53918326,0.19857576,0.023140714,0.46616963,0.04944396,-0.013029649,0.3868767,0.06778763,-0.04655743,0.33133352,0.1263727,-0.0646809,0.56712323,0.19696337,-0.051388934,0.48981088,0.06264794,-0.08416708,0.40858573,0.075276285,-0.10561837,0.35262266,0.1251199,-0.11602887,0.5866879,0.22186461,-0.12416754,0.5161032,0.12279338,-0.14998658,0.44768697,0.11000332,-0.16421908,0.39854914,0.12498276,-0.17406619,C
0.77882487,0.48388308,3.1428748e-10,0.66709095,0.46909237,0.058730774,0.5625718,0.42178005,0.057635576,0.47890437,0.43734276,0.033248562,0.4149273,0.46035528,0.0044379625,0.5851488,0.23035133,0.038906958,0.5352949,0.10168621,0.002115819,0.46795976,0.09263237,-0.02668234,0.41418594,0.124010086,-0.047518276,0.6147065,0.22115636,-0.029941218,0.54990965,0.06238714,-0.085691124,0.47421288,0.07343277,-0.1275342,0.42043847,0.124178484,-0.15169246,0.64866364,0.22572948,-0.097067244,0.577803,0.08303332,-0.14685537,0.50307125,0.08881445,-0.17590503,0.45054996,0.1326937,-0.19100255,0.6770861,0.25349748,-0.162365,0.61529434,0.15797117,-0.20130566,0.5526552,0.14515969,-0.22155061,0.50505716,0.16030376,-0.23538086,C
0.7990656,0.49329156,4.1550294e-10,0.69537705,0.4775434,0.05209231,0.59638095,0.42897695,0.051604874,0.5175765,0.4396472,0.028618578,0.45997313,0.4580499,0.001944564,0.6137634,0.24048272,0.049428776,0.5702026,0.11497988,0.016033582,0.50884634,0.103119984,-0.011431273,0.46027064,0.13184503,-0.030594073,0.644214,0.23062688,-0.013818762,0.58809817,0.07231259,-0.06640158,0.5210397,0.084059596,-0.10692475,0.47581765,0.13809288,-0.12824258,0.6800572,0.23237094,-0.07712876,0.6194884,0.0866929,-0.12398565,0.551705,0.09467137,-0.15219416,0.50502664,0.14264002,-0.16529742,0.71236485,0.25602406,-0.13966402,0.6566217,0.15886845,-0.17566453,0.5963765,0.14839353,-0.19490033,0.55174875,0.16692205,-0.20695652,C
0.814145,0.49895298,3.8486528e-10,0.71436584,0.48171473,0.039876536,0.6217032,0.43609232,0.036598876,0.54551405,0.44856703,0.012967386,0.49410814,0.4720533,-0.013816986,0.6344376,0.25671306,0.047733758,0.6002536,0.14099124,0.015964003,0.5455712,0.12196615,-0.011843314,0.5011428,0.13616496,-0.0313309,0.66507435,0.24409127,-0.0080572,0.62436557,0.091200545,-0.05660413,0.56286615,0.09560326,-0.09577277,0.5199083,0.13799623,-0.11681427,0.7018602,0.2431913,-0.06531433,0.65574044,0.10081518,-0.10947491,0.5935869,0.105602756,-0.13721575,0.5498123,0.14494023,-0.150179,0.7356972,0.26409337,-0.12318104,0.69106925,0.17115586,-0.15664476,0.634979,0.16438895,-0.17460577,0.5931211,0.18210074,-0.18579529,C
0.84458643,0.5195692,-4.5488713e-10,0.74158764,0.49132243,0.039290562,0.64796215,0.43560314,0.03484699,0.57009166,0.44296306,0.008125636,0.5240898,0.46796983,-0.019913739,0.6710854,0.24966098,0.061522935,0.63455564,0.116340205,0.031053722,0.5773795,0.1049089,0.0055041383,0.5333867,0.12692747,-0.011756741,0.7040569,0.24248914,0.0042785625,0.6553944,0.07736057,-0.046165694,0.5924448,0.09816387,-0.084245615,0.55240333,0.15257697,-0.10095129,0.74139076,0.24659324,-0.055965845,0.6863251,0.09671861,-0.09990052,0.622462,0.11453642,-0.12500477,0.580403,0.16244659,-0.13359079,0.7734647,0.27190876,-0.11780759,0.71822095,0.17211652,-0.14776495,0.6621977,0.17134947,-0.162702,0.6250717,0.19561002,-0.1706589,C
0.8572692,0.5373419,-8.663174e-10,0.76440746,0.51516765,0.040666297,0.67078614,0.46166593,0.04254493,0.5948437,0.46328405,0.023473546,0.53851694,0.48251006,0.0029688785,0.68655616,0.2725502,0.07346482,0.65720713,0.14317626,0.053056378,0.6035143,0.12635876,0.03294422,0.5616596,0.14577717,0.01857216,0.7177188,0.2580799,0.020768302,0.6768791,0.09611501,-0.016194135,0.61536676,0.10651149,-0.049538556,0.5760594,0.15623765,-0.06576019,0.75373924,0.25639668,-0.034913126,0.70596766,0.108576566,-0.07068247,0.64095604,0.12231669,-0.09441138,0.598693,0.1707879,-0.10379332,0.78806037,0.27630678,-0.091973774,0.7370609,0.17744929,-0.11875616,0.6817305,0.17641805,-0.13260502,0.6456693,0.20331948,-0.14000979,C
0.88800085,0.5205934,-3.7762884e-10,0.7873182,0.4953074,0.042957712,0.69691414,0.4410011,0.040711883,0.62354904,0.43931442,0.015742753,0.5705576,0.4498925,-0.011231523,0.7137494,0.2506992,0.06450124,0.68546176,0.11509462,0.034507938,0.63116026,0.103511035,0.008757883,0.5886584,0.12690584,-0.008721072,0.74728125,0.23894693,0.005984362,0.7100231,0.069070816,-0.044962835,0.64836913,0.08494222,-0.08488363,0.60901135,0.13926224,-0.10339211,0.7849972,0.23978916,-0.05490363,0.74422604,0.0853755,-0.10018023,0.6805237,0.10025975,-0.12654132,0.63933146,0.15026896,-0.13641974,0.82087505,0.2609064,-0.11679464,0.7780942,0.15462498,-0.1493783,0.72167516,0.14930063,-0.16570683,0.6827301,0.17211455,-0.17449188,C
0.87939954,0.56652784,2.4089761e-09,0.7825563,0.5407206,0.026681436,0.6935245,0.48739028,0.014699745,0.61856794,0.4903793,-0.015842786,0.5688666,0.50970036,-0.046569567,0.7037674,0.29756075,0.034774598,0.67718965,0.14418565,0.0013923532,0.625468,0.14431688,-0.020110905,0.59128696,0.18297221,-0.032728795,0.7379889,0.29134068,-0.013739365,0.7013592,0.11480701,-0.06642826,0.64410526,0.1402396,-0.09936535,0.613487,0.2019261,-0.11139357,0.77782065,0.2948541,-0.064258784,0.7335473,0.13675085,-0.10884064,0.674658,0.15746619,-0.12819737,0.64237595,0.2119623,-0.13213854,0.81709486,0.31506556,-0.11702448,0.7701609,0.20242003,-0.1461699,0.71460116,0.20300959,-0.1570176,0.68057406,0.23553817,-0.16104165,C
0.8642261,0.6469008,4.930388e-09,0.7610641,0.6200155,0.06027189,0.6717102,0.5599329,0.071423545,0.5954347,0.55435795,0.059257403,0.5336644,0.55964375,0.045290556,0.7003031,0.38564688,0.08680603,0.6726609,0.26035213,0.07401873,0.6168145,0.24197884,0.05834462,0.5714427,0.26185408,0.046032432,0.7249162,0.37942892,0.028229443,0.6860769,0.22886273,0.0008087678,0.6198485,0.23529957,-0.028771056,0.5731571,0.28309762,-0.04506074,0.75243944,0.38207656,-0.030905778,0.70596904,0.24427007,-0.057983182,0.6378306,0.2526796,-0.07851371,0.5912074,0.3002249,-0.08849753,0.77303344,0.40335953,-0.08924603,0.72478104,0.31318307,-0.109856784,0.66828674,0.31051588,-0.121222846,0.6290465,0.33885792,-0.12866153,C
0.8422727,0.6479069,3.2096137e-09,0.7295362,0.61685807,0.073243834,0.6395629,0.5498358,0.08806478,0.5600635,0.546483,0.07900517,0.49945295,0.55364937,0.06829308,0.70134723,0.37014714,0.08033206,0.6495624,0.24713379,0.06556398,0.5776369,0.2464914,0.053043123,0.52185017,0.2814923,0.04339903,0.7174079,0.36810017,0.015402065,0.64189446,0.22136328,-0.015554473,0.5618812,0.24176814,-0.040874608,0.51174927,0.29535508,-0.053014826,0.73227906,0.38231432,-0.04853653,0.65672135,0.2442288,-0.07530619,0.57790285,0.25913173,-0.09036738,0.5279111,0.30617478,-0.096340194,0.7307273,0.42183453,-0.109946586,0.6666033,0.3330182,-0.12994404,0.60005116,0.32935926,-0.14001203,0.5548949,0.34906614,-0.14622626,C
0.83285487,0.62557805,6.897495e-09,0.7149337,0.59903187,0.09006634,0.62512153,0.5367147,0.11745908,0.5464548,0.5287017,0.11938573,0.4828159,0.53200865,0.11984685,0.6874343,0.35502872,0.10659964,0.6247754,0.24745499,0.10436102,0.55015874,0.24390216,0.10117768,0.48989737,0.2759627,0.097980164,0.7020722,0.34930798,0.039396476,0.61539793,0.20753908,0.02240923,0.53721887,0.22719172,0.009413002,0.48412925,0.28232536,0.0055132797,0.71221423,0.35948965,-0.026184043,0.62690604,0.22587563,-0.04068352,0.5487971,0.23965503,-0.044225503,0.49601132,0.28738552,-0.043177925,0.7027929,0.39728156,-0.08823727,0.6298735,0.31014895,-0.09909221,0.56258833,0.30203873,-0.10156368,0.51474077,0.31793642,-0.102400705,C
0.7937869,0.6020033,6.6732198e-09,0.68067247,0.5845774,0.0735208,0.5874852,0.52992606,0.09473193,0.5064809,0.53240037,0.09372387,0.44403273,0.5474789,0.09199437,0.6464865,0.34566033,0.09477681,0.5720091,0.2504459,0.09227934,0.49656054,0.24498522,0.08823766,0.43672022,0.27761894,0.08458017,0.6591913,0.33954653,0.036628965,0.5567402,0.21598734,0.02218208,0.48029217,0.23732446,0.009326344,0.43065858,0.29339975,0.0047526173,0.6669687,0.34851944,-0.021180429,0.5723885,0.227301,-0.03278803,0.4950964,0.24236012,-0.03812971,0.44337592,0.28908914,-0.039123476,0.65640706,0.38663632,-0.07723678,0.58066285,0.3064409,-0.08557211,0.5140292,0.2980762,-0.089448124,0.46531653,0.31176138,-0.09210375,C
0.7625489,0.619643,8.700835e-09,0.6486757,0.6047138,0.0693363,0.55453616,0.55542433,0.09319936,0.47410804,0.5640494,0.09442851,0.40757167,0.5878731,0.09486585,0.5873597,0.3862455,0.1110516,0.5238299,0.29183394,0.11436407,0.4589701,0.28318346,0.10995994,0.40962678,0.30743346,0.10557368,0.60046303,0.37611863,0.05686074,0.5175942,0.26232356,0.051337477,0.44517708,0.27668947,0.035053343,0.39687973,0.32315242,0.026400864,0.6142734,0.37832916,0.0016075541,0.532038,0.2689198,-0.0053595616,0.45794922,0.28348827,-0.016413001,0.40995193,0.32922125,-0.021864928,0.61568373,0.40446132,-0.052603766,0.5477841,0.3271842,-0.057941947,0.48511812,0.3258053,-0.063547134,0.4435825,0.35001174,-0.06791685,C
0.7106895,0.63598704,4.825892e-09,0.5960104,0.6249565,0.089018814,0.5003991,0.58224165,0.115369976,0.4219848,0.59703195,0.11658584,0.3603257,0.613119,0.11673213,0.54444987,0.3773406,0.10668583,0.46661168,0.28501213,0.1076073,0.39467746,0.30177876,0.10662235,0.34455478,0.34972867,0.10515248,0.5571879,0.37424764,0.042089637,0.45452735,0.25721574,0.028219074,0.38108963,0.30271626,0.017236248,0.34149843,0.37450165,0.015359199,0.5646971,0.39011085,-0.020894678,0.46349603,0.2845353,-0.031753413,0.3891181,0.32301992,-0.034275945,0.34699643,0.38391042,-0.032277543,0.55582255,0.43742907,-0.08038399,0.4714281,0.3733107,-0.08749777,0.40517282,0.38589543,-0.0890751,0.36357707,0.41467878,-0.08908639,C
0.64584386,0.65857,7.1852106e-09,0.5392004,0.6498074,0.07388989,0.44464362,0.60678095,0.093819305,0.36611557,0.61563325,0.092678905,0.30144837,0.63317865,0.0907386,0.4900928,0.40815386,0.08177446,0.401739,0.31528392,0.08120139,0.3265924,0.33324453,0.08110871,0.27602947,0.38301167,0.08045546,0.5011526,0.40138718,0.026706617,0.39030322,0.29048428,0.015245264,0.31263727,0.33497447,0.007512311,0.271578,0.40539068,0.005998378,0.50452423,0.41533756,-0.02643621,0.39651248,0.31104088,-0.033651233,0.3190541,0.35061407,-0.034585435,0.2759087,0.41469294,-0.033534113,0.49273214,0.45722917,-0.07706553,0.40528914,0.38910118,-0.081056744,0.33802316,0.39996257,-0.0816727,0.2946788,0.43376198,-0.08237932,C
0.61813945,0.65334237,5.4960734e-09,0.5012749,0.6416027,0.08641585,0.40739226,0.6003358,0.10966158,0.3333222,0.6063045,0.109797895,0.27267325,0.6200309,0.109140724,0.45557803,0.39155108,0.08289682,0.35364664,0.29940814,0.082515255,0.27976328,0.33858663,0.08630708,0.23677237,0.3984515,0.08834599,0.46574008,0.39303082,0.02043064,0.33574396,0.28658646,0.0026216055,0.2621491,0.35028955,-0.0034453915,0.23367697,0.427065,-0.0016993311,0.4684757,0.4152161,-0.038270187,0.34824234,0.31707433,-0.049050618,0.27349365,0.37172318,-0.046161108,0.24001867,0.43794796,-0.041424956,0.45607728,0.46315974,-0.09306847,0.36192957,0.40231806,-0.099241175,0.29603755,0.42111936,-0.09838791,0.25812754,0.4520153,-0.09729469,C
0.60205626,0.6543168,6.5068755e-09,0.48719925,0.6435524,0.09045949,0.39164045,0.60266757,0.117009394,0.31744972,0.61081815,0.11884896,0.26206982,0.62505025,0.12015792,0.4404215,0.39139566,0.097616814,0.3413032,0.29188624,0.098618075,0.267263,0.33769518,0.10457619,0.22704652,0.40695944,0.108496636,0.4505132,0.39499888,0.032355938,0.31929615,0.27929926,0.0121281035,0.25146788,0.35429165,0.006076774,0.23058066,0.4377916,0.010756158,0.45345443,0.4157398,-0.02979932,0.3348431,0.30571347,-0.042412605,0.26389018,0.36895972,-0.03895588,0.23528355,0.44011778,-0.032002326,0.4428454,0.46039358,-0.08808194,0.34597802,0.39930564,-0.09544148,0.28111503,0.42795038,-0.09414842,0.24761243,0.46599022,-0.09140261,C
0.58448213,0.6499946,7.2409896e-09,0.47541833,0.63850695,0.0862524,0.3785613,0.5955399,0.11149829,0.30310977,0.6013746,0.11379157,0.24514216,0.6145023,0.11544211,0.42118195,0.38939926,0.087824814,0.32699716,0.28534165,0.08820927,0.25301105,0.32724816,0.094335414,0.21115,0.3951659,0.09857064,0.42904,0.39063472,0.026294522,0.3045146,0.26684654,0.0067716436,0.23511688,0.33309233,0.0011553689,0.20948383,0.416767,0.005288181,0.4310961,0.41033155,-0.031786896,0.31653526,0.29789782,-0.044054884,0.24514356,0.35080776,-0.0426271,0.21277262,0.41909024,-0.037452698,0.41974813,0.4546998,-0.08600663,0.32588267,0.39449492,-0.09333753,0.2606271,0.41579384,-0.09402345,0.22382969,0.45099223,-0.09294518,C
0.5618367,0.67916214,7.190381e-09,0.45446295,0.6743163,0.07813175,0.35472906,0.6364938,0.098998345,0.27628547,0.6459396,0.09962099,0.21793629,0.6602036,0.09967375,0.3970676,0.42633572,0.06945202,0.29120687,0.3308727,0.06743921,0.21536249,0.37343776,0.07411819,0.17313297,0.4417382,0.07921579,0.40465185,0.42829248,0.012786762,0.2673601,0.31828195,-0.0072181984,0.19870466,0.38566262,-0.0092892,0.17530897,0.4644041,-0.0028749688,0.40546262,0.44964498,-0.04025279,0.28256035,0.34367916,-0.053650774,0.21180739,0.39538026,-0.050084587,0.18134508,0.45853832,-0.043227047,0.3929099,0.49680695,-0.08961845,0.29485315,0.43455172,-0.09853994,0.23140922,0.45439366,-0.09860087,0.1964769,0.48555985,-0.09680056,C
0.52569294,0.72064143,5.865506e-09,0.4221062,0.7129338,0.063242964,0.32513833,0.67670166,0.07788021,0.24710411,0.6844329,0.0752446,0.19823293,0.698592,0.072111696,0.37597513,0.45810896,0.052553993,0.26189083,0.3814019,0.04855673,0.189562,0.4181762,0.053344525,0.14758699,0.4805034,0.05722862,0.3814985,0.46513113,0.0029971106,0.2348054,0.37323415,-0.015879108,0.16916099,0.43606263,-0.017864468,0.14522988,0.5078592,-0.012679514,0.3794896,0.49096394,-0.043869413,0.25231636,0.39763403,-0.05605608,0.18445933,0.4491933,-0.054471254,0.15281126,0.5107107,-0.04994941,0.36464328,0.54223895,-0.08817749,0.2644679,0.48528528,-0.09695524,0.20204024,0.503292,-0.09936909,0.16316672,0.5313587,-0.099972606,C
0.5261833,0.753794,6.0143655e-09,0.41751254,0.74343896,0.06825356,0.3202829,0.7058746,0.08740682,0.24160323,0.7081737,0.08858966,0.19910851,0.71784735,0.089386776,0.37816942,0.4861744,0.0652535,0.2651691,0.41294524,0.0672328,0.18914738,0.44872755,0.07467059,0.14374001,0.5170037,0.07969891,0.3813263,0.49412328,0.014147529,0.23345855,0.39725155,0.0011632196,0.16511838,0.45283923,-0.0011495091,0.14006083,0.5266427,0.002861332,0.3782997,0.51906806,-0.034064423,0.25180835,0.41896525,-0.042543124,0.18223138,0.46476167,-0.042935155,0.14924268,0.528272,-0.040402748,0.3628221,0.5701768,-0.079149194,0.26092103,0.50551504,-0.0866321,0.19776644,0.5228702,-0.08953911,0.15819141,0.5558128,-0.0907973,C
0.53037727,0.7351544,5.25847e-09,0.42358136,0.7297409,0.07387741,0.32871675,0.6901487,0.09364766,0.25332123,0.6939968,0.094605885,0.201033,0.70692754,0.094541796,0.37928,0.4778774,0.060580127,0.2648381,0.40289694,0.05864127,0.19268118,0.44361287,0.06537568,0.15103985,0.50840235,0.07061046,0.38650596,0.4821709,0.006966773,0.23988971,0.38653067,-0.0113256695,0.17344221,0.44814146,-0.012256494,0.14918923,0.52017003,-0.006173753,0.38540444,0.5072914,-0.042948168,0.25588804,0.411079,-0.054757945,0.18560365,0.46072948,-0.05199553,0.15342878,0.52175164,-0.046679426,0.37039763,0.55941737,-0.089079134,0.26797462,0.5028953,-0.09744975,0.20321342,0.5191143,-0.09865729,0.16337293,0.5465313,-0.09830749,C
0.44008547,0.8317474,-2.309872e-09,0.35057446,0.74488133,0.05794094,0.3034737,0.64139366,0.058799315,0.2555294,0.5862417,0.034982916,0.21996829,0.54076177,0.009189476,0.41339186,0.49013168,0.071930066,0.38562846,0.34977704,0.049990807,0.36624044,0.27028805,0.022550596,0.35168093,0.20825472,0.0022328948,0.43408257,0.501738,0.013337539,0.32873178,0.3976217,-0.03306378,0.2572334,0.4340093,-0.058336202,0.2191066,0.47990862,-0.06508362,0.438339,0.52971196,-0.04589343,0.35818583,0.42505878,-0.08230498,0.28951043,0.44146302,-0.091141365,0.2486982,0.47296745,-0.08953022,0.42870384,0.56980795,-0.10481121,0.39993638,0.4746399,-0.12576295,0.38137147,0.42731857,-0.13234727,0.37168968,0.39533398,-0.13590665,D
0.4426473,0.8384571,2.8639175e-09,0.35229322,0.7452133,0.057729892,0.3037819,0.64621454,0.057236705,0.25526297,0.59004676,0.03165864,0.22166015,0.5410942,0.0029836025,0.4166833,0.49249086,0.06758433,0.38937917,0.3533867,0.044074576,0.36845338,0.27330974,0.015216979,0.35133582,0.21113607,-0.0064352853,0.4375631,0.5074228,0.005765378,0.32875413,0.3997085,-0.039113212,0.2561664,0.43082458,-0.065778054,0.21670799,0.47597143,-0.07516678,0.44143072,0.5388581,-0.056600958,0.35372025,0.43137598,-0.09359808,0.2838073,0.44617903,-0.104560666,0.2414155,0.48171723,-0.10577078,0.42673483,0.58238685,-0.118624814,0.37053433,0.49186793,-0.14134271,0.32302812,0.4683935,-0.1475935,0.28855947,0.46709514,-0.15102041,D
0.43782187,0.8438372,-1.8398569e-09,0.35199666,0.75013524,0.059615657,0.30646437,0.6463338,0.057498217,0.25983226,0.59040624,0.029409764,0.22091724,0.5402502,-0.0011447378,0.41421616,0.4913834,0.066968895,0.38747784,0.35148913,0.037366133,0.36589345,0.27047876,0.0051206346,0.34880292,0.20630094,-0.018132271,0.43622267,0.5088749,0.0027923135,0.33461267,0.39145875,-0.053525962,0.2609226,0.42633265,-0.08291754,0.22069769,0.47375458,-0.09128125,0.4424422,0.5435721,-0.062180642,0.36065084,0.43228012,-0.10628487,0.2894783,0.4486004,-0.116151884,0.24691477,0.47972772,-0.114251494,0.43499425,0.5915447,-0.12683907,0.40304297,0.49402475,-0.1534679,0.37842545,0.44603586,-0.16147828,0.36400753,0.41278404,-0.16545379,D
0.44444823,0.8467995,-6.7883105e-10,0.35745,0.75396544,0.06069944,0.31186157,0.65117204,0.060309082,0.26318693,0.59568626,0.034635738,0.22355573,0.5432693,0.006147003,0.42039984,0.49722362,0.06717706,0.39032745,0.3541436,0.041259196,0.36773524,0.2722855,0.011723274,0.35046932,0.20799208,-0.009750934,0.4399495,0.5147674,0.0046331063,0.33253556,0.3977216,-0.046059813,0.25792444,0.43258289,-0.072485514,0.21797326,0.48104724,-0.07959578,0.44209218,0.5474512,-0.058229532,0.35671476,0.43038294,-0.09831425,0.28558326,0.44449198,-0.10752286,0.24416034,0.4767087,-0.106087655,0.42745358,0.5914965,-0.120483495,0.38071382,0.49253634,-0.14446855,0.34500587,0.45173422,-0.1512212,0.3225412,0.42835322,-0.15463603,D
0.4452051,0.84296954,2.0319284e-09,0.35677063,0.75362974,0.059595834,0.30838823,0.65151286,0.061295316,0.25962642,0.5939032,0.03758749,0.2234993,0.543429,0.01102878,0.41858786,0.4963142,0.074308634,0.39240626,0.35638547,0.052754294,0.3707893,0.2745165,0.024899326,0.35321748,0.21078265,0.003599937,0.4402464,0.5101088,0.012078,0.3350074,0.3998794,-0.032887727,0.26241833,0.43011522,-0.059881862,0.2230851,0.47510427,-0.06897105,0.44517305,0.5405297,-0.050694082,0.35761672,0.43301785,-0.088038035,0.2866382,0.4493436,-0.09892173,0.24489912,0.48493797,-0.09945477,0.43170983,0.5830951,-0.11307484,0.37611133,0.49434063,-0.13564938,0.33282626,0.46761763,-0.14205842,0.3043297,0.4606318,-0.14540617,D
0.44147724,0.8465136,7.4340384e-10,0.35572046,0.7559582,0.062078644,0.30898684,0.6543684,0.06386962,0.261744,0.598308,0.03991827,0.22297205,0.544877,0.012905538,0.4154269,0.4969437,0.07319443,0.39317232,0.3565535,0.050801594,0.37170574,0.2764677,0.0218423,0.3545928,0.21339,7.5783835e-05,0.43836364,0.512568,0.010589105,0.33228067,0.40336782,-0.033258203,0.26025823,0.43523103,-0.0606371,0.22273494,0.4805387,-0.07073717,0.44503915,0.54339975,-0.051904965,0.35134277,0.4440587,-0.08620178,0.2801552,0.46459854,-0.09584963,0.23933661,0.50123215,-0.09647057,0.4356197,0.5850137,-0.11395254,0.37997735,0.49329478,-0.13497776,0.3425491,0.45654497,-0.14122921,0.319238,0.4377638,-0.14485206,D
0.4441713,0.8515982,3.8081174e-09,0.35863224,0.7599934,0.0586334,0.31116754,0.6589872,0.061005216,0.2636566,0.6003585,0.03880259,0.22668903,0.5481718,0.013278816,0.42130762,0.5027685,0.0718764,0.392727,0.364815,0.05232264,0.37111485,0.2846677,0.025713686,0.35398063,0.22197694,0.0055471943,0.44176358,0.51742387,0.012054036,0.33737364,0.40266913,-0.027007345,0.2658707,0.4315701,-0.052108403,0.22748971,0.47569412,-0.06132723,0.4451588,0.5460791,-0.047893845,0.35622543,0.4363697,-0.079307176,0.2869148,0.45434746,-0.08926255,0.24646604,0.49248788,-0.09069595,0.43097138,0.58544165,-0.107490055,0.3714748,0.4945353,-0.12587701,0.3248375,0.47337088,-0.13077837,0.29280412,0.47427744,-0.1336883,D
0.4540382,0.8409996,-4.320591e-10,0.3615036,0.7485038,0.07336042,0.31638083,0.6450032,0.08144305,0.26643473,0.5901593,0.061834626,0.22574632,0.5362388,0.039200366,0.42741093,0.49395397,0.09081588,0.39805877,0.34968853,0.07429906,0.37337938,0.26613584,0.047466002,0.35442188,0.20034409,0.02648108,0.44658345,0.5075419,0.024755027,0.33786985,0.4004194,-0.0163483,0.26443213,0.43268993,-0.043924283,0.22514011,0.4791545,-0.0534578,0.44803172,0.53391975,-0.040552482,0.35636517,0.4286411,-0.07233505,0.2845428,0.44416192,-0.08196815,0.2434741,0.48090506,-0.08251414,0.43111697,0.569632,-0.1044531,0.37472206,0.47183675,-0.1230251,0.33722138,0.43156487,-0.12891598,0.31431174,0.41194597,-0.13259093,D
0.4481908,0.8394475,3.5292032e-09,0.35923976,0.74915457,0.0686403,0.31447273,0.6486053,0.07689886,0.26700178,0.5918223,0.058785826,0.22809032,0.53606766,0.037916075,0.42702448,0.49671978,0.09037005,0.40083346,0.35776117,0.07734089,0.37621146,0.2790603,0.053891443,0.35620737,0.21703944,0.03492281,0.44830263,0.50833154,0.027453575,0.34751803,0.39464116,-0.007712197,0.27441218,0.42634878,-0.031992506,0.23482567,0.47195697,-0.040478773,0.45200974,0.5336251,-0.035131563,0.36228624,0.42711294,-0.06264222,0.2904632,0.44762424,-0.07044602,0.24995247,0.48797613,-0.07063105,0.43735322,0.569512,-0.09666288,0.37589988,0.4794194,-0.111766085,0.3291126,0.46108198,-0.11481101,0.29920477,0.46469712,-0.11640107,D
0.44252038,0.84205955,5.491312e-09,0.35470182,0.7514151,0.068009585,0.30891868,0.6496877,0.07543269,0.2618505,0.5914491,0.05573983,0.22169523,0.53704953,0.03270256,0.41823402,0.4947424,0.09044491,0.3935953,0.3561463,0.0755024,0.3694766,0.2756147,0.049387086,0.34887964,0.21174705,0.028359968,0.44090033,0.5052938,0.025798853,0.34017867,0.3958659,-0.00939655,0.26843852,0.4275411,-0.03643915,0.22895895,0.47336242,-0.04791368,0.44859806,0.52957976,-0.038629137,0.3559572,0.428063,-0.06666928,0.28571403,0.45216167,-0.076658964,0.24648723,0.49662197,-0.07930574,0.43870342,0.5645507,-0.102347285,0.37074637,0.48118922,-0.11742222,0.31916255,0.4769534,-0.120167814,0.28585994,0.49581817,-0.12202707,D
0.44488013,0.84639204,-2.914848e-09,0.3601539,0.75700927,0.05583405,0.31394878,0.65230185,0.0552921,0.2672071,0.5924582,0.031286225,0.22626807,0.53187656,0.0049567497,0.41869503,0.4996249,0.06130969,0.3937114,0.35528454,0.035283443,0.36651775,0.2729701,0.005370957,0.34689605,0.20488581,-0.01673371,0.44086754,0.51762044,0.0028737453,0.34471706,0.39218056,-0.04831109,0.2695977,0.42481524,-0.07596279,0.23113239,0.472964,-0.08450795,0.44743901,0.55074704,-0.055746432,0.36847657,0.43382668,-0.094096236,0.2964184,0.4547073,-0.10247061,0.25712097,0.48985192,-0.10106334,0.44150677,0.5943775,-0.11418026,0.40825245,0.49436122,-0.13864389,0.38597742,0.44466996,-0.14714403,0.3774182,0.40740818,-0.15188707,D
0.45297253,0.8475955,-3.4927447e-10,0.36287516,0.7555655,0.07248834,0.31845745,0.6498722,0.08035875,0.2709714,0.59150875,0.06136559,0.23024054,0.5362377,0.039495036,0.42666098,0.4975806,0.08395664,0.39845356,0.35554484,0.06548723,0.3715863,0.27507105,0.03975764,0.35175845,0.21137941,0.0200098,0.44829327,0.51101035,0.018143712,0.3462539,0.39297393,-0.024288094,0.27140623,0.42732918,-0.048821706,0.23221034,0.47682768,-0.056050308,0.45186746,0.5401171,-0.046990395,0.36535707,0.4303738,-0.07872119,0.29215866,0.45030224,-0.084782325,0.2514651,0.48909587,-0.08289468,0.4391654,0.58183825,-0.11079927,0.3913588,0.4847309,-0.13022566,0.35719672,0.4464184,-0.13504447,0.33857012,0.42762387,-0.1374578,D
0.45079356,0.8308976,3.1596756e-09,0.36093655,0.7410009,0.06440796,0.31254333,0.64029133,0.07119894,0.2642541,0.5805983,0.052180525,0.23083384,0.5291513,0.030102665,0.4264486,0.48668945,0.08737234,0.3994578,0.35194138,0.07184041,0.37373373,0.27308255,0.048037533,0.3531615,0.21164441,0.029375484,0.44634652,0.4997424,0.024675949,0.34544665,0.3768338,-0.013580069,0.273993,0.4131245,-0.03744109,0.2379652,0.4648005,-0.044261783,0.45009154,0.5267911,-0.038622737,0.3680743,0.40747112,-0.06960144,0.2982391,0.43045688,-0.07716926,0.2595293,0.47438848,-0.07613501,0.43516028,0.5656335,-0.10135922,0.37394866,0.47197574,-0.11915844,0.32056186,0.46450585,-0.12192777,0.28639016,0.47997248,-0.122606,D
0.4514559,0.8281977,3.855165e-09,0.36422858,0.74169445,0.058325227,0.31312767,0.63836,0.062393915,0.26301852,0.57691395,0.041991916,0.23093654,0.5265815,0.018569568,0.42914408,0.49256834,0.077303655,0.40152588,0.3476383,0.058235176,0.37651137,0.26232892,0.03355201,0.356717,0.19565502,0.014648161,0.4478051,0.50701004,0.017215546,0.34652406,0.37253213,-0.02771441,0.2739287,0.4099654,-0.052278377,0.23804095,0.4629323,-0.057491094,0.451432,0.5334336,-0.04366429,0.37127993,0.40152463,-0.08001923,0.30079725,0.4237292,-0.08871211,0.26234147,0.46706563,-0.08645999,0.43717602,0.57091695,-0.10426108,0.3768609,0.47058457,-0.12517507,0.32206598,0.46021405,-0.12971078,0.2871828,0.4715084,-0.13074794,D
0.45381883,0.8331808,4.3099075e-09,0.36523846,0.74214816,0.06626064,0.31908417,0.63959134,0.0736906,0.27024117,0.57904947,0.05512804,0.2312147,0.5256951,0.033854887,0.43236536,0.49280977,0.0870844,0.40910336,0.35033336,0.071416855,0.38792434,0.2703468,0.048664168,0.3709486,0.20598227,0.03086635,0.45184958,0.5045632,0.024161356,0.34955287,0.38411152,-0.015210564,0.27635056,0.41784674,-0.037626084,0.23863828,0.46336704,-0.043016225,0.45492652,0.5310462,-0.039223522,0.36616093,0.41172355,-0.073000394,0.29456466,0.4337832,-0.08016739,0.25655448,0.47457913,-0.077478565,0.43920818,0.5680242,-0.10152951,0.38056573,0.47130224,-0.120554164,0.3330388,0.45525515,-0.12333418,0.3046561,0.46113333,-0.123411536,D
0.46990848,0.7983437,2.6718032e-09,0.3889587,0.7144127,0.04417297,0.33973318,0.61424947,0.045966957,0.29186666,0.55135906,0.026097246,0.25353,0.48647732,0.0037329816,0.4264974,0.46654317,0.07851712,0.41625163,0.3300923,0.064418815,0.3995226,0.25235713,0.039428707,0.38681307,0.19138443,0.02049595,0.44773638,0.4765061,0.030805426,0.37055904,0.36664444,-0.003270494,0.3071067,0.39975205,-0.032542687,0.27382424,0.44934288,-0.044003256,0.46093395,0.49342087,-0.018365813,0.38912725,0.39097446,-0.046201307,0.32603645,0.41561395,-0.062704496,0.29087773,0.46050507,-0.067730986,0.4699986,0.5174569,-0.068205506,0.4224991,0.4244544,-0.0830844,0.38270345,0.40670374,-0.09123605,0.357004,0.412049,-0.09619285,D
0.5046394,0.76757216,3.138582e-09,0.4303827,0.6879293,0.014897314,0.36153826,0.5889416,0.0044638715,0.30016142,0.5305631,-0.020964008,0.2657083,0.4797384,-0.049347203,0.45509425,0.44441152,0.03739401,0.44393507,0.3173296,0.014285659,0.4259563,0.23847422,-0.014734018,0.41304234,0.17753196,-0.034962438,0.4796641,0.45339075,0.0056996453,0.41011876,0.34352177,-0.03265305,0.35129285,0.3823406,-0.060795113,0.32349694,0.44112077,-0.07160455,0.49603397,0.4710892,-0.028970437,0.43045312,0.3657522,-0.06156706,0.3734252,0.3997264,-0.08051938,0.3440441,0.45043123,-0.08663036,0.50668114,0.4984968,-0.0662293,0.45375097,0.4120806,-0.08563836,0.40726647,0.4112747,-0.09679347,0.37774384,0.4296462,-0.10317439,D
0.55802083,0.7464882,-5.225393e-10,0.48458424,0.6697108,0.018941397,0.42747805,0.5778797,0.004325052,0.37940127,0.524395,-0.028017668,0.35134393,0.46805328,-0.063155934,0.5110779,0.42794967,0.037921857,0.50579566,0.2877854,0.010035943,0.49001595,0.20693594,-0.02331244,0.47787824,0.14595094,-0.046490595,0.5410974,0.4443122,-0.00026133773,0.48608148,0.327012,-0.048338044,0.42012453,0.36615038,-0.08079706,0.38210696,0.42954493,-0.09223771,0.56374884,0.46637627,-0.0410068,0.5106705,0.3581215,-0.07816679,0.4471288,0.38933158,-0.09600066,0.40942654,0.4435735,-0.10030873,0.5822929,0.4963907,-0.0845333,0.5376591,0.39997992,-0.10529213,0.49200553,0.39080527,-0.11499097,0.46193218,0.40720898,-0.1200656,D
0.5795808,0.7662039,3.4078171e-09,0.51588637,0.68575364,0.02415107,0.47661427,0.59330535,0.011449601,0.444147,0.5273621,-0.020479368,0.42994627,0.46153885,-0.05502278,0.5500227,0.4503928,0.04659659,0.54628795,0.31102118,0.0167243,0.53673404,0.23016435,-0.015012176,0.53346616,0.16433352,-0.03731259,0.5811338,0.46429965,0.002886353,0.54934114,0.3260309,-0.047097385,0.48954433,0.34854782,-0.078122124,0.4548545,0.38986194,-0.08851078,0.6069377,0.48466983,-0.04406171,0.57398033,0.3528822,-0.08834981,0.50801784,0.3801874,-0.102615386,0.47118258,0.4291332,-0.102972806,0.6268264,0.5182906,-0.09319199,0.590952,0.40878332,-0.12025075,0.5370913,0.41311127,-0.12646228,0.50392807,0.44791448,-0.12767223,D
0.5917169,0.7480266,1.5994895e-09,0.53181833,0.6790092,0.0052348054,0.48481938,0.5845758,-0.011228405,0.45341855,0.51136625,-0.041398074,0.45913124,0.44705108,-0.07264532,0.5556755,0.443571,0.031480532,0.5607537,0.30972576,0.0038119173,0.5516954,0.23183177,-0.023387339,0.5475898,0.17193869,-0.041271526,0.58828396,0.45676857,0.0017331498,0.56925,0.31314176,-0.04496494,0.5125279,0.3410324,-0.07155837,0.47987098,0.3911664,-0.07735056,0.616595,0.47636172,-0.032176524,0.5955971,0.34190172,-0.07332154,0.53779376,0.36582214,-0.08688863,0.5061843,0.41262135,-0.08544493,0.64180696,0.5089061,-0.069450244,0.61654705,0.3995374,-0.094377406,0.5667559,0.39893824,-0.10092845,0.5361986,0.428021,-0.101461746,D
0.60262877,0.76677895,3.647503e-09,0.54313964,0.68678194,0.028991824,0.5030005,0.5865864,0.024189856,0.47134936,0.51095045,0.00036928273,0.46674675,0.4387266,-0.025372643,0.578682,0.45832056,0.063845396,0.58447754,0.31594715,0.043815427,0.5757324,0.2326833,0.017809335,0.5711218,0.1653735,-0.0012645302,0.60683036,0.470125,0.022603473,0.58488494,0.32392037,-0.01903376,0.5246818,0.34215415,-0.04942785,0.4870244,0.3832092,-0.059214298,0.63194585,0.48554158,-0.021194652,0.6069067,0.35216767,-0.058337744,0.54287344,0.3728526,-0.07472381,0.5058811,0.4177677,-0.07654736,0.65558183,0.51178986,-0.066434406,0.626829,0.40123877,-0.088216186,0.57470524,0.40187913,-0.09513938,0.54113215,0.4330478,-0.096982196,D
0.6509102,0.7501684,2.1869526e-09,0.5854662,0.663825,0.041267306,0.5446864,0.5620091,0.0416723,0.5086687,0.48972765,0.02141142,0.4914462,0.4222815,-0.0015960236,0.61947876,0.4368689,0.069014,0.6193766,0.2987116,0.051745854,0.6089751,0.22140396,0.027850967,0.60304904,0.16001275,0.010662622,0.6439945,0.4488182,0.023202514,0.6016609,0.3185763,-0.0117200175,0.535423,0.34163952,-0.0378243,0.49563774,0.3856244,-0.046678156,0.6645358,0.46400312,-0.023884377,0.6246001,0.33975548,-0.053091936,0.5611353,0.36259678,-0.06521086,0.52549165,0.41084945,-0.06676811,0.68297505,0.4864851,-0.07176463,0.64390117,0.38430643,-0.08706654,0.5930483,0.386324,-0.09072886,0.5606324,0.41966945,-0.091614515,D
0.7194693,0.7208104,1.7291376e-09,0.6519623,0.6321687,0.055000752,0.61382365,0.5363688,0.05766997,0.5774107,0.47092962,0.036307734,0.5583171,0.41656542,0.010559076,0.7286336,0.3935237,0.077288665,0.71066684,0.2602328,0.059681352,0.6955765,0.17794281,0.032971032,0.6871212,0.1124776,0.012253335,0.7452302,0.404845,0.020526178,0.66837883,0.28200254,-0.0157512,0.6030915,0.31418532,-0.04081245,0.5723155,0.3596782,-0.049568642,0.74947387,0.42483857,-0.03689095,0.6840893,0.30632025,-0.06787514,0.62017536,0.3407156,-0.07506098,0.58958626,0.39377433,-0.07432525,0.73966986,0.4545168,-0.094210014,0.68945265,0.35968262,-0.112384304,0.6363604,0.37221852,-0.11317586,0.60539144,0.40930828,-0.112364106,D
0.72582406,0.7107907,1.4271967e-09,0.65367025,0.61627036,0.053591084,0.61362076,0.518356,0.055501275,0.5773128,0.45205292,0.033692796,0.5676011,0.40913394,0.0075432584,0.7288745,0.38165,0.0743417,0.7066861,0.24929346,0.05484749,0.6882452,0.16642725,0.026918903,0.6757831,0.102734506,0.005523036,0.74626356,0.39574155,0.017337723,0.66574687,0.2697624,-0.021965737,0.6008827,0.30185127,-0.04916424,0.570167,0.3507857,-0.058748007,0.75121397,0.41792598,-0.040220283,0.6868962,0.29624164,-0.072735615,0.622567,0.32903105,-0.08147516,0.5899782,0.38249907,-0.081612036,0.7427292,0.44931749,-0.097810075,0.6937556,0.35051143,-0.11680481,0.63962054,0.36013412,-0.118555635,0.6069284,0.39501244,-0.11859857,D
0.7299136,0.7102469,2.6179192e-09,0.6609445,0.61521477,0.058489006,0.6273402,0.5191947,0.061765444,0.5955603,0.4549553,0.04007141,0.5788046,0.40370804,0.014274595,0.73033905,0.38347682,0.07837417,0.71603525,0.25332814,0.058631994,0.69731593,0.17574655,0.030903218,0.6840116,0.11395347,0.010011851,0.7509573,0.39860877,0.019133886,0.68697464,0.27129692,-0.020256305,0.62217337,0.2945139,-0.048531,0.5861063,0.33576924,-0.05935308,0.7612578,0.42023432,-0.04023847,0.7028134,0.29774523,-0.07288797,0.63811606,0.3231339,-0.081801504,0.6027262,0.37283784,-0.08215199,0.76091146,0.44997016,-0.09924689,0.711632,0.3505566,-0.11713377,0.65649146,0.3559999,-0.11793496,0.6213822,0.39046693,-0.11734094,D
0.77281576,0.7118607,1.3685626e-09,0.7146294,0.62535083,0.031757005,0.6856379,0.5248671,0.024278678,0.6600506,0.45622516,-0.0024793597,0.64548504,0.39624333,-0.03230354,0.76888937,0.3914938,0.052491713,0.7746376,0.26038438,0.025705516,0.76493967,0.1799419,-0.004591868,0.7609958,0.11616331,-0.025453981,0.796205,0.40986446,0.007787342,0.76784354,0.26975167,-0.03974849,0.7021212,0.2921738,-0.069275975,0.66326207,0.3405307,-0.07811728,0.8172815,0.43369013,-0.039003097,0.7887414,0.3010072,-0.07855297,0.7228602,0.32136407,-0.09055244,0.68600893,0.36925375,-0.08997275,0.8335163,0.46654186,-0.08742319,0.80595154,0.35644552,-0.109656386,0.75401276,0.35492304,-0.114043646,0.72046316,0.38573298,-0.114384554,D
0.75705254,0.6929446,2.4539357e-09,0.6992602,0.6054328,0.025730878,0.6670899,0.5029483,0.016474253,0.64185476,0.43192852,-0.011386518,0.6330473,0.37734818,-0.042119343,0.7614093,0.36953625,0.050790597,0.7611618,0.23767409,0.025159113,0.74865544,0.15812117,-0.0053908494,0.74167705,0.095071256,-0.02681307,0.7880913,0.38886762,0.008902002,0.7515748,0.25432894,-0.034890644,0.686243,0.27414042,-0.06583342,0.64765304,0.31599432,-0.07681348,0.80698216,0.41344523,-0.03564163,0.7710082,0.28158316,-0.07195983,0.7043499,0.29879555,-0.08692779,0.6656139,0.34384176,-0.089455366,0.8189157,0.44545454,-0.08228393,0.78732276,0.33403116,-0.10246759,0.73271555,0.32909155,-0.10833353,0.69541806,0.35659778,-0.110589795,D
0.70046353,0.6581944,6.3850987e-09,0.6390439,0.57277566,0.030513933,0.6042713,0.46490753,0.02816645,0.5748764,0.39197576,0.007253641,0.5584859,0.32953474,-0.016446514,0.6902938,0.34312114,0.05881251,0.68691075,0.21050997,0.038853996,0.67253685,0.12812325,0.01259735,0.66314733,0.06043768,-0.00641883,0.7146528,0.35268643,0.017606849,0.6800679,0.21697447,-0.017583642,0.62234515,0.22276591,-0.04591391,0.5872919,0.2539765,-0.057719465,0.73332256,0.36721298,-0.025847955,0.6984761,0.23305273,-0.057259932,0.63748634,0.24450952,-0.07193838,0.6023937,0.28493223,-0.075825505,0.74750125,0.38912606,-0.070932716,0.7166197,0.28014576,-0.08974744,0.6648921,0.26972598,-0.09627,0.6290155,0.29069507,-0.09953267,D
0.6111363,0.6767646,7.1402715e-09,0.544155,0.5861726,0.05062415,0.5086988,0.47874436,0.067399435,0.47956005,0.40700418,0.06297124,0.46696657,0.35046577,0.057356022,0.59629375,0.3541804,0.10830306,0.5932052,0.22996785,0.110666394,0.56418127,0.17291349,0.100044705,0.5447526,0.1375665,0.09123863,0.6169539,0.36121362,0.06506878,0.58438903,0.22795455,0.051072653,0.5222934,0.23569372,0.02712362,0.48604333,0.26892537,0.017893676,0.6344768,0.369829,0.02037355,0.6007903,0.24058144,0.004740072,0.53611577,0.25615057,-0.011910594,0.49943277,0.299252,-0.017333066,0.65000105,0.38448572,-0.023940863,0.61530566,0.28333554,-0.03136729,0.5596307,0.2807407,-0.036694527,0.5225288,0.30813807,-0.039117254,D
0.5469955,0.6843753,6.782416e-09,0.46993005,0.6036113,0.03179525,0.42699492,0.49443927,0.029340016,0.38767517,0.4216281,0.011181717,0.35449213,0.3638581,-0.009852606,0.5362156,0.35813627,0.036248844,0.504168,0.20981279,0.021654328,0.48295414,0.12145564,0.0007378246,0.468089,0.053554058,-0.015647959,0.55639976,0.36385047,-0.00095799257,0.46797264,0.250751,-0.025565099,0.3987332,0.27045083,-0.04270991,0.36122715,0.30721188,-0.050390724,0.55857193,0.37827584,-0.037925623,0.48036137,0.263236,-0.058529068,0.41728708,0.2841722,-0.066649914,0.38504866,0.32475746,-0.06988122,0.5447696,0.39894953,-0.07583906,0.4901304,0.30571288,-0.086253665,0.4458291,0.30407164,-0.08943019,0.4190998,0.32378703,-0.092668764,D
0.49233812,0.6937623,-3.8487054e-09,0.41277108,0.61509836,0.023911173,0.35714102,0.5084627,0.026390817,0.30850872,0.43650082,0.016989922,0.28099117,0.37768558,0.0074448064,0.46895832,0.35538566,0.048436455,0.42848492,0.21702765,0.04370654,0.40241486,0.1400533,0.031741094,0.38579553,0.08401841,0.023828957,0.48178682,0.35510504,0.025724772,0.37564987,0.25186938,0.014612116,0.3148227,0.3001953,0.008260578,0.2912168,0.35566068,0.009681738,0.47874734,0.3661341,0.0011627116,0.3923808,0.26320735,-0.008175804,0.3346178,0.30103523,-0.011011677,0.3069878,0.34137967,-0.0087944595,0.46606442,0.3853563,-0.024910472,0.43416524,0.2596761,-0.03571853,0.40890664,0.18703267,-0.04457496,0.39119443,0.12556899,-0.049921226,D
0.47097892,0.70793855,-1.6960786e-09,0.39337236,0.6379938,-0.019915668,0.33231786,0.5316546,-0.033250924,0.28564486,0.45231634,-0.04809635,0.2535125,0.38366985,-0.06086392,0.4309226,0.37498224,-0.00095211144,0.4072656,0.23047654,-0.014439916,0.3847261,0.15040031,-0.030015958,0.36569253,0.093820274,-0.03817641,0.44548258,0.37302214,0.0034169087,0.34879878,0.27247268,-0.018085267,0.2866578,0.31103545,-0.030817091,0.25521064,0.36044753,-0.03145312,0.4461336,0.38121435,0.005229097,0.36348218,0.28997648,-0.011274432,0.3067817,0.32175422,-0.020698031,0.27559516,0.35753793,-0.019961962,0.4429694,0.3948908,0.0029583655,0.40602618,0.27922308,-0.0052694026,0.37839037,0.21409227,-0.014745239,0.35767204,0.16018623,-0.019805571,D
0.4376792,0.7247969,-2.1800286e-09,0.34876502,0.63503045,0.05257539,0.29464346,0.5205185,0.05976022,0.2396217,0.45121756,0.047775675,0.20937869,0.39512938,0.03538569,0.4183074,0.3809603,0.06755599,0.37569475,0.23617809,0.056511883,0.34624594,0.15864328,0.043426476,0.32400015,0.10210127,0.034665037,0.43265796,0.39317933,0.02231578,0.30625042,0.2728235,-0.0055716066,0.24123454,0.32388407,-0.011920807,0.21314938,0.37821597,-0.0060461597,0.4285855,0.41413274,-0.02365966,0.33592057,0.27977914,-0.04658359,0.2746336,0.30442125,-0.04349124,0.2433109,0.33941433,-0.034437537,0.40654084,0.4435998,-0.06926344,0.36356255,0.32255644,-0.08494654,0.33486974,0.25818303,-0.08820998,0.31708723,0.20557474,-0.08862256,D
0.43604305,0.73530686,5.0921387e-09,0.3486527,0.65191984,0.03979047,0.290427,0.5376503,0.047840793,0.23858523,0.46365404,0.04085906,0.21114948,0.4099605,0.033336915,0.41003403,0.39868885,0.059332248,0.36358643,0.242599,0.05424396,0.33526683,0.15804383,0.04530918,0.31102395,0.096696585,0.038799193,0.42192644,0.41119,0.02424566,0.29506716,0.29122254,0.0019973041,0.23176372,0.33509785,-0.0028479954,0.20371848,0.38811216,0.0036919666,0.41568667,0.42969686,-0.011210598,0.3299901,0.2915669,-0.029188298,0.2724245,0.3074363,-0.027805535,0.24183977,0.3380584,-0.020482674,0.39248842,0.4549143,-0.047118798,0.33984378,0.3377164,-0.056569573,0.299718,0.2968353,-0.057807848,0.27223483,0.27120173,-0.05728456,D
0.41266015,0.76520586,-1.5069139e-09,0.3345888,0.6884342,0.03434326,0.28108612,0.57789564,0.029194338,0.23840076,0.5081262,0.006824704,0.21745792,0.451091,-0.015603178,0.38478017,0.4283035,0.045870163,0.35029355,0.28559434,0.024533618,0.32431352,0.20901385,0.0009150116,0.30422387,0.15549198,-0.015256134,0.4057554,0.4454714,0.0053534852,0.28631964,0.33889598,-0.036388755,0.21984103,0.38205212,-0.05721136,0.19071323,0.43643937,-0.060731277,0.40926036,0.47041866,-0.03586529,0.3109728,0.35973746,-0.065281406,0.2507714,0.39495483,-0.06811239,0.22262564,0.43529305,-0.06267923,0.40207452,0.49861503,-0.0783246,0.35795513,0.38699678,-0.09289255,0.33886406,0.3355954,-0.09501828,0.33087608,0.29125178,-0.09523314,D
0.41831756,0.82239556,1.1821208e-10,0.3355506,0.7513472,0.027020661,0.27448717,0.639939,0.015212368,0.21710578,0.5699819,-0.011077769,0.17931259,0.5130598,-0.03845453,0.3906592,0.48853853,0.021630978,0.34481582,0.33101034,-0.007428847,0.3167646,0.24774659,-0.033346836,0.29094797,0.189576,-0.051100403,0.4066601,0.50524575,-0.017406622,0.26674893,0.3884719,-0.07033068,0.19907701,0.4456914,-0.08857438,0.1691973,0.51246345,-0.08828719,0.4036899,0.53452075,-0.057452064,0.30849212,0.3944942,-0.09997294,0.25121722,0.412753,-0.10652863,0.22281319,0.4454785,-0.10206237,0.38716745,0.56813824,-0.09835466,0.34924835,0.4594402,-0.12542251,0.33477575,0.4094348,-0.13357653,0.32881367,0.36456537,-0.1370484,D
0.4140699,0.8615055,7.3253448e-09,0.33124787,0.7764235,0.03256144,0.26235318,0.67517895,0.026302753,0.20475352,0.60843384,0.003544474,0.19342601,0.5702902,-0.021608744,0.39567953,0.53085196,0.032853696,0.35084447,0.37713197,0.0152049055,0.3188753,0.28486094,-0.0043153344,0.28878298,0.22043777,-0.020584146,0.40064448,0.5483593,-0.012194043,0.27283707,0.41446036,-0.049718723,0.2092964,0.46349216,-0.06460796,0.18372302,0.52904165,-0.066111706,0.39229727,0.5752308,-0.057660453,0.3024184,0.44668263,-0.08703291,0.24710734,0.4818545,-0.09203046,0.21854228,0.5317346,-0.09028709,0.36791503,0.6118896,-0.104236014,0.2993493,0.5164084,-0.12250492,0.25401318,0.52592963,-0.12657271,0.22578827,0.54747343,-0.12870255,D
0.4172238,0.9012393,3.6357781e-09,0.3227028,0.8129632,0.05717586,0.2647005,0.71167433,0.05627279,0.2123507,0.64831233,0.032415666,0.18545668,0.61102873,0.0052819294,0.39414233,0.5583056,0.05968378,0.3498012,0.41856444,0.039931905,0.32047597,0.33212528,0.013869016,0.29403645,0.26979682,-0.006993471,0.40714258,0.5745936,5.457512e-05,0.28500974,0.45052314,-0.04004501,0.21617085,0.49603748,-0.06320612,0.18414149,0.5568034,-0.07100668,0.40272135,0.6039319,-0.058644615,0.30211243,0.49067745,-0.08869606,0.23780671,0.5315315,-0.094782904,0.20428912,0.58787,-0.094414674,0.378769,0.6459124,-0.116777785,0.30082628,0.5516365,-0.1332931,0.24777976,0.567381,-0.13442001,0.21559863,0.6011748,-0.13522854,D
0.4263688,0.92587125,1.0169382e-09,0.32981592,0.8086513,0.061881304,0.2807426,0.69539493,0.059601422,0.23745462,0.61095244,0.035093937,0.2131786,0.54657763,0.0076391464,0.409254,0.56054187,0.050853137,0.3570636,0.43397126,0.033028517,0.3285156,0.35522646,0.011832859,0.30401778,0.29641902,-0.0055370824,0.4234551,0.5801053,-0.010484684,0.29520577,0.47417796,-0.03913737,0.23637304,0.53439194,-0.049149074,0.21575281,0.5990248,-0.051746923,0.4164626,0.6174512,-0.07002563,0.30469394,0.5185396,-0.09262541,0.25075847,0.5681386,-0.08563589,0.23149791,0.62599754,-0.0800004,0.38942903,0.66917247,-0.12831472,0.3035255,0.57949704,-0.14111182,0.2552097,0.60360587,-0.13328432,0.23226179,0.64279443,-0.12897591,D
0.46128398,0.9103669,1.5662948e-09,0.36686373,0.79400194,0.054961286,0.32386982,0.6722017,0.04985789,0.2822623,0.58902514,0.02296219,0.23923,0.5147793,-0.0076994146,0.4416938,0.54601175,0.041771837,0.40598628,0.4226697,0.014722842,0.3807479,0.34525475,-0.015076905,0.36223948,0.2843419,-0.037454236,0.46620348,0.563271,-0.017560456,0.34782913,0.46356142,-0.057929248,0.2825991,0.5162422,-0.07815355,0.25775734,0.5799443,-0.08712837,0.4678598,0.6027849,-0.075601436,0.35498142,0.52162355,-0.10730012,0.2927588,0.56438977,-0.109258436,0.26681542,0.61906564,-0.1085574,0.45300084,0.6558535,-0.13312979,0.37217692,0.58601826,-0.1513199,0.31885758,0.59394985,-0.15054996,0.2882959,0.6175521,-0.15075108,D
0.5251196,0.80091155,-3.017154e-10,0.4443058,0.7110744,0.025965776,0.38575268,0.61165684,0.019557875,0.3326866,0.54719335,-0.00547072,0.29898217,0.48798487,-0.032397225,0.46881372,0.49344498,0.06340113,0.4670732,0.37800655,0.044361506,0.4530144,0.30632895,0.018093051,0.44062293,0.24719176,-0.00071155827,0.4986149,0.5056958,0.024195053,0.46590725,0.40116554,-0.0098908115,0.41311914,0.43959638,-0.03605953,0.3825739,0.49446768,-0.045427494,0.5238786,0.52659976,-0.018588113,0.4879431,0.42978656,-0.048104607,0.4335357,0.46816778,-0.060459834,0.40657604,0.5240081,-0.062195037,0.5438551,0.55702454,-0.06398087,0.50502604,0.4766916,-0.07814274,0.45967683,0.4974981,-0.08073569,0.437546,0.54159063,-0.08103323,D
0.56777775,0.76449955,-5.2926175e-10,0.50392264,0.6968831,0.015392499,0.45391443,0.61091125,0.002301265,0.41506296,0.5595191,-0.027426373,0.40018478,0.5161508,-0.059250485,0.5106983,0.46768296,0.03870864,0.5109727,0.34404117,0.010026228,0.5007677,0.2737654,-0.02035209,0.49437946,0.2203139,-0.040420398,0.54206914,0.48114368,0.003024531,0.5133051,0.36827832,-0.04609519,0.4631691,0.4175707,-0.07377032,0.4364367,0.48255232,-0.08018719,0.56909025,0.5021203,-0.036111683,0.5416668,0.3958166,-0.07586188,0.49087736,0.4456872,-0.08535058,0.4657513,0.50939226,-0.08194739,0.59373397,0.5319464,-0.07865452,0.5693991,0.43578792,-0.10118387,0.52797186,0.44180563,-0.10540939,0.5037301,0.47246355,-0.10475467,D
0.58269405,0.7528994,-6.8259726e-10,0.52683425,0.6834828,0.029100034,0.48800537,0.6031407,0.020262407,0.4563234,0.5461299,-0.006850013,0.4565087,0.4979333,-0.035061605,0.55585766,0.46723822,0.04833301,0.55968493,0.3387556,0.024230592,0.54259115,0.27897006,0.0028431257,0.53281313,0.23891276,-0.010493173,0.5819352,0.48069307,0.006708446,0.560787,0.3415501,-0.039866917,0.5002818,0.3779773,-0.06135088,0.4689169,0.43060052,-0.062033888,0.6048095,0.4976618,-0.037014402,0.5809434,0.36765075,-0.076390736,0.5223227,0.40187037,-0.08135635,0.49642342,0.4538209,-0.0731882,0.6249127,0.5268679,-0.08212375,0.5988325,0.4194356,-0.103426546,0.5507412,0.430853,-0.10285774,0.5269814,0.4701819,-0.097441465,D
0.60005176,0.7572122,1.351986e-09,0.54341686,0.6805006,0.029752946,0.5058148,0.5845217,0.026345119,0.47934178,0.5187284,0.005627887,0.48045456,0.46954122,-0.016601564,0.5699214,0.4674111,0.053460047,0.5816889,0.3429256,0.03480597,0.57199186,0.27604818,0.014731102,0.5670733,0.22785252,0.0018556642,0.59493196,0.4776602,0.015323038,0.5733586,0.34598908,-0.022337997,0.51503867,0.37184185,-0.043424577,0.48190627,0.42095438,-0.046302278,0.61834496,0.4918293,-0.024465337,0.5953934,0.367481,-0.056307,0.53898233,0.3938763,-0.063910134,0.5092159,0.4441783,-0.059738122,0.642355,0.5154967,-0.06561018,0.6179669,0.41310197,-0.081492715,0.5716227,0.41694352,-0.08219947,0.5428073,0.45086887,-0.079279564,D
0.6169442,0.7495129,2.6375755e-09,0.5662276,0.6745812,0.015154605,0.52568865,0.5779704,0.0058986074,0.4984775,0.5075437,-0.01881674,0.5117047,0.46043754,-0.044648264,0.5944458,0.46640125,0.045259986,0.60302866,0.33643052,0.023711143,0.59828806,0.26270264,0.00031173788,0.5975057,0.20611888,-0.015309634,0.62067884,0.47687292,0.013123043,0.5949809,0.34715116,-0.027277915,0.54114556,0.37512833,-0.051445805,0.51172507,0.42086104,-0.05600944,0.64458394,0.49174055,-0.022385444,0.6220347,0.36854917,-0.055524178,0.5695715,0.39714468,-0.06546781,0.543062,0.44577792,-0.06269907,0.6672247,0.5170775,-0.060828242,0.64657843,0.40821457,-0.078350365,0.6025963,0.40808463,-0.08211564,0.574967,0.43736076,-0.08130193,D
0.63537604,0.73583275,2.5486908e-09,0.58042717,0.6656904,0.010033566,0.53902864,0.5748049,0.00030650647,0.51146954,0.50756866,-0.023100715,0.5154153,0.4628966,-0.04728075,0.6113951,0.45491207,0.040228408,0.6185865,0.3282832,0.01863038,0.6129428,0.25795776,-0.003834875,0.6112782,0.20434749,-0.018358242,0.6398519,0.46663702,0.011600628,0.6253977,0.33185,-0.02781016,0.5744978,0.35663283,-0.05081423,0.54616886,0.40347874,-0.054664873,0.6646488,0.4829489,-0.02071938,0.65063226,0.3557474,-0.054060366,0.5977308,0.3793298,-0.06423718,0.56999964,0.4259741,-0.061308365,0.68737525,0.5096913,-0.0562615,0.6711487,0.40103346,-0.07442032,0.6258269,0.39828324,-0.0786271,0.59707576,0.4267962,-0.077861935,D
0.6480801,0.7369554,1.9097395e-09,0.5953143,0.6615019,0.021702921,0.5608557,0.57065034,0.015483105,0.5292097,0.50709367,-0.0065030647,0.5189537,0.45617607,-0.03007568,0.6271853,0.4508202,0.04696443,0.6356092,0.3226139,0.026211506,0.62922156,0.25107178,0.0037993153,0.62659883,0.19674537,-0.01074115,0.6529735,0.4614435,0.013229804,0.6350317,0.32714325,-0.026024591,0.58555824,0.34998965,-0.048569348,0.55872846,0.39765888,-0.052309826,0.67724305,0.47690997,-0.0229514,0.6603929,0.3489907,-0.055270456,0.6091483,0.37484807,-0.062603675,0.58347785,0.42668182,-0.05837524,0.70061445,0.50298387,-0.06144345,0.68354166,0.39425942,-0.07838919,0.63847446,0.3939431,-0.08032515,0.61016715,0.42710388,-0.07817361,D
0.6494939,0.7282867,1.1540744e-09,0.6027502,0.6599916,0.0021691616,0.56885225,0.5731085,-0.0142322555,0.5374691,0.5079855,-0.04284123,0.5255873,0.45127803,-0.072132155,0.6350326,0.44768375,0.02755309,0.64333177,0.31823796,0.0026841653,0.6367163,0.24846171,-0.020793708,0.63355654,0.19592926,-0.035661872,0.66191405,0.4589943,0.0020673114,0.64376014,0.32310316,-0.04178314,0.5914685,0.3546966,-0.06468537,0.563231,0.40503788,-0.067367844,0.68565583,0.47468558,-0.02725674,0.6691818,0.34679532,-0.06365383,0.61707556,0.375892,-0.07315955,0.5914421,0.42504162,-0.069142155,0.7075428,0.5020962,-0.060195222,0.69252175,0.3921817,-0.07965787,0.64818585,0.39188588,-0.08375109,0.6204745,0.42206356,-0.0824554,D
0.649579,0.71650875,2.5713782e-09,0.5951349,0.64778197,0.016198002,0.55620015,0.5604369,0.0091245,0.528411,0.4965878,-0.013302445,0.5297488,0.44966558,-0.036959115,0.6294455,0.44075137,0.050243873,0.6358018,0.31718177,0.03028376,0.6271357,0.24943545,0.0075155417,0.62187403,0.1991933,-0.0074359686,0.6556345,0.45019132,0.018950213,0.6355016,0.32173175,-0.021301955,0.5857144,0.3523306,-0.04643285,0.5594623,0.40385944,-0.051020104,0.67967206,0.46406648,-0.015566495,0.66028166,0.34269425,-0.04925959,0.60761225,0.37604135,-0.06003523,0.58145875,0.4301504,-0.057195712,0.7033471,0.4883692,-0.05274424,0.6864916,0.3819946,-0.070729874,0.6411824,0.38247356,-0.07506932,0.6122814,0.4132887,-0.07428929,D
0.64607716,0.71301633,2.7216915e-09,0.59148526,0.6473624,0.010488392,0.5515358,0.55634534,0.002406239,0.52705157,0.48725873,-0.01926996,0.536196,0.4445243,-0.041810468,0.6218095,0.44050643,0.04090269,0.62663805,0.31353584,0.020345472,0.6183917,0.24405965,-0.0010336246,0.61439806,0.19261917,-0.014773091,0.6482471,0.4499731,0.012965271,0.6292559,0.31761354,-0.026979094,0.58038574,0.3486496,-0.049581196,0.5559127,0.4006057,-0.052354377,0.67231333,0.46455592,-0.018423438,0.65594065,0.34057513,-0.052087724,0.6038605,0.3712046,-0.061615676,0.5789024,0.42236507,-0.057688013,0.6961013,0.49029183,-0.05282466,0.6817726,0.38128388,-0.0714736,0.635651,0.38003957,-0.07568519,0.606621,0.40953395,-0.074524194,D
